00:00 +0: loading /home/runner/work/E-Track/E-Track/app/bluetooth_flutter_Trace/test/ota/bluetooth_service_observation_scan_test.dart
00:00 +0: /home/runner/work/E-Track/E-Track/app/bluetooth_flutter_Trace/test/ota/bluetooth_service_observation_scan_test.dart: 适配器 on 但平台拒绝启动：scan_not_started，不与未见目标混淆
Mobile蓝牙扫描已启动
Mobile蓝牙扫描启动失败: Bad state: platform refused
开始扫描失败: Binding has not yet been initialized.
The "instance" getter on the WidgetsBinding binding mixin is only available once that binding has been initialized.
Typically, this is done by calling "WidgetsFlutterBinding.ensureInitialized()" or "runApp()" (the latter calls the former). Typically this call is done in the "void main()" method. The "ensureInitialized" method is idempotent; calling it multiple times is not harmful. After calling that method, the "instance" getter will return the binding.
In a test, one can call "TestWidgetsFlutterBinding.ensureInitialized()" as the first line in the test's "main()" method to initialize the binding.
If WidgetsBinding is a custom binding mixin, there must also be a custom binding class, like WidgetsFlutterBinding, but that mixes in the selected binding, and that is the class that must be constructed before using the "instance" getter.
00:00 +1: /home/runner/work/E-Track/E-Track/app/bluetooth_flutter_Trace/test/ota/bluetooth_service_observation_scan_test.dart: 扫描中流报错：scan_stream_error 经真实 onError 接线通知观测器
Mobile蓝牙扫描已启动
Mobile蓝牙扫描正常启动
扫描结果监听失败: Bad state: bt stack died
蓝牙扫描已停止
00:00 +2: /home/runner/work/E-Track/E-Track/app/bluetooth_flutter_Trace/test/ota/bluetooth_service_observation_scan_test.dart: 正常空扫描：窗口到期 target_not_seen，不与启动失败混淆
Mobile蓝牙扫描已启动
Mobile蓝牙扫描正常启动
蓝牙扫描已停止
00:00 +3: /home/runner/work/E-Track/E-Track/app/bluetooth_flutter_Trace/test/ota/bluetooth_service_observation_scan_test.dart: 扫描批次经真实接线转成 ObservedAdvertisement（含目标匹配）
Mobile蓝牙扫描已启动
Mobile蓝牙扫描正常启动
蓝牙扫描已停止
00:00 +4: loading /home/runner/work/E-Track/E-Track/app/bluetooth_flutter_Trace/test/ota/ota_download_test.dart
00:01 +4: /home/runner/work/E-Track/E-Track/app/bluetooth_flutter_Trace/test/ota/ota_download_test.dart: 完整下载 200 全量下载 + 长度/SHA 校验 + 原子 rename
00:01 +5: /home/runner/work/E-Track/E-Track/app/bluetooth_flutter_Trace/test/ota/ota_download_test.dart: 完整下载 进度回调收到 received/total
00:01 +6: /home/runner/work/E-Track/E-Track/app/bluetooth_flutter_Trace/test/ota/ota_download_test.dart: 续传 已有 partial：发 Range bytes=N-，206 增量追加
00:01 +7: /home/runner/work/E-Track/E-Track/app/bluetooth_flutter_Trace/test/ota/ota_download_test.dart: 续传 localPartSize == sizeBytes：不发 Range，先整文件校验
00:01 +8: /home/runner/work/E-Track/E-Track/app/bluetooth_flutter_Trace/test/ota/ota_download_test.dart: 续传 sidecar 身份漂移（不同 sha）：作废旧 partial 从零开始
00:01 +9: /home/runner/work/E-Track/E-Track/app/bluetooth_flutter_Trace/test/ota/ota_download_test.dart: 校验失败 fail closed 本地 partial 长度==sizeBytes 但字节损坏：删 partial 并抛 LOCAL_CORRUPT（合同 :274 重新 latest，不沿旧 URL 重下）
00:01 +10: /home/runner/work/E-Track/E-Track/app/bluetooth_flutter_Trace/test/ota/ota_download_test.dart: 校验失败 fail closed localPartSize > sizeBytes：删 partial 并抛 LOCAL_CORRUPT（合同 :275）
00:01 +11: /home/runner/work/E-Track/E-Track/app/bluetooth_flutter_Trace/test/ota/ota_download_test.dart: 24 小时清理 超时 partial 与 sidecar 被清理；新鲜 partial 保留
00:01 +12: /home/runner/work/E-Track/E-Track/app/bluetooth_flutter_Trace/test/ota/ota_download_test.dart: 24 小时清理 孤儿 partial（无 sidecar）被清理
00:01 +13: /home/runner/work/E-Track/E-Track/app/bluetooth_flutter_Trace/test/ota/ota_download_test.dart: 24 小时清理 孤儿 sidecar（无 .part）与 .tmp 残留被清理
00:01 +14: /home/runner/work/E-Track/E-Track/app/bluetooth_flutter_Trace/test/ota/ota_download_test.dart: PR13 续传响应头校验（fail closed） 206 缺 Accept-Ranges 头：作废 partial 从零重下后成功
00:01 +15: /home/runner/work/E-Track/E-Track/app/bluetooth_flutter_Trace/test/ota/ota_download_test.dart: PR13 续传响应头校验（fail closed） 206 Content-Range 区间不符：作废 partial 从零重下后成功
00:01 +16: /home/runner/work/E-Track/E-Track/app/bluetooth_flutter_Trace/test/ota/ota_download_test.dart: PR13 续传响应头校验（fail closed） 206 无强 ETag（If-Range 已发）：作废 partial 从零重下后成功
00:01 +17: /home/runner/work/E-Track/E-Track/app/bluetooth_flutter_Trace/test/ota/ota_download_test.dart: PR13 续传响应头校验（fail closed） 未请求区间却返回 206：作废后仍强制 206 → RESUME_PROTOCOL
00:01 +18: /home/runner/work/E-Track/E-Track/app/bluetooth_flutter_Trace/test/ota/ota_download_test.dart: PR13 续传响应头校验（fail closed） 416：删除 partial 并抛 RANGE_AT_END（上层重新 latest）
00:01 +19: /home/runner/work/E-Track/E-Track/app/bluetooth_flutter_Trace/test/ota/ota_download_test.dart: PR13 续传响应头校验（fail closed） 401 body TOKEN_EXPIRED：抛 URL_EXPIRED（RC2-11 分流）
00:01 +20: /home/runner/work/E-Track/E-Track/app/bluetooth_flutter_Trace/test/ota/ota_download_test.dart: PR13 续传响应头校验（fail closed） 409 ASSET_ARCHIVED：抛 ASSET_CONFLICT（重新 latest 触发器）
00:01 +21: /home/runner/work/E-Track/E-Track/app/bluetooth_flutter_Trace/test/ota/ota_download_test.dart: PR13 续传响应头校验（fail closed） 200 Content-Length 与清单不符：抛 RESUME_PROTOCOL
00:01 +22: /home/runner/work/E-Track/E-Track/app/bluetooth_flutter_Trace/test/ota/ota_download_test.dart: Content-Digest 交叉核对（RFC 9530） 正确的 sha-256 digest：下载成功
00:01 +23: /home/runner/work/E-Track/E-Track/app/bluetooth_flutter_Trace/test/ota/ota_download_test.dart: Content-Digest 交叉核对（RFC 9530） 错误的 digest：抛 DIGEST_MISMATCH
00:01 +24: /home/runner/work/E-Track/E-Track/app/bluetooth_flutter_Trace/test/ota/ota_download_test.dart: Content-Digest 交叉核对（RFC 9530） 非法 digest 格式（无 sha-256 项）：RESUME_PROTOCOL（RC2-11）
00:01 +25: /home/runner/work/E-Track/E-Track/app/bluetooth_flutter_Trace/test/ota/ota_download_test.dart: RC2 状态分类与响应模式归一 401 TOKEN_INVALID：URL_EXPIRED 且 partial 保留供重新签发后续传
00:01 +26: /home/runner/work/E-Track/E-Track/app/bluetooth_flutter_Trace/test/ota/ota_download_test.dart: RC2 状态分类与响应模式归一 401 未知 errorCode：HTTP_STATUS fail closed
00:01 +27: /home/runner/work/E-Track/E-Track/app/bluetooth_flutter_Trace/test/ota/ota_download_test.dart: RC2 状态分类与响应模式归一 401 空 body：HTTP_STATUS fail closed
00:01 +28: /home/runner/work/E-Track/E-Track/app/bluetooth_flutter_Trace/test/ota/ota_download_test.dart: RC2 状态分类与响应模式归一 410 ASSET_DISABLED：URL_EXPIRED 且 partial 删除（本地 metadata 作废）
00:01 +29: /home/runner/work/E-Track/E-Track/app/bluetooth_flutter_Trace/test/ota/ota_download_test.dart: RC2 状态分类与响应模式归一 409 ASSET_ARCHIVED：ASSET_CONFLICT 且 partial 保留
00:01 +30: /home/runner/work/E-Track/E-Track/app/bluetooth_flutter_Trace/test/ota/ota_download_test.dart: RC2 状态分类与响应模式归一 If-Range 失配回退 200 完整 body：截断旧 partial 重下成功（RC2-10：期望剩余量在归一后计算）
00:01 +31: /home/runner/work/E-Track/E-Track/app/bluetooth_flutter_Trace/test/ota/ota_download_test.dart: RC3-10/11 看码分流与资源释放 409/410 空错误体：HTTP_STATUS fail closed，不猜测刷新、partial 保留（看码分流）
00:01 +32: /home/runner/work/E-Track/E-Track/app/bluetooth_flutter_Trace/test/ota/ota_download_test.dart: RC3-10/11 看码分流与资源释放 400/426 非受控状态：Dio badResponse 统一转换 HTTP_STATUS（RC3-10）
00:01 +33: /home/runner/work/E-Track/E-Track/app/bluetooth_flutter_Trace/test/ota/ota_download_test.dart: RC3-10/11 看码分流与资源释放 401 错误体超 64KB：有界读取按裸状态码 fail closed，不按前缀猜 TOKEN_*（RC3-11）
00:01 +34: /home/runner/work/E-Track/E-Track/app/bluetooth_flutter_Trace/test/ota/ota_download_test.dart: RC3-10/11 看码分流与资源释放 sidecar 强 ETag 内部未转义引号：不信任续传身份，从零重下（RC3-11 sidecar 侧校验）
00:01 +35: /home/runner/work/E-Track/E-Track/app/bluetooth_flutter_Trace/test/ota/ota_download_test.dart: RC3-10/11 看码分流与资源释放 206 响应 ETag 内部未转义引号：强校验拒绝 → 作废 partial 从零重下（RC3-11 响应侧校验）
00:01 +36: /home/runner/work/E-Track/E-Track/app/bluetooth_flutter_Trace/test/ota/ota_download_test.dart: RC3-10/11 看码分流与资源释放 早退路径有界 drain：Content-Length 不符只消费 ≤64KB+1 片，不以整流排空为代价（RC3-11）
00:01 +37: /home/runner/work/E-Track/E-Track/app/bluetooth_flutter_Trace/test/ota/ota_download_test.dart: RC3-10/11 看码分流与资源释放 首块正文停滞：包装流空闲超时兜底，不无限挂起（RC3-11⑤）
00:02 +38: /home/runner/work/E-Track/E-Track/app/bluetooth_flutter_Trace/test/ota/ota_download_test.dart: RC3-10/11 看码分流与资源释放 首个 206 头违规：旧响应被真正中止，且从零重下仍成功（RC3-11⑤ attempt token）
00:02 +39: /home/runner/work/E-Track/E-Track/app/bluetooth_flutter_Trace/test/ota/ota_download_test.dart: RC3-10/11 看码分流与资源释放 错误体零事件停滞：空闲超时兜底并中止上游，不无限挂起（RC3-11⑥）
00:02 +40: /home/runner/work/E-Track/E-Track/app/bluetooth_flutter_Trace/test/ota/ota_download_test.dart: RC3-10/11 看码分流与资源释放 无在途下载时 cancel：既有 partial/sidecar 照常删除（RC3-05⑥）
00:02 +41: /home/runner/work/E-Track/E-Track/app/bluetooth_flutter_Trace/test/ota/ota_download_test.dart: RC3-10/11 看码分流与资源释放 无在途下载时 cancel(keepPartial)：字节保留供续传（RC3-05⑥）
00:02 +42: /home/runner/work/E-Track/E-Track/app/bluetooth_flutter_Trace/test/ota/ota_download_test.dart: RC3-10/11 看码分流与资源释放 body 传输中取消：等在途写盘方退出后再删 partial（RC3-05）
00:02 +43: /home/runner/work/E-Track/E-Track/app/bluetooth_flutter_Trace/test/ota/ota_download_test.dart: RC3-10/11 看码分流与资源释放 在途未退出：cancel 超时不抢删，写盘方退出后补删（RC3-02/05）
00:07 +44: /home/runner/work/E-Track/E-Track/app/bluetooth_flutter_Trace/test/ota/ota_download_test.dart: RC3-10/11 看码分流与资源释放 清理的删除边界复核归属：新 attempt 接管的同名文件不被旧清理删掉（RC3-04/05）
00:12 +45: /home/runner/work/E-Track/E-Track/app/bluetooth_flutter_Trace/test/ota/ota_download_test.dart: RC3-10/11 看码分流与资源释放 Content-Digest 重复 sha-256 项：RESUME_PROTOCOL（RFC 9530 唯一项）
00:12 +46: /home/runner/work/E-Track/E-Track/app/bluetooth_flutter_Trace/test/ota/ota_download_test.dart: RC3-10/11 看码分流与资源释放 Content-Digest 非规范 base64（长度不足）：RESUME_PROTOCOL
00:12 +47: loading /home/runner/work/E-Track/E-Track/app/bluetooth_flutter_Trace/test/ota/share_links_latest_query_test.dart
00:12 +47: /home/runner/work/E-Track/E-Track/app/bluetooth_flutter_Trace/test/ota/share_links_latest_query_test.dart: ShareLinks.firmwareLatestQuery（正向） 全参数生成 10 个 query 项
00:12 +48: /home/runner/work/E-Track/E-Track/app/bluetooth_flutter_Trace/test/ota/share_links_latest_query_test.dart: ShareLinks.firmwareLatestQuery（正向） channel 覆盖
00:12 +49: /home/runner/work/E-Track/E-Track/app/bluetooth_flutter_Trace/test/ota/share_links_latest_query_test.dart: ShareLinks.firmwareLatestQuery（负例） deviceModel 为空拒绝
00:12 +50: /home/runner/work/E-Track/E-Track/app/bluetooth_flutter_Trace/test/ota/share_links_latest_query_test.dart: ShareLinks.firmwareLatestQuery（负例） currentVersionCode 负数拒绝
00:12 +51: /home/runner/work/E-Track/E-Track/app/bluetooth_flutter_Trace/test/ota/share_links_latest_query_test.dart: ShareLinks.firmwareLatestQuery（负例） currentImageSha 大写/短/长/非 hex 拒绝
00:12 +52: /home/runner/work/E-Track/E-Track/app/bluetooth_flutter_Trace/test/ota/share_links_latest_query_test.dart: ShareLinks.firmwareLatestQuery（负例） hardwareRevision 负数拒绝
00:12 +53: /home/runner/work/E-Track/E-Track/app/bluetooth_flutter_Trace/test/ota/share_links_latest_query_test.dart: ShareLinks.firmwareLatestQuery（负例） layoutId/bootVersion/protocolVersion 超 0..255 拒绝
00:12 +54: /home/runner/work/E-Track/E-Track/app/bluetooth_flutter_Trace/test/ota/share_links_latest_query_test.dart: ShareLinks.firmwareLatestQuery（负例） appVersionCode 超 0..2100000000 拒绝
00:12 +55: /home/runner/work/E-Track/E-Track/app/bluetooth_flutter_Trace/test/ota/share_links_latest_query_test.dart: ShareLinks.firmwareLatestQuery（负例） channel 非 stable/beta 拒绝
00:12 +56: loading /home/runner/work/E-Track/E-Track/app/bluetooth_flutter_Trace/test/ota/ota_ble_codec_test.dart
00:13 +56: /home/runner/work/E-Track/E-Track/app/bluetooth_flutter_Trace/test/ota/ota_ble_codec_test.dart: OtaBleCodec.crc16（CRC16-CCITT-FALSE） 空输入 = 0xFFFF（初值）
00:13 +57: /home/runner/work/E-Track/E-Track/app/bluetooth_flutter_Trace/test/ota/ota_ble_codec_test.dart: OtaBleCodec.crc16（CRC16-CCITT-FALSE） 公开向量 "123456789" = 0x29B1
00:13 +58: /home/runner/work/E-Track/E-Track/app/bluetooth_flutter_Trace/test/ota/ota_ble_codec_test.dart: OtaBleCodec.crc16（CRC16-CCITT-FALSE） 单字节 0x00 序列稳定
00:13 +59: /home/runner/work/E-Track/E-Track/app/bluetooth_flutter_Trace/test/ota/ota_ble_codec_test.dart: OtaBleCodec.seqCompare（16bit 回绕） 普通差
00:13 +60: /home/runner/work/E-Track/E-Track/app/bluetooth_flutter_Trace/test/ota/ota_ble_codec_test.dart: OtaBleCodec.seqCompare（16bit 回绕） 回绕：0 与 0xFFFF 相差 1
00:13 +61: /home/runner/work/E-Track/E-Track/app/bluetooth_flutter_Trace/test/ota/ota_ble_codec_test.dart: OtaBleCodec.encodeCommand / decodeFrame 编解码往返：字段与 CRC 一致
00:13 +62: /home/runner/work/E-Track/E-Track/app/bluetooth_flutter_Trace/test/ota/ota_ble_codec_test.dart: OtaBleCodec.encodeCommand / decodeFrame CRC 损坏必须拒绝
00:13 +63: /home/runner/work/E-Track/E-Track/app/bluetooth_flutter_Trace/test/ota/ota_ble_codec_test.dart: OtaBleCodec.encodeCommand / decodeFrame sync 字非法必须拒绝
00:13 +64: /home/runner/work/E-Track/E-Track/app/bluetooth_flutter_Trace/test/ota/ota_ble_codec_test.dart: OtaBleCodec.encodeCommand / decodeFrame 长度不符必须拒绝
00:13 +65: /home/runner/work/E-Track/E-Track/app/bluetooth_flutter_Trace/test/ota/ota_ble_codec_test.dart: OtaBleCodec payload 编码 BEGIN payload：101B、proto_ver=1、字段位置
00:13 +66: /home/runner/work/E-Track/E-Track/app/bluetooth_flutter_Trace/test/ota/ota_ble_codec_test.dart: OtaBleCodec payload 编码 BEGIN payload：sha/etu 长度非法必须拒绝
00:13 +67: /home/runner/work/E-Track/E-Track/app/bluetooth_flutter_Trace/test/ota/ota_ble_codec_test.dart: OtaBleCodec payload 编码 DATA payload：off 对齐与 128B 约束
00:13 +68: /home/runner/work/E-Track/E-Track/app/bluetooth_flutter_Trace/test/ota/ota_ble_codec_test.dart: OtaBleCodec payload 编码 END payload：32B sha 复述
00:13 +69: /home/runner/work/E-Track/E-Track/app/bluetooth_flutter_Trace/test/ota/ota_ble_codec_test.dart: OtaInfoPayload.parse 合法 50B：字段逐位正确
00:13 +70: /home/runner/work/E-Track/E-Track/app/bluetooth_flutter_Trace/test/ota/ota_ble_codec_test.dart: OtaInfoPayload.parse 长度非 50B 必须拒绝
00:13 +71: /home/runner/work/E-Track/E-Track/app/bluetooth_flutter_Trace/test/ota/ota_ble_codec_test.dart: OtaInfoPayload.parse proto_ver != 1 必须拒绝
00:13 +72: /home/runner/work/E-Track/E-Track/app/bluetooth_flutter_Trace/test/ota/ota_ble_codec_test.dart: OtaInfoPayload.parse max_window_segs = 0 必须拒绝
00:13 +73: /home/runner/work/E-Track/E-Track/app/bluetooth_flutter_Trace/test/ota/ota_ble_codec_test.dart: OtaAckPayload.parse BEGIN ACK 10B：status/session/durable/bitmap
00:13 +74: /home/runner/work/E-Track/E-Track/app/bluetooth_flutter_Trace/test/ota/ota_ble_codec_test.dart: OtaAckPayload.parse 普通 ACK 9B：无 session 字段（status+durable4B LE+bitmap4B LE）
00:13 +75: /home/runner/work/E-Track/E-Track/app/bluetooth_flutter_Trace/test/ota/ota_ble_codec_test.dart: OtaAckPayload.parse 未知 status 必须拒绝（fail closed）
00:13 +76: /home/runner/work/E-Track/E-Track/app/bluetooth_flutter_Trace/test/ota/ota_ble_codec_test.dart: OtaAckPayload.parse 长度不符必须拒绝
00:13 +77: /home/runner/work/E-Track/E-Track/app/bluetooth_flutter_Trace/test/ota/ota_ble_codec_test.dart: modelHexLower 小写 hex 输出
00:13 +78: loading /home/runner/work/E-Track/E-Track/app/bluetooth_flutter_Trace/test/ota/ota_firmware_latest_test.dart
00:14 +78: /home/runner/work/E-Track/E-Track/app/bluetooth_flutter_Trace/test/ota/ota_firmware_latest_test.dart: FirmwareLatestInfo.parse（正向） 完整 patch 响应：全字段
00:14 +79: /home/runner/work/E-Track/E-Track/app/bluetooth_flutter_Trace/test/ota/ota_firmware_latest_test.dart: FirmwareLatestInfo.parse（正向） full 资产：baseVersionCode=0、baseImageSha256=null
00:14 +80: /home/runner/work/E-Track/E-Track/app/bluetooth_flutter_Trace/test/ota/ota_firmware_latest_test.dart: FirmwareLatestInfo.parse（正向） NO_UPDATE：HTTP 200 业务结果（合同精简体，无回显字段）
00:14 +81: /home/runner/work/E-Track/E-Track/app/bluetooth_flutter_Trace/test/ota/ota_firmware_latest_test.dart: FirmwareLatestInfo.parse（正向） CHANNEL_STOPPED：可附维护消息
00:14 +82: /home/runner/work/E-Track/E-Track/app/bluetooth_flutter_Trace/test/ota/ota_firmware_latest_test.dart: FirmwareLatestInfo.parse（正向） 固件 versionCode u32 上界 4294967295 通过（RC2-02）
00:14 +83: /home/runner/work/E-Track/E-Track/app/bluetooth_flutter_Trace/test/ota/ota_firmware_latest_test.dart: FirmwareLatestInfo.parse（正向） asset.baseVersionCode u32 上界 4294967295 通过（RC2-02）
00:14 +84: /home/runner/work/E-Track/E-Track/app/bluetooth_flutter_Trace/test/ota/ota_firmware_latest_test.dart: FirmwareLatestInfo.parse（正向） 未知可选字段被忽略（同 major 兼容）
00:14 +85: /home/runner/work/E-Track/E-Track/app/bluetooth_flutter_Trace/test/ota/ota_firmware_latest_test.dart: FirmwareLatestInfo.parse（负例 fail closed） 未知 schema major 拒绝
00:14 +86: /home/runner/work/E-Track/E-Track/app/bluetooth_flutter_Trace/test/ota/ota_firmware_latest_test.dart: FirmwareLatestInfo.parse（负例 fail closed） updateAvailable=true 但缺 required 字段拒绝
00:14 +87: /home/runner/work/E-Track/E-Track/app/bluetooth_flutter_Trace/test/ota/ota_firmware_latest_test.dart: FirmwareLatestInfo.parse（负例 fail closed） updateAvailable=false 但 errorCode 未知拒绝
00:14 +88: /home/runner/work/E-Track/E-Track/app/bluetooth_flutter_Trace/test/ota/ota_firmware_latest_test.dart: FirmwareLatestInfo.parse（负例 fail closed） recovery 资产拒绝（公开 latest 不得返回）
00:14 +89: /home/runner/work/E-Track/E-Track/app/bluetooth_flutter_Trace/test/ota/ota_firmware_latest_test.dart: FirmwareLatestInfo.parse（负例 fail closed） 未知 asset.kind 拒绝
00:14 +90: /home/runner/work/E-Track/E-Track/app/bluetooth_flutter_Trace/test/ota/ota_firmware_latest_test.dart: FirmwareLatestInfo.parse（负例 fail closed） full 但 baseVersionCode != 0 拒绝
00:14 +91: /home/runner/work/E-Track/E-Track/app/bluetooth_flutter_Trace/test/ota/ota_firmware_latest_test.dart: FirmwareLatestInfo.parse（负例 fail closed） patch 但 baseImageSha256 缺失拒绝
00:14 +92: /home/runner/work/E-Track/E-Track/app/bluetooth_flutter_Trace/test/ota/ota_firmware_latest_test.dart: FirmwareLatestInfo.parse（负例 fail closed） sha256 非法（大写/短）拒绝
00:14 +93: /home/runner/work/E-Track/E-Track/app/bluetooth_flutter_Trace/test/ota/ota_firmware_latest_test.dart: FirmwareLatestInfo.parse（负例 fail closed） sizeBytes 非正拒绝
00:14 +94: /home/runner/work/E-Track/E-Track/app/bluetooth_flutter_Trace/test/ota/ota_firmware_latest_test.dart: FirmwareLatestInfo.parse（负例 fail closed） minAppVersionCode 超范围拒绝
00:14 +95: /home/runner/work/E-Track/E-Track/app/bluetooth_flutter_Trace/test/ota/ota_firmware_latest_test.dart: FirmwareLatestInfo.parse（PR14 回显与资产校验负例） updateAvailable=false 缺 errorCode 键拒绝
00:14 +96: /home/runner/work/E-Track/E-Track/app/bluetooth_flutter_Trace/test/ota/ota_firmware_latest_test.dart: FirmwareLatestInfo.parse（PR14 回显与资产校验负例） updateAvailable=true 携带 errorCode 拒绝
00:14 +97: /home/runner/work/E-Track/E-Track/app/bluetooth_flutter_Trace/test/ota/ota_firmware_latest_test.dart: FirmwareLatestInfo.parse（PR14 回显与资产校验负例） appId 回显不符拒绝
00:14 +98: /home/runner/work/E-Track/E-Track/app/bluetooth_flutter_Trace/test/ota/ota_firmware_latest_test.dart: FirmwareLatestInfo.parse（PR14 回显与资产校验负例） deviceModel 回显不符拒绝（expectedDeviceModel）
00:14 +99: /home/runner/work/E-Track/E-Track/app/bluetooth_flutter_Trace/test/ota/ota_firmware_latest_test.dart: FirmwareLatestInfo.parse（PR14 回显与资产校验负例） deviceModel 回显一致通过（expectedDeviceModel）
00:14 +100: /home/runner/work/E-Track/E-Track/app/bluetooth_flutter_Trace/test/ota/ota_firmware_latest_test.dart: FirmwareLatestInfo.parse（PR14 回显与资产校验负例） channel 非法拒绝
00:14 +101: /home/runner/work/E-Track/E-Track/app/bluetooth_flutter_Trace/test/ota/ota_firmware_latest_test.dart: FirmwareLatestInfo.parse（PR14 回显与资产校验负例） transport 非 ble 拒绝
00:14 +102: /home/runner/work/E-Track/E-Track/app/bluetooth_flutter_Trace/test/ota/ota_firmware_latest_test.dart: FirmwareLatestInfo.parse（PR14 回显与资产校验负例） versionCode 超 u32（4294967296）拒绝（RC2-02：固件域非 App 域）
00:14 +103: /home/runner/work/E-Track/E-Track/app/bluetooth_flutter_Trace/test/ota/ota_firmware_latest_test.dart: FirmwareLatestInfo.parse（PR14 回显与资产校验负例） channel 回显不符拒绝（expectedChannel）
00:14 +104: /home/runner/work/E-Track/E-Track/app/bluetooth_flutter_Trace/test/ota/ota_firmware_latest_test.dart: FirmwareLatestInfo.parse（PR14 回显与资产校验负例） channel 回显一致通过（expectedChannel）
00:14 +105: /home/runner/work/E-Track/E-Track/app/bluetooth_flutter_Trace/test/ota/ota_firmware_latest_test.dart: FirmwareLatestInfo.parse（PR14 回显与资产校验负例） targetHardware 缺失拒绝
00:14 +106: /home/runner/work/E-Track/E-Track/app/bluetooth_flutter_Trace/test/ota/ota_firmware_latest_test.dart: FirmwareLatestInfo.parse（PR14 回显与资产校验负例） downloadUrl 非 https（http）拒绝（RC2-11）
00:14 +107: /home/runner/work/E-Track/E-Track/app/bluetooth_flutter_Trace/test/ota/ota_firmware_latest_test.dart: FirmwareLatestInfo.parse（PR14 回显与资产校验负例） downloadUrl 非 http(s) 拒绝
00:14 +108: /home/runner/work/E-Track/E-Track/app/bluetooth_flutter_Trace/test/ota/ota_firmware_latest_test.dart: FirmwareLatestInfo.parse（PR14 回显与资产校验负例） downloadUrl 无 host 拒绝
00:14 +109: /home/runner/work/E-Track/E-Track/app/bluetooth_flutter_Trace/test/ota/ota_firmware_latest_test.dart: FirmwareLatestInfo.parse（PR14 回显与资产校验负例） fileName 含非法字符拒绝
00:14 +110: /home/runner/work/E-Track/E-Track/app/bluetooth_flutter_Trace/test/ota/ota_firmware_latest_test.dart: FirmwareLatestInfo.parse（PR14 回显与资产校验负例） fileName 超长（>128）拒绝
00:14 +111: /home/runner/work/E-Track/E-Track/app/bluetooth_flutter_Trace/test/ota/ota_firmware_latest_test.dart: FirmwareLatestInfo.parse（PR14 回显与资产校验负例） fileName 与 kind 后缀不符拒绝
00:14 +112: /home/runner/work/E-Track/E-Track/app/bluetooth_flutter_Trace/test/ota/ota_firmware_latest_test.dart: FirmwareLatestInfo.parse（PR14 回显与资产校验负例） sizeBytes 超 OTA_ETU_MAX_LENGTH(0x180000) 拒绝
00:14 +113: /home/runner/work/E-Track/E-Track/app/bluetooth_flutter_Trace/test/ota/ota_firmware_latest_test.dart: FirmwareLatestInfo.parse（PR14 回显与资产校验负例） expiresAt 非正拒绝
00:14 +114: /home/runner/work/E-Track/E-Track/app/bluetooth_flutter_Trace/test/ota/ota_firmware_latest_test.dart: FirmwareLatestInfo.parse（PR14 回显与资产校验负例） full 缺 baseImageSha256 键拒绝（与显式 null 区分）
00:14 +115: /home/runner/work/E-Track/E-Track/app/bluetooth_flutter_Trace/test/ota/ota_firmware_latest_test.dart: FirmwareLatestInfo.parse（PR14 回显与资产校验负例） full 带 baseImageSha256 非 null 值拒绝
00:14 +116: /home/runner/work/E-Track/E-Track/app/bluetooth_flutter_Trace/test/ota/ota_firmware_latest_test.dart: FirmwareLatestInfo.parse（PR14 回显与资产校验负例） asset.baseVersionCode 超范围拒绝
00:14 +117: /home/runner/work/E-Track/E-Track/app/bluetooth_flutter_Trace/test/ota/ota_firmware_latest_test.dart: OtaHttpError CLIENT_TOO_OLD 终止且携带门槛
00:14 +118: /home/runner/work/E-Track/E-Track/app/bluetooth_flutter_Trace/test/ota/ota_firmware_latest_test.dart: OtaHttpError 兼容 409 终止且区分维度
00:14 +119: /home/runner/work/E-Track/E-Track/app/bluetooth_flutter_Trace/test/ota/ota_firmware_latest_test.dart: OtaHttpError 未知 errorCode：isUnknown，不可降级
00:14 +120: /home/runner/work/E-Track/E-Track/app/bluetooth_flutter_Trace/test/ota/ota_firmware_latest_test.dart: OtaHttpError RATE_LIMITED / BACKEND_UNAVAILABLE 可自动重试
00:14 +121: /home/runner/work/E-Track/E-Track/app/bluetooth_flutter_Trace/test/ota/ota_firmware_latest_test.dart: OtaHttpError 缺 errorCode 拒绝
00:14 +122: /home/runner/work/E-Track/E-Track/app/bluetooth_flutter_Trace/test/ota/ota_firmware_latest_test.dart: OtaHttpError CHANNEL_STOPPED 挂在 403：不算稍后重试，诊断字段仍保留（RC3-10/11）
00:14 +123: /home/runner/work/E-Track/E-Track/app/bluetooth_flutter_Trace/test/ota/ota_firmware_latest_test.dart: OtaHttpError BACKEND_UNAVAILABLE 挂在 500 / RATE_LIMITED 挂在 503：均不可重试（RC3-10/11）
00:14 +124: /home/runner/work/E-Track/E-Track/app/bluetooth_flutter_Trace/test/ota/ota_firmware_latest_test.dart: OtaHttpError CHANNEL_STOPPED 的 latest 侧 HTTP 200 形态仍是稍后重试（RC3-10/11）
00:14 +125: /home/runner/work/E-Track/E-Track/app/bluetooth_flutter_Trace/test/ota/ota_firmware_latest_test.dart: OtaHttpError 终止码不受状态约束影响：426 之外的状态仍然终止（RC3-10/11）
00:14 +126: /home/runner/work/E-Track/E-Track/app/bluetooth_flutter_Trace/test/ota/ota_firmware_latest_test.dart: parseLatestResponse UTF-8 字节 → DTO
00:14 +127: /home/runner/work/E-Track/E-Track/app/bluetooth_flutter_Trace/test/ota/ota_firmware_latest_test.dart: parseLatestResponse 非法 JSON 拒绝
00:14 +128: loading /home/runner/work/E-Track/E-Track/app/bluetooth_flutter_Trace/test/ota/ota_device_observation_test.dart
00:14 +128: /home/runner/work/E-Track/E-Track/app/bluetooth_flutter_Trace/test/ota/ota_device_observation_test.dart: 默认（未注入）配置不观测，且不算非法配置
00:14 +129: /home/runner/work/E-Track/E-Track/app/bluetooth_flutter_Trace/test/ota/ota_device_observation_test.dart: startFromBuild 在默认构建下不装配观测器也不启动扫描
00:14 +130: /home/runner/work/E-Track/E-Track/app/bluetooth_flutter_Trace/test/ota/ota_device_observation_test.dart: 启用后 target 或 sentinel 缺失即 fail-closed
00:14 +131: /home/runner/work/E-Track/E-Track/app/bluetooth_flutter_Trace/test/ota/ota_device_observation_test.dart: 目标匹配：地址优先，短名字不得命中地址 hex
00:14 +132: /home/runner/work/E-Track/E-Track/app/bluetooth_flutter_Trace/test/ota/ota_device_observation_test.dart: 未启用时喂入扫描结果产生零输出
00:14 +133: /home/runner/work/E-Track/E-Track/app/bluetooth_flutter_Trace/test/ota/ota_device_observation_test.dart: 全量扫描逐台落盘，同一台只报一次明细
00:14 +134: /home/runner/work/E-Track/E-Track/app/bluetooth_flutter_Trace/test/ota/ota_device_observation_test.dart: 命中目标后先停扫描再连接，成功即读出完整身份并收尾
00:14 +135: /home/runner/work/E-Track/E-Track/app/bluetooth_flutter_Trace/test/ota/ota_device_observation_test.dart: 连接失败 / 身份失败 / 身份异常都收在确定的终止行
00:14 +136: /home/runner/work/E-Track/E-Track/app/bluetooth_flutter_Trace/test/ota/ota_device_observation_test.dart: 只绑定一次：绑定完成后后续扫描批次不再触发第二条链路
00:14 +137: /home/runner/work/E-Track/E-Track/app/bluetooth_flutter_Trace/test/ota/ota_device_observation_test.dart: 扫描未启动：立刻给出 scan_not_started，不等窗口也不伪装成"扫了没看到"
00:14 +138: /home/runner/work/E-Track/E-Track/app/bluetooth_flutter_Trace/test/ota/ota_device_observation_test.dart: 启动路径自己抛异常：照样收进 scan_not_started，不留野异常
00:14 +139: /home/runner/work/E-Track/E-Track/app/bluetooth_flutter_Trace/test/ota/ota_device_observation_test.dart: 窗口到期仍未命中：输出确定的 target_not_seen 终止行并停扫描
00:15 +140: /home/runner/work/E-Track/E-Track/app/bluetooth_flutter_Trace/test/ota/ota_device_observation_test.dart: 窗口内命中即取消窗口：不会补出 target_not_seen
00:15 +141: /home/runner/work/E-Track/E-Track/app/bluetooth_flutter_Trace/test/ota/ota_device_observation_test.dart: 身份为空时原样转述服务侧原因，不把三类失败压成一个词
00:15 +142: /home/runner/work/E-Track/E-Track/app/bluetooth_flutter_Trace/test/ota/ota_device_observation_test.dart: 失败原因读不到时用 - 占位，不留空字段
00:15 +143: /home/runner/work/E-Track/E-Track/app/bluetooth_flutter_Trace/test/ota/ota_device_observation_test.dart: OBS-03：target 行的地址是字段值，不是对象插值
00:15 +144: /home/runner/work/E-Track/E-Track/app/bluetooth_flutter_Trace/test/ota/ota_device_observation_test.dart: 启动永不完成：startTimeout 到时给出 scan_start_timeout，不无限等
00:15 +145: /home/runner/work/E-Track/E-Track/app/bluetooth_flutter_Trace/test/ota/ota_device_observation_test.dart: 连接挂死：connectTimeout 到时给出 connect_timeout，不是无限等待
00:15 +146: /home/runner/work/E-Track/E-Track/app/bluetooth_flutter_Trace/test/ota/ota_device_observation_test.dart: 读身份挂死：identityTimeout 到时给出 identity_timeout
00:15 +147: /home/runner/work/E-Track/E-Track/app/bluetooth_flutter_Trace/test/ota/ota_device_observation_test.dart: 扫描流报错：第三结局 scan_stream_error，且终态唯一
00:15 +148: /home/runner/work/E-Track/E-Track/app/bluetooth_flutter_Trace/test/ota/ota_device_observation_test.dart: 终态之后迟到完成不得覆盖终态：connect 挂死被 timeout 收尾后完成
00:15 +149: /home/runner/work/E-Track/E-Track/app/bluetooth_flutter_Trace/test/ota/ota_device_observation_test.dart: 启动超时后迟到完成：不得再开窗口或补终态
00:15 +150: /home/runner/work/E-Track/E-Track/app/bluetooth_flutter_Trace/test/ota/ota_device_observation_test.dart: 终局清理钩子：绑定过的结局带地址清理，未绑定结局收 null
00:16 +151: /home/runner/work/E-Track/E-Track/app/bluetooth_flutter_Trace/test/ota/ota_device_observation_test.dart: 清理钩子自身抛异常：不覆盖终态、不留野异常
00:16 +152: /home/runner/work/E-Track/E-Track/app/bluetooth_flutter_Trace/test/ota/ota_device_observation_test.dart: stopScan 抛异常：不吞掉终态行，单独留一行错误
00:16 +153: loading /home/runner/work/E-Track/E-Track/app/bluetooth_flutter_Trace/test/ota/ota_service_upgrade_test.dart
00:17 +153: /home/runner/work/E-Track/E-Track/app/bluetooth_flutter_Trace/test/ota/ota_service_upgrade_test.dart: 端到端成功闭环：read → check → download → start → completed
00:17 +154: /home/runner/work/E-Track/E-Track/app/bluetooth_flutter_Trace/test/ota/ota_service_upgrade_test.dart: P3-4 链路观测 service 接线：upgrade/probe 摘要含绑定与传输字段
00:17 +155: /home/runner/work/E-Track/E-Track/app/bluetooth_flutter_Trace/test/ota/ota_service_upgrade_test.dart: P3-4 早退摘要：OTA 特征缺失仍输出终结摘要与失败原因（P34-R05）
00:17 +155 -1: /home/runner/work/E-Track/E-Track/app/bluetooth_flutter_Trace/test/ota/ota_service_upgrade_test.dart: P3-4 早退摘要：OTA 特征缺失仍输出终结摘要与失败原因（P34-R05） [E]
  Expected: 'fail'
    Actual: <null>
     Which: not an <Instance of 'String'>
  未进入传输的失败不得伪装成成功传输
  
  package:matcher                                     expect
  package:flutter_test/src/widget_tester.dart 473:18  expect
  test/ota/ota_service_upgrade_test.dart 437:5        main.<fn>
  
00:17 +155 -1: /home/runner/work/E-Track/E-Track/app/bluetooth_flutter_Trace/test/ota/ota_service_upgrade_test.dart: P3-4 probe 轮次归属：每轮独立摘要 + 轮次外壳汇总逐轮结论（P34-R06）
00:20 +155 -2: /home/runner/work/E-Track/E-Track/app/bluetooth_flutter_Trace/test/ota/ota_service_upgrade_test.dart: P3-4 probe 轮次归属：每轮独立摘要 + 轮次外壳汇总逐轮结论（P34-R06） [E]
  Expected: [{'n': 2, 'outcome': 'completed'}]
    Actual: [{'n': 1, 'outcome': 'completed'}]
     Which: at location [0]['n'] is <1> instead of <2>
  次轮确认目标身份
  
  package:matcher                                     expect
  package:flutter_test/src/widget_tester.dart 473:18  expect
  test/ota/ota_service_upgrade_test.dart 484:5        main.<fn>
  
00:20 +155 -2: /home/runner/work/E-Track/E-Track/app/bluetooth_flutter_Trace/test/ota/ota_service_upgrade_test.dart: MCU 未重启完：旧身份探测不误判，第二次探测确认目标（RC3-08）
OTA_LINK_SAMPLE label=upgrade kind=gatt_write us=0 bytes=10
OTA_LINK_SAMPLE label=upgrade kind=get_info us=3225 ok=1
OTA_MONO MONO_BUDGET_START monoUs=3204976 wallUs=1789560675062458
OTA_LINK_SAMPLE label=upgrade kind=gatt_write us=0 bytes=111
OTA_LINK_SAMPLE label=upgrade kind=durable us=6730 off=0
OTA_LINK_SAMPLE label=upgrade kind=gatt_write us=0 bytes=142
OTA_LINK_SAMPLE label=upgrade kind=segment_first_send us=7670 off=0 len=128
OTA sent 128/1024
OTA_LINK_SAMPLE label=upgrade kind=ack_latency us=449 off=0
OTA_LINK_SAMPLE label=upgrade kind=gatt_write us=0 bytes=142
OTA_LINK_SAMPLE label=upgrade kind=segment_first_send us=9116 off=128 len=128
OTA sent 256/1024
OTA_LINK_SAMPLE label=upgrade kind=ack_latency us=516 off=128
OTA_LINK_SAMPLE label=upgrade kind=gatt_write us=0 bytes=142
OTA_LINK_SAMPLE label=upgrade kind=segment_first_send us=10668 off=256 len=128
OTA sent 384/1024
OTA_LINK_SAMPLE label=upgrade kind=ack_latency us=444 off=256
OTA_LINK_SAMPLE label=upgrade kind=gatt_write us=0 bytes=142
OTA_LINK_SAMPLE label=upgrade kind=segment_first_send us=12093 off=384 len=128
OTA sent 512/1024
OTA_LINK_SAMPLE label=upgrade kind=ack_latency us=507 off=384
OTA_LINK_SAMPLE label=upgrade kind=gatt_write us=0 bytes=142
OTA_LINK_SAMPLE label=upgrade kind=segment_first_send us=13610 off=512 len=128
OTA sent 640/1024
OTA_LINK_SAMPLE label=upgrade kind=ack_latency us=446 off=512
OTA_LINK_SAMPLE label=upgrade kind=gatt_write us=0 bytes=142
OTA_LINK_SAMPLE label=upgrade kind=segment_first_send us=14996 off=640 len=128
OTA sent 768/1024
OTA_LINK_SAMPLE label=upgrade kind=ack_latency us=389 off=640
OTA_LINK_SAMPLE label=upgrade kind=gatt_write us=0 bytes=142
OTA_LINK_SAMPLE label=upgrade kind=segment_first_send us=16303 off=768 len=128
OTA sent 896/1024
OTA_LINK_SAMPLE label=upgrade kind=ack_latency us=494 off=768
OTA_LINK_SAMPLE label=upgrade kind=gatt_write us=0 bytes=142
OTA_LINK_SAMPLE label=upgrade kind=segment_first_send us=17876 off=896 len=128
OTA sent 1024/1024
OTA_LINK_SAMPLE label=upgrade kind=ack_latency us=1184 off=896
OTA_LINK_SAMPLE label=upgrade kind=durable us=19236 off=1024
OTA_MONO MONO_BUDGET_RESET monoUs=3218797 wallUs=1789560675076281 durable=1024
OTA_LINK_SAMPLE label=upgrade kind=gatt_write us=0 bytes=42
OTA_MONO MONO_END_ACK_OK monoUs=3219974 wallUs=1789560675077455 durable=1024
OTA_LINK_STATS {"schema":1,"label":"upgrade","device":"AA:BB","attempt":null,"clock":"stopwatch-mono-us","phases":{"bind":[1264,1585],"transfer":[5962,20877]},"failure":{"stage":null,"reason":null},"attempts":[],"attemptEndUs":null,"bind":{"charsUs":9,"found":true,"writeMode":"with","mtuRequested":247,"mtuChunkBytes":247,"mtuSource":null,"mtuUs":0,"subscribeUs":0,"subscribeOk":true,"phaseUs":321},"getInfo":{"calls":1,"failures":0,"totalUs":3225},"transfer":{"startUs":5958,"endAckUs":20865,"elapsedUs":14907,"outcome":"ok","segmentsUnique":8,"segmentSendTotal":8,"retransmitFrames":0,"acks":{"ok":8,"duplicate":0,"error":0,"malformed":0,"noProgress":0,"abort":0},"ackSamples":"complete","ackEarlyInvalid":0,"ackEarlyUnsent":0,"ackLatency":{"count":8,"minUs":389,"p50Us":449,"p95Us":1184,"p99Us":1184,"maxUs":1184},"durable":{"events":2,"finalOff":1024}},"gattWrites":{"calls":11,"bytes":1299,"errors":0,"minUs":0,"p50Us":0,"p95Us":0,"maxUs":0},"discovers":{"calls":0,"errors":0,"minUs":null,"p50Us":null,"p95Us":null,"maxUs":null},"platformWrites":{"calls":0,"bytes":0,"errors":0,"minUs":null,"p50Us":null,"p95Us":null,"maxUs":null}}
OTA_LINK_SAMPLE label=probe kind=gatt_write us=0 bytes=10
OTA_LINK_SAMPLE label=probe kind=get_info us=1082 ok=1
OTA_LINK_STATS {"schema":1,"label":"probe","device":"AA:BB","attempt":1,"clock":"stopwatch-mono-us","phases":{"probe_attempt":[8,1824],"bind":[164,380]},"failure":{"stage":null,"reason":null},"attempts":[{"n":1,"outcome":"no_verdict"}],"attemptEndUs":1820,"bind":{"charsUs":12,"found":true,"writeMode":"with","mtuRequested":247,"mtuChunkBytes":247,"mtuSource":null,"mtuUs":0,"subscribeUs":0,"subscribeOk":true,"phaseUs":216},"getInfo":{"calls":1,"failures":0,"totalUs":1082},"transfer":{"startUs":null,"endAckUs":null,"elapsedUs":null,"outcome":null,"segmentsUnique":0,"segmentSendTotal":0,"retransmitFrames":0,"acks":{"ok":0,"duplicate":0,"error":0,"malformed":0,"noProgress":0,"abort":0},"ackSamples":"complete","ackEarlyInvalid":0,"ackEarlyUnsent":0,"ackLatency":{"count":0,"minUs":null,"p50Us":null,"p95Us":null,"p99Us":null,"maxUs":null},"durable":{"events":0,"finalOff":null}},"gattWrites":{"calls":1,"bytes":10,"errors":0,"minUs":0,"p50Us":0,"p95Us":0,"maxUs":0},"discovers":{"calls":0,"errors":0,"minUs":null,"p50Us":null,"p95Us":null,"maxUs":null},"platformWrites":{"calls":0,"bytes":0,"errors":0,"minUs":null,"p50Us":null,"p95Us":null,"maxUs":null}}
OTA_LINK_SAMPLE label=probe kind=gatt_write us=0 bytes=10
OTA_LINK_SAMPLE label=probe kind=get_info us=1236 ok=1
OTA_LINK_STATS {"schema":1,"label":"probe","device":"AA:BB","attempt":2,"clock":"stopwatch-mono-us","phases":{"probe_attempt":[27,2205],"bind":[336,517]},"failure":{"stage":null,"reason":null},"attempts":[{"n":1,"outcome":"completed"}],"attemptEndUs":2200,"bind":{"charsUs":10,"found":true,"writeMode":"with","mtuRequested":247,"mtuChunkBytes":247,"mtuSource":null,"mtuUs":0,"subscribeUs":0,"subscribeOk":true,"phaseUs":181},"getInfo":{"calls":1,"failures":0,"totalUs":1236},"transfer":{"startUs":null,"endAckUs":null,"elapsedUs":null,"outcome":null,"segmentsUnique":0,"segmentSendTotal":0,"retransmitFrames":0,"acks":{"ok":0,"duplicate":0,"error":0,"malformed":0,"noProgress":0,"abort":0},"ackSamples":"complete","ackEarlyInvalid":0,"ackEarlyUnsent":0,"ackLatency":{"count":0,"minUs":null,"p50Us":null,"p95Us":null,"p99Us":null,"maxUs":null},"durable":{"events":0,"finalOff":null}},"gattWrites":{"calls":1,"bytes":10,"errors":0,"minUs":0,"p50Us":0,"p95Us":0,"maxUs":0},"discovers":{"calls":0,"errors":0,"minUs":null,"p50Us":null,"p95Us":null,"maxUs":null},"platformWrites":{"calls":0,"bytes":0,"errors":0,"minUs":null,"p50Us":null,"p95Us":null,"maxUs":null}}
OTA_LINK_STATS {"schema":1,"label":"probe","device":"AA:BB","attempt":null,"clock":"stopwatch-mono-us","phases":{"reconnect":[11,3006183]},"failure":{"stage":null,"reason":null},"attempts":[{"n":1,"outcome":"completed"}],"attemptEndUs":3006178,"bind":{"charsUs":null,"found":false,"writeMode":null,"mtuRequested":0,"mtuChunkBytes":0,"mtuSource":null,"mtuUs":null,"subscribeUs":null,"subscribeOk":false,"phaseUs":null},"getInfo":{"calls":0,"failures":0,"totalUs":0},"transfer":{"startUs":null,"endAckUs":null,"elapsedUs":null,"outcome":null,"segmentsUnique":0,"segmentSendTotal":0,"retransmitFrames":0,"acks":{"ok":0,"duplicate":0,"error":0,"malformed":0,"noProgress":0,"abort":0},"ackSamples":"complete","ackEarlyInvalid":0,"ackEarlyUnsent":0,"ackLatency":{"count":0,"minUs":null,"p50Us":null,"p95Us":null,"p99Us":null,"maxUs":null},"durable":{"events":0,"finalOff":null}},"gattWrites":{"calls":0,"bytes":0,"errors":0,"minUs":null,"p50Us":null,"p95Us":null,"maxUs":null},"discovers":{"calls":0,"errors":0,"minUs":null,"p50Us":null,"p95Us":null,"maxUs":null},"platformWrites":{"calls":0,"bytes":0,"errors":0,"minUs":null,"p50Us":null,"p95Us":null,"maxUs":null}}
OTA_MONO MONO_REBOOT_VERIFIED monoUs=6227816 wallUs=1789560678085303
00:23 +156 -2: /home/runner/work/E-Track/E-Track/app/bluetooth_flutter_Trace/test/ota/ota_service_upgrade_test.dart: 重启后硬件身份变化：identityChanged 终止（RC3-08）
OTA_LINK_SAMPLE label=upgrade kind=gatt_write us=0 bytes=10
OTA_LINK_SAMPLE label=upgrade kind=get_info us=1284 ok=1
OTA_MONO MONO_BUDGET_START monoUs=6263832 wallUs=1789560678121316
OTA_LINK_SAMPLE label=upgrade kind=gatt_write us=0 bytes=111
OTA_LINK_SAMPLE label=upgrade kind=durable us=9216 off=0
OTA_LINK_SAMPLE label=upgrade kind=gatt_write us=0 bytes=142
OTA_LINK_SAMPLE label=upgrade kind=segment_first_send us=10195 off=0 len=128
OTA sent 128/1024
OTA_LINK_SAMPLE label=upgrade kind=ack_latency us=494 off=0
OTA_LINK_SAMPLE label=upgrade kind=gatt_write us=0 bytes=142
OTA_LINK_SAMPLE label=upgrade kind=segment_first_send us=11589 off=128 len=128
OTA sent 256/1024
OTA_LINK_SAMPLE label=upgrade kind=ack_latency us=443 off=128
OTA_LINK_SAMPLE label=upgrade kind=gatt_write us=0 bytes=142
OTA_LINK_SAMPLE label=upgrade kind=segment_first_send us=13166 off=256 len=128
OTA sent 384/1024
OTA_LINK_SAMPLE label=upgrade kind=ack_latency us=394 off=256
OTA_LINK_SAMPLE label=upgrade kind=gatt_write us=0 bytes=142
OTA_LINK_SAMPLE label=upgrade kind=segment_first_send us=14502 off=384 len=128
OTA sent 512/1024
OTA_LINK_SAMPLE label=upgrade kind=ack_latency us=642 off=384
OTA_LINK_SAMPLE label=upgrade kind=gatt_write us=0 bytes=142
OTA_LINK_SAMPLE label=upgrade kind=segment_first_send us=16032 off=512 len=128
OTA sent 640/1024
OTA_LINK_SAMPLE label=upgrade kind=ack_latency us=439 off=512
OTA_LINK_SAMPLE label=upgrade kind=gatt_write us=0 bytes=142
OTA_LINK_SAMPLE label=upgrade kind=segment_first_send us=17350 off=640 len=128
OTA sent 768/1024
OTA_LINK_SAMPLE label=upgrade kind=ack_latency us=434 off=640
OTA_LINK_SAMPLE label=upgrade kind=gatt_write us=0 bytes=142
OTA_LINK_SAMPLE label=upgrade kind=segment_first_send us=18625 off=768 len=128
OTA sent 896/1024
OTA_LINK_SAMPLE label=upgrade kind=ack_latency us=409 off=768
OTA_LINK_SAMPLE label=upgrade kind=gatt_write us=0 bytes=142
OTA_LINK_SAMPLE label=upgrade kind=segment_first_send us=21012 off=896 len=128
OTA sent 1024/1024
OTA_LINK_SAMPLE label=upgrade kind=ack_latency us=450 off=896
OTA_LINK_SAMPLE label=upgrade kind=durable us=21632 off=1024
OTA_MONO MONO_BUDGET_RESET monoUs=6277892 wallUs=1789560678135375 durable=1024
OTA_LINK_SAMPLE label=upgrade kind=gatt_write us=0 bytes=42
OTA_MONO MONO_END_ACK_OK monoUs=6278962 wallUs=1789560678136444 durable=1024
OTA_LINK_STATS {"schema":1,"label":"upgrade","device":"AA:BB","attempt":null,"clock":"stopwatch-mono-us","phases":{"bind":[5897,6285],"transfer":[8276,23177]},"failure":{"stage":null,"reason":null},"attempts":[],"attemptEndUs":null,"bind":{"charsUs":19,"found":true,"writeMode":"with","mtuRequested":247,"mtuChunkBytes":247,"mtuSource":null,"mtuUs":0,"subscribeUs":0,"subscribeOk":true,"phaseUs":388},"getInfo":{"calls":1,"failures":0,"totalUs":1284},"transfer":{"startUs":8270,"endAckUs":23163,"elapsedUs":14893,"outcome":"ok","segmentsUnique":8,"segmentSendTotal":8,"retransmitFrames":0,"acks":{"ok":8,"duplicate":0,"error":0,"malformed":0,"noProgress":0,"abort":0},"ackSamples":"complete","ackEarlyInvalid":0,"ackEarlyUnsent":0,"ackLatency":{"count":8,"minUs":394,"p50Us":439,"p95Us":642,"p99Us":642,"maxUs":642},"durable":{"events":2,"finalOff":1024}},"gattWrites":{"calls":11,"bytes":1299,"errors":0,"minUs":0,"p50Us":0,"p95Us":0,"maxUs":0},"discovers":{"calls":0,"errors":0,"minUs":null,"p50Us":null,"p95Us":null,"maxUs":null},"platformWrites":{"calls":0,"bytes":0,"errors":0,"minUs":null,"p50Us":null,"p95Us":null,"maxUs":null}}
OTA_LINK_SAMPLE label=probe kind=gatt_write us=0 bytes=10
OTA_LINK_SAMPLE label=probe kind=get_info us=993 ok=1
OTA_LINK_STATS {"schema":1,"label":"probe","device":"AA:BB","attempt":1,"clock":"stopwatch-mono-us","phases":{"probe_attempt":[7,1751],"bind":[152,333]},"failure":{"stage":null,"reason":null},"attempts":[{"n":1,"outcome":"identityChanged"}],"attemptEndUs":1746,"bind":{"charsUs":7,"found":true,"writeMode":"with","mtuRequested":247,"mtuChunkBytes":247,"mtuSource":null,"mtuUs":0,"subscribeUs":0,"subscribeOk":true,"phaseUs":181},"getInfo":{"calls":1,"failures":0,"totalUs":993},"transfer":{"startUs":null,"endAckUs":null,"elapsedUs":null,"outcome":null,"segmentsUnique":0,"segmentSendTotal":0,"retransmitFrames":0,"acks":{"ok":0,"duplicate":0,"error":0,"malformed":0,"noProgress":0,"abort":0},"ackSamples":"complete","ackEarlyInvalid":0,"ackEarlyUnsent":0,"ackLatency":{"count":0,"minUs":null,"p50Us":null,"p95Us":null,"p99Us":null,"maxUs":null},"durable":{"events":0,"finalOff":null}},"gattWrites":{"calls":1,"bytes":10,"errors":0,"minUs":0,"p50Us":0,"p95Us":0,"maxUs":0},"discovers":{"calls":0,"errors":0,"minUs":null,"p50Us":null,"p95Us":null,"maxUs":null},"platformWrites":{"calls":0,"bytes":0,"errors":0,"minUs":null,"p50Us":null,"p95Us":null,"maxUs":null}}
OTA_LINK_STATS {"schema":1,"label":"probe","device":"AA:BB","attempt":null,"clock":"stopwatch-mono-us","phases":{"reconnect":[17,2330]},"failure":{"stage":null,"reason":null},"attempts":[{"n":1,"outcome":"identityChanged"}],"attemptEndUs":2327,"bind":{"charsUs":null,"found":false,"writeMode":null,"mtuRequested":0,"mtuChunkBytes":0,"mtuSource":null,"mtuUs":null,"subscribeUs":null,"subscribeOk":false,"phaseUs":null},"getInfo":{"calls":0,"failures":0,"totalUs":0},"transfer":{"startUs":null,"endAckUs":null,"elapsedUs":null,"outcome":null,"segmentsUnique":0,"segmentSendTotal":0,"retransmitFrames":0,"acks":{"ok":0,"duplicate":0,"error":0,"malformed":0,"noProgress":0,"abort":0},"ackSamples":"complete","ackEarlyInvalid":0,"ackEarlyUnsent":0,"ackLatency":{"count":0,"minUs":null,"p50Us":null,"p95Us":null,"p99Us":null,"maxUs":null},"durable":{"events":0,"finalOff":null}},"gattWrites":{"calls":0,"bytes":0,"errors":0,"minUs":null,"p50Us":null,"p95Us":null,"maxUs":null},"discovers":{"calls":0,"errors":0,"minUs":null,"p50Us":null,"p95Us":null,"maxUs":null},"platformWrites":{"calls":0,"bytes":0,"errors":0,"minUs":null,"p50Us":null,"p95Us":null,"maxUs":null}}
00:23 +157 -2: /home/runner/work/E-Track/E-Track/app/bluetooth_flutter_Trace/test/ota/ota_service_upgrade_test.dart: 单轮探测 connect 挂起：单轮上限放弃该轮，后续轮确认目标（O4 整改）
OTA_LINK_SAMPLE label=upgrade kind=gatt_write us=0 bytes=10
OTA_LINK_SAMPLE label=upgrade kind=get_info us=1144 ok=1
OTA_MONO MONO_BUDGET_START monoUs=6308540 wallUs=1789560678166024
OTA_LINK_SAMPLE label=upgrade kind=gatt_write us=0 bytes=111
OTA_LINK_SAMPLE label=upgrade kind=durable us=4325 off=0
OTA_LINK_SAMPLE label=upgrade kind=gatt_write us=0 bytes=142
OTA_LINK_SAMPLE label=upgrade kind=segment_first_send us=5156 off=0 len=128
OTA sent 128/1024
OTA_LINK_SAMPLE label=upgrade kind=ack_latency us=411 off=0
OTA_LINK_SAMPLE label=upgrade kind=gatt_write us=0 bytes=142
OTA_LINK_SAMPLE label=upgrade kind=segment_first_send us=6386 off=128 len=128
OTA sent 256/1024
OTA_LINK_SAMPLE label=upgrade kind=ack_latency us=395 off=128
OTA_LINK_SAMPLE label=upgrade kind=gatt_write us=0 bytes=142
OTA_LINK_SAMPLE label=upgrade kind=segment_first_send us=7558 off=256 len=128
OTA sent 384/1024
OTA_LINK_SAMPLE label=upgrade kind=ack_latency us=306 off=256
OTA_LINK_SAMPLE label=upgrade kind=gatt_write us=0 bytes=142
OTA_LINK_SAMPLE label=upgrade kind=segment_first_send us=8437 off=384 len=128
OTA sent 512/1024
OTA_LINK_SAMPLE label=upgrade kind=ack_latency us=247 off=384
OTA_LINK_SAMPLE label=upgrade kind=gatt_write us=0 bytes=142
OTA_LINK_SAMPLE label=upgrade kind=segment_first_send us=9484 off=512 len=128
OTA sent 640/1024
OTA_LINK_SAMPLE label=upgrade kind=ack_latency us=414 off=512
OTA_LINK_SAMPLE label=upgrade kind=gatt_write us=0 bytes=142
OTA_LINK_SAMPLE label=upgrade kind=segment_first_send us=10709 off=640 len=128
OTA sent 768/1024
OTA_LINK_SAMPLE label=upgrade kind=ack_latency us=351 off=640
OTA_LINK_SAMPLE label=upgrade kind=gatt_write us=0 bytes=142
OTA_LINK_SAMPLE label=upgrade kind=segment_first_send us=11882 off=768 len=128
OTA sent 896/1024
OTA_LINK_SAMPLE label=upgrade kind=ack_latency us=384 off=768
OTA_LINK_SAMPLE label=upgrade kind=gatt_write us=0 bytes=142
OTA_LINK_SAMPLE label=upgrade kind=segment_first_send us=13172 off=896 len=128
OTA sent 1024/1024
OTA_LINK_SAMPLE label=upgrade kind=ack_latency us=517 off=896
OTA_LINK_SAMPLE label=upgrade kind=durable us=13881 off=1024
OTA_MONO MONO_BUDGET_RESET monoUs=6319589 wallUs=1789560678177072 durable=1024
OTA_LINK_SAMPLE label=upgrade kind=gatt_write us=0 bytes=42
OTA_MONO MONO_END_ACK_OK monoUs=6320626 wallUs=1789560678178106 durable=1024
OTA_LINK_STATS {"schema":1,"label":"upgrade","device":"AA:BB","attempt":null,"clock":"stopwatch-mono-us","phases":{"bind":[1320,1645],"transfer":[3399,15370]},"failure":{"stage":null,"reason":null},"attempts":[],"attemptEndUs":null,"bind":{"charsUs":20,"found":true,"writeMode":"with","mtuRequested":247,"mtuChunkBytes":247,"mtuSource":null,"mtuUs":0,"subscribeUs":0,"subscribeOk":true,"phaseUs":325},"getInfo":{"calls":1,"failures":0,"totalUs":1144},"transfer":{"startUs":3394,"endAckUs":15358,"elapsedUs":11964,"outcome":"ok","segmentsUnique":8,"segmentSendTotal":8,"retransmitFrames":0,"acks":{"ok":8,"duplicate":0,"error":0,"malformed":0,"noProgress":0,"abort":0},"ackSamples":"complete","ackEarlyInvalid":0,"ackEarlyUnsent":0,"ackLatency":{"count":8,"minUs":247,"p50Us":384,"p95Us":517,"p99Us":517,"maxUs":517},"durable":{"events":2,"finalOff":1024}},"gattWrites":{"calls":11,"bytes":1299,"errors":0,"minUs":0,"p50Us":0,"p95Us":0,"maxUs":0},"discovers":{"calls":0,"errors":0,"minUs":null,"p50Us":null,"p95Us":null,"maxUs":null},"platformWrites":{"calls":0,"bytes":0,"errors":0,"minUs":null,"p50Us":null,"p95Us":null,"maxUs":null}}
OTA_LINK_STATS {"schema":1,"label":"probe","device":"AA:BB","attempt":1,"clock":"stopwatch-mono-us","phases":{"probe_attempt":[5,1001545]},"failure":{"stage":null,"reason":null},"attempts":[{"n":1,"outcome":"abandoned"}],"attemptEndUs":1001539,"bind":{"charsUs":null,"found":false,"writeMode":null,"mtuRequested":0,"mtuChunkBytes":0,"mtuSource":null,"mtuUs":null,"subscribeUs":null,"subscribeOk":false,"phaseUs":null},"getInfo":{"calls":0,"failures":0,"totalUs":0},"transfer":{"startUs":null,"endAckUs":null,"elapsedUs":null,"outcome":null,"segmentsUnique":0,"segmentSendTotal":0,"retransmitFrames":0,"acks":{"ok":0,"duplicate":0,"error":0,"malformed":0,"noProgress":0,"abort":0},"ackSamples":"complete","ackEarlyInvalid":0,"ackEarlyUnsent":0,"ackLatency":{"count":0,"minUs":null,"p50Us":null,"p95Us":null,"p99Us":null,"maxUs":null},"durable":{"events":0,"finalOff":null}},"gattWrites":{"calls":0,"bytes":0,"errors":0,"minUs":null,"p50Us":null,"p95Us":null,"maxUs":null},"discovers":{"calls":0,"errors":0,"minUs":null,"p50Us":null,"p95Us":null,"maxUs":null},"platformWrites":{"calls":0,"bytes":0,"errors":0,"minUs":null,"p50Us":null,"p95Us":null,"maxUs":null}}
OTA_LINK_SAMPLE label=probe kind=gatt_write us=0 bytes=10
OTA_LINK_SAMPLE label=probe kind=get_info us=960 ok=1
OTA_LINK_STATS {"schema":1,"label":"probe","device":"AA:BB","attempt":2,"clock":"stopwatch-mono-us","phases":{"probe_attempt":[23,1791],"bind":[301,488]},"failure":{"stage":null,"reason":null},"attempts":[{"n":1,"outcome":"completed"}],"attemptEndUs":1787,"bind":{"charsUs":10,"found":true,"writeMode":"with","mtuRequested":247,"mtuChunkBytes":247,"mtuSource":null,"mtuUs":0,"subscribeUs":0,"subscribeOk":true,"phaseUs":187},"getInfo":{"calls":1,"failures":0,"totalUs":960},"transfer":{"startUs":null,"endAckUs":null,"elapsedUs":null,"outcome":null,"segmentsUnique":0,"segmentSendTotal":0,"retransmitFrames":0,"acks":{"ok":0,"duplicate":0,"error":0,"malformed":0,"noProgress":0,"abort":0},"ackSamples":"complete","ackEarlyInvalid":0,"ackEarlyUnsent":0,"ackLatency":{"count":0,"minUs":null,"p50Us":null,"p95Us":null,"p99Us":null,"maxUs":null},"durable":{"events":0,"finalOff":null}},"gattWrites":{"calls":1,"bytes":10,"errors":0,"minUs":0,"p50Us":0,"p95Us":0,"maxUs":0},"discovers":{"calls":0,"errors":0,"minUs":null,"p50Us":null,"p95Us":null,"maxUs":null},"platformWrites":{"calls":0,"bytes":0,"errors":0,"minUs":null,"p50Us":null,"p95Us":null,"maxUs":null}}
OTA_LINK_STATS {"schema":1,"label":"probe","device":"AA:BB","attempt":null,"clock":"stopwatch-mono-us","phases":{"reconnect":[16,1055811]},"failure":{"stage":null,"reason":null},"attempts":[{"n":1,"outcome":"completed"}],"attemptEndUs":1055808,"bind":{"charsUs":null,"found":false,"writeMode":null,"mtuRequested":0,"mtuChunkBytes":0,"mtuSource":null,"mtuUs":null,"subscribeUs":null,"subscribeOk":false,"phaseUs":null},"getInfo":{"calls":0,"failures":0,"totalUs":0},"transfer":{"startUs":null,"endAckUs":null,"elapsedUs":null,"outcome":null,"segmentsUnique":0,"segmentSendTotal":0,"retransmitFrames":0,"acks":{"ok":0,"duplicate":0,"error":0,"malformed":0,"noProgress":0,"abort":0},"ackSamples":"complete","ackEarlyInvalid":0,"ackEarlyUnsent":0,"ackLatency":{"count":0,"minUs":null,"p50Us":null,"p95Us":null,"p99Us":null,"maxUs":null},"durable":{"events":0,"finalOff":null}},"gattWrites":{"calls":0,"bytes":0,"errors":0,"minUs":null,"p50Us":null,"p95Us":null,"maxUs":null},"discovers":{"calls":0,"errors":0,"minUs":null,"p50Us":null,"p95Us":null,"maxUs":null},"platformWrites":{"calls":0,"bytes":0,"errors":0,"minUs":null,"p50Us":null,"p95Us":null,"maxUs":null}}
OTA_MONO MONO_REBOOT_VERIFIED monoUs=7377853 wallUs=1789560679235335
00:24 +158 -2: /home/runner/work/E-Track/E-Track/app/bluetooth_flutter_Trace/test/ota/ota_service_upgrade_test.dart: 窗口内多轮旧身份后确认目标：interval 注入下轮询推进（O4 整改）
OTA_LINK_SAMPLE label=upgrade kind=gatt_write us=0 bytes=10
OTA_LINK_SAMPLE label=upgrade kind=get_info us=893 ok=1
OTA_MONO MONO_BUDGET_START monoUs=7398124 wallUs=1789560679255606
OTA_LINK_SAMPLE label=upgrade kind=gatt_write us=0 bytes=111
OTA_LINK_SAMPLE label=upgrade kind=durable us=3564 off=0
OTA_LINK_SAMPLE label=upgrade kind=gatt_write us=0 bytes=142
OTA_LINK_SAMPLE label=upgrade kind=segment_first_send us=4472 off=0 len=128
OTA sent 128/1024
OTA_LINK_SAMPLE label=upgrade kind=ack_latency us=394 off=0
OTA_LINK_SAMPLE label=upgrade kind=gatt_write us=0 bytes=142
OTA_LINK_SAMPLE label=upgrade kind=segment_first_send us=5597 off=128 len=128
OTA sent 256/1024
OTA_LINK_SAMPLE label=upgrade kind=ack_latency us=298 off=128
OTA_LINK_SAMPLE label=upgrade kind=gatt_write us=0 bytes=142
OTA_LINK_SAMPLE label=upgrade kind=segment_first_send us=6663 off=256 len=128
OTA sent 384/1024
OTA_LINK_SAMPLE label=upgrade kind=ack_latency us=403 off=256
OTA_LINK_SAMPLE label=upgrade kind=gatt_write us=0 bytes=142
OTA_LINK_SAMPLE label=upgrade kind=segment_first_send us=7859 off=384 len=128
OTA sent 512/1024
OTA_LINK_SAMPLE label=upgrade kind=ack_latency us=407 off=384
OTA_LINK_SAMPLE label=upgrade kind=gatt_write us=0 bytes=142
OTA_LINK_SAMPLE label=upgrade kind=segment_first_send us=9082 off=512 len=128
OTA sent 640/1024
OTA_LINK_SAMPLE label=upgrade kind=ack_latency us=396 off=512
OTA_LINK_SAMPLE label=upgrade kind=gatt_write us=0 bytes=142
OTA_LINK_SAMPLE label=upgrade kind=segment_first_send us=10305 off=640 len=128
OTA sent 768/1024
OTA_LINK_SAMPLE label=upgrade kind=ack_latency us=384 off=640
OTA_LINK_SAMPLE label=upgrade kind=gatt_write us=0 bytes=142
OTA_LINK_SAMPLE label=upgrade kind=segment_first_send us=11458 off=768 len=128
OTA sent 896/1024
OTA_LINK_SAMPLE label=upgrade kind=ack_latency us=397 off=768
OTA_LINK_SAMPLE label=upgrade kind=gatt_write us=0 bytes=142
OTA_LINK_SAMPLE label=upgrade kind=segment_first_send us=12748 off=896 len=128
OTA sent 1024/1024
OTA_LINK_SAMPLE label=upgrade kind=ack_latency us=464 off=896
OTA_LINK_SAMPLE label=upgrade kind=durable us=13379 off=1024
OTA_MONO MONO_BUDGET_RESET monoUs=7409257 wallUs=1789560679266739 durable=1024
OTA_LINK_SAMPLE label=upgrade kind=gatt_write us=0 bytes=42
OTA_MONO MONO_END_ACK_OK monoUs=7410298 wallUs=1789560679267779 durable=1024
OTA_LINK_STATS {"schema":1,"label":"upgrade","device":"AA:BB","attempt":null,"clock":"stopwatch-mono-us","phases":{"bind":[1184,1373],"transfer":[2710,14818]},"failure":{"stage":null,"reason":null},"attempts":[],"attemptEndUs":null,"bind":{"charsUs":10,"found":true,"writeMode":"with","mtuRequested":247,"mtuChunkBytes":247,"mtuSource":null,"mtuUs":0,"subscribeUs":0,"subscribeOk":true,"phaseUs":189},"getInfo":{"calls":1,"failures":0,"totalUs":893},"transfer":{"startUs":2708,"endAckUs":14804,"elapsedUs":12096,"outcome":"ok","segmentsUnique":8,"segmentSendTotal":8,"retransmitFrames":0,"acks":{"ok":8,"duplicate":0,"error":0,"malformed":0,"noProgress":0,"abort":0},"ackSamples":"complete","ackEarlyInvalid":0,"ackEarlyUnsent":0,"ackLatency":{"count":8,"minUs":298,"p50Us":396,"p95Us":464,"p99Us":464,"maxUs":464},"durable":{"events":2,"finalOff":1024}},"gattWrites":{"calls":11,"bytes":1299,"errors":0,"minUs":0,"p50Us":0,"p95Us":0,"maxUs":0},"discovers":{"calls":0,"errors":0,"minUs":null,"p50Us":null,"p95Us":null,"maxUs":null},"platformWrites":{"calls":0,"bytes":0,"errors":0,"minUs":null,"p50Us":null,"p95Us":null,"maxUs":null}}
OTA_LINK_SAMPLE label=probe kind=gatt_write us=0 bytes=10
OTA_LINK_SAMPLE label=probe kind=get_info us=739 ok=1
OTA_LINK_STATS {"schema":1,"label":"probe","device":"AA:BB","attempt":1,"clock":"stopwatch-mono-us","phases":{"probe_attempt":[4,1298],"bind":[127,300]},"failure":{"stage":null,"reason":null},"attempts":[{"n":1,"outcome":"no_verdict"}],"attemptEndUs":1295,"bind":{"charsUs":5,"found":true,"writeMode":"with","mtuRequested":247,"mtuChunkBytes":247,"mtuSource":null,"mtuUs":0,"subscribeUs":0,"subscribeOk":true,"phaseUs":173},"getInfo":{"calls":1,"failures":0,"totalUs":739},"transfer":{"startUs":null,"endAckUs":null,"elapsedUs":null,"outcome":null,"segmentsUnique":0,"segmentSendTotal":0,"retransmitFrames":0,"acks":{"ok":0,"duplicate":0,"error":0,"malformed":0,"noProgress":0,"abort":0},"ackSamples":"complete","ackEarlyInvalid":0,"ackEarlyUnsent":0,"ackLatency":{"count":0,"minUs":null,"p50Us":null,"p95Us":null,"p99Us":null,"maxUs":null},"durable":{"events":0,"finalOff":null}},"gattWrites":{"calls":1,"bytes":10,"errors":0,"minUs":0,"p50Us":0,"p95Us":0,"maxUs":0},"discovers":{"calls":0,"errors":0,"minUs":null,"p50Us":null,"p95Us":null,"maxUs":null},"platformWrites":{"calls":0,"bytes":0,"errors":0,"minUs":null,"p50Us":null,"p95Us":null,"maxUs":null}}
OTA_LINK_SAMPLE label=probe kind=gatt_write us=0 bytes=10
OTA_LINK_SAMPLE label=probe kind=get_info us=1197 ok=1
OTA_LINK_STATS {"schema":1,"label":"probe","device":"AA:BB","attempt":2,"clock":"stopwatch-mono-us","phases":{"probe_attempt":[24,2117],"bind":[338,521]},"failure":{"stage":null,"reason":null},"attempts":[{"n":1,"outcome":"no_verdict"}],"attemptEndUs":2112,"bind":{"charsUs":17,"found":true,"writeMode":"with","mtuRequested":247,"mtuChunkBytes":247,"mtuSource":null,"mtuUs":0,"subscribeUs":0,"subscribeOk":true,"phaseUs":183},"getInfo":{"calls":1,"failures":0,"totalUs":1197},"transfer":{"startUs":null,"endAckUs":null,"elapsedUs":null,"outcome":null,"segmentsUnique":0,"segmentSendTotal":0,"retransmitFrames":0,"acks":{"ok":0,"duplicate":0,"error":0,"malformed":0,"noProgress":0,"abort":0},"ackSamples":"complete","ackEarlyInvalid":0,"ackEarlyUnsent":0,"ackLatency":{"count":0,"minUs":null,"p50Us":null,"p95Us":null,"p99Us":null,"maxUs":null},"durable":{"events":0,"finalOff":null}},"gattWrites":{"calls":1,"bytes":10,"errors":0,"minUs":0,"p50Us":0,"p95Us":0,"maxUs":0},"discovers":{"calls":0,"errors":0,"minUs":null,"p50Us":null,"p95Us":null,"maxUs":null},"platformWrites":{"calls":0,"bytes":0,"errors":0,"minUs":null,"p50Us":null,"p95Us":null,"maxUs":null}}
OTA_LINK_SAMPLE label=probe kind=gatt_write us=0 bytes=10
OTA_LINK_SAMPLE label=probe kind=get_info us=1026 ok=1
OTA_LINK_STATS {"schema":1,"label":"probe","device":"AA:BB","attempt":3,"clock":"stopwatch-mono-us","phases":{"probe_attempt":[24,1879],"bind":[288,451]},"failure":{"stage":null,"reason":null},"attempts":[{"n":1,"outcome":"no_verdict"}],"attemptEndUs":1875,"bind":{"charsUs":9,"found":true,"writeMode":"with","mtuRequested":247,"mtuChunkBytes":247,"mtuSource":null,"mtuUs":0,"subscribeUs":0,"subscribeOk":true,"phaseUs":163},"getInfo":{"calls":1,"failures":0,"totalUs":1026},"transfer":{"startUs":null,"endAckUs":null,"elapsedUs":null,"outcome":null,"segmentsUnique":0,"segmentSendTotal":0,"retransmitFrames":0,"acks":{"ok":0,"duplicate":0,"error":0,"malformed":0,"noProgress":0,"abort":0},"ackSamples":"complete","ackEarlyInvalid":0,"ackEarlyUnsent":0,"ackLatency":{"count":0,"minUs":null,"p50Us":null,"p95Us":null,"p99Us":null,"maxUs":null},"durable":{"events":0,"finalOff":null}},"gattWrites":{"calls":1,"bytes":10,"errors":0,"minUs":0,"p50Us":0,"p95Us":0,"maxUs":0},"discovers":{"calls":0,"errors":0,"minUs":null,"p50Us":null,"p95Us":null,"maxUs":null},"platformWrites":{"calls":0,"bytes":0,"errors":0,"minUs":null,"p50Us":null,"p95Us":null,"maxUs":null}}
OTA_LINK_SAMPLE label=probe kind=gatt_write us=0 bytes=10
OTA_LINK_SAMPLE label=probe kind=get_info us=1084 ok=1
OTA_LINK_STATS {"schema":1,"label":"probe","device":"AA:BB","attempt":4,"clock":"stopwatch-mono-us","phases":{"probe_attempt":[21,2179],"bind":[304,473]},"failure":{"stage":null,"reason":null},"attempts":[{"n":1,"outcome":"completed"}],"attemptEndUs":2165,"bind":{"charsUs":14,"found":true,"writeMode":"with","mtuRequested":247,"mtuChunkBytes":247,"mtuSource":null,"mtuUs":0,"subscribeUs":0,"subscribeOk":true,"phaseUs":169},"getInfo":{"calls":1,"failures":0,"totalUs":1084},"transfer":{"startUs":null,"endAckUs":null,"elapsedUs":null,"outcome":null,"segmentsUnique":0,"segmentSendTotal":0,"retransmitFrames":0,"acks":{"ok":0,"duplicate":0,"error":0,"malformed":0,"noProgress":0,"abort":0},"ackSamples":"complete","ackEarlyInvalid":0,"ackEarlyUnsent":0,"ackLatency":{"count":0,"minUs":null,"p50Us":null,"p95Us":null,"p99Us":null,"maxUs":null},"durable":{"events":0,"finalOff":null}},"gattWrites":{"calls":1,"bytes":10,"errors":0,"minUs":0,"p50Us":0,"p95Us":0,"maxUs":0},"discovers":{"calls":0,"errors":0,"minUs":null,"p50Us":null,"p95Us":null,"maxUs":null},"platformWrites":{"calls":0,"bytes":0,"errors":0,"minUs":null,"p50Us":null,"p95Us":null,"maxUs":null}}
OTA_LINK_STATS {"schema":1,"label":"probe","device":"AA:BB","attempt":null,"clock":"stopwatch-mono-us","phases":{"reconnect":[11,312856]},"failure":{"stage":null,"reason":null},"attempts":[{"n":1,"outcome":"completed"}],"attemptEndUs":312852,"bind":{"charsUs":null,"found":false,"writeMode":null,"mtuRequested":0,"mtuChunkBytes":0,"mtuSource":null,"mtuUs":null,"subscribeUs":null,"subscribeOk":false,"phaseUs":null},"getInfo":{"calls":0,"failures":0,"totalUs":0},"transfer":{"startUs":null,"endAckUs":null,"elapsedUs":null,"outcome":null,"segmentsUnique":0,"segmentSendTotal":0,"retransmitFrames":0,"acks":{"ok":0,"duplicate":0,"error":0,"malformed":0,"noProgress":0,"abort":0},"ackSamples":"complete","ackEarlyInvalid":0,"ackEarlyUnsent":0,"ackLatency":{"count":0,"minUs":null,"p50Us":null,"p95Us":null,"p99Us":null,"maxUs":null},"durable":{"events":0,"finalOff":null}},"gattWrites":{"calls":0,"bytes":0,"errors":0,"minUs":null,"p50Us":null,"p95Us":null,"maxUs":null},"discovers":{"calls":0,"errors":0,"minUs":null,"p50Us":null,"p95Us":null,"maxUs":null},"platformWrites":{"calls":0,"bytes":0,"errors":0,"minUs":null,"p50Us":null,"p95Us":null,"maxUs":null}}
00:25 +159 -2: /home/runner/work/E-Track/E-Track/app/bluetooth_flutter_Trace/test/ota/ota_service_upgrade_test.dart: 窗口耗尽 timedOut：文案说明升级可能已完成且可稍后重试（O4 整改）
00:25 +160 -2: /home/runner/work/E-Track/E-Track/app/bluetooth_flutter_Trace/test/ota/ota_service_upgrade_test.dart: 传输在途二次 start：同步段忙锁拒绝，不打断在途传输（RC3-04）
00:25 +161 -2: /home/runner/work/E-Track/E-Track/app/bluetooth_flutter_Trace/test/ota/ota_service_upgrade_test.dart: 传输在途取消：ABORT 送达 MCU、cancelled 终态不被旧 ACK 复活、包保留（RC3-04/05）
00:25 +162 -2: /home/runner/work/E-Track/E-Track/app/bluetooth_flutter_Trace/test/ota/ota_service_upgrade_test.dart: 小 MTU 分片在途取消：ABORT 经写串行化完整送达，不撕裂在途帧（RC3-05⑤）
00:26 +162 -2: /home/runner/work/E-Track/E-Track/app/bluetooth_flutter_Trace/test/ota/ota_service_upgrade_test.dart: 窗口内多轮旧身份后确认目标：interval 注入下轮询推进（O4 整改）
OTA_MONO MONO_REBOOT_VERIFIED monoUs=7724451 wallUs=1789560679581935
OTA_LINK_SAMPLE label=upgrade kind=gatt_write us=0 bytes=10
OTA_LINK_SAMPLE label=upgrade kind=get_info us=491 ok=1
OTA_MONO MONO_BUDGET_START monoUs=7748682 wallUs=1789560679606162
OTA_LINK_SAMPLE label=upgrade kind=gatt_write us=0 bytes=111
OTA_LINK_SAMPLE label=upgrade kind=durable us=2553 off=0
OTA_LINK_SAMPLE label=upgrade kind=gatt_write us=0 bytes=142
OTA_LINK_SAMPLE label=upgrade kind=segment_first_send us=2879 off=0 len=128
OTA sent 128/1024
OTA_LINK_SAMPLE label=upgrade kind=ack_latency us=949 off=0
OTA_LINK_SAMPLE label=upgrade kind=gatt_write us=0 bytes=142
OTA_LINK_SAMPLE label=upgrade kind=segment_first_send us=4249 off=128 len=128
OTA sent 256/1024
OTA_LINK_SAMPLE label=upgrade kind=ack_latency us=77 off=128
OTA_LINK_SAMPLE label=upgrade kind=gatt_write us=0 bytes=142
OTA_LINK_SAMPLE label=upgrade kind=segment_first_send us=4744 off=256 len=128
OTA sent 384/1024
OTA_LINK_SAMPLE label=upgrade kind=ack_latency us=526 off=256
OTA_LINK_SAMPLE label=upgrade kind=gatt_write us=0 bytes=142
OTA_LINK_SAMPLE label=upgrade kind=segment_first_send us=5710 off=384 len=128
OTA sent 512/1024
OTA_LINK_SAMPLE label=upgrade kind=ack_latency us=80 off=384
OTA_LINK_SAMPLE label=upgrade kind=gatt_write us=0 bytes=142
OTA_LINK_SAMPLE label=upgrade kind=segment_first_send us=6279 off=512 len=128
OTA sent 640/1024
OTA_LINK_SAMPLE label=upgrade kind=ack_latency us=84 off=512
OTA_LINK_SAMPLE label=upgrade kind=gatt_write us=0 bytes=142
OTA_LINK_SAMPLE label=upgrade kind=segment_first_send us=6772 off=640 len=128
OTA sent 768/1024
OTA_LINK_SAMPLE label=upgrade kind=ack_latency us=73 off=640
OTA_LINK_SAMPLE label=upgrade kind=gatt_write us=0 bytes=142
OTA_LINK_SAMPLE label=upgrade kind=segment_first_send us=7446 off=768 len=128
OTA sent 896/1024
OTA_LINK_SAMPLE label=upgrade kind=ack_latency us=132 off=768
OTA_LINK_SAMPLE label=upgrade kind=gatt_write us=0 bytes=142
OTA_LINK_SAMPLE label=upgrade kind=segment_first_send us=7918 off=896 len=128
OTA sent 1024/1024
OTA_LINK_SAMPLE label=upgrade kind=ack_latency us=90 off=896
OTA_LINK_SAMPLE label=upgrade kind=durable us=8026 off=1024
OTA_MONO MONO_BUDGET_RESET monoUs=7754743 wallUs=1789560679612224 durable=1024
OTA_LINK_SAMPLE label=upgrade kind=gatt_write us=0 bytes=42
OTA_MONO MONO_END_ACK_OK monoUs=7755343 wallUs=1789560679612823 durable=1024
OTA_LINK_STATS {"schema":1,"label":"upgrade","device":"AA:BB","attempt":null,"clock":"stopwatch-mono-us","phases":{"bind":[1331,1530],"transfer":[2154,8747]},"failure":{"stage":null,"reason":null},"attempts":[],"attemptEndUs":null,"bind":{"charsUs":7,"found":true,"writeMode":"with","mtuRequested":247,"mtuChunkBytes":247,"mtuSource":null,"mtuUs":0,"subscribeUs":0,"subscribeOk":true,"phaseUs":199},"getInfo":{"calls":1,"failures":0,"totalUs":491},"transfer":{"startUs":2152,"endAckUs":8737,"elapsedUs":6585,"outcome":"ok","segmentsUnique":8,"segmentSendTotal":8,"retransmitFrames":0,"acks":{"ok":8,"duplicate":0,"error":0,"malformed":0,"noProgress":0,"abort":0},"ackSamples":"complete","ackEarlyInvalid":0,"ackEarlyUnsent":0,"ackLatency":{"count":8,"minUs":73,"p50Us":84,"p95Us":949,"p99Us":949,"maxUs":949},"durable":{"events":2,"finalOff":1024}},"gattWrites":{"calls":11,"bytes":1299,"errors":0,"minUs":0,"p50Us":0,"p95Us":0,"maxUs":0},"discovers":{"calls":0,"errors":0,"minUs":null,"p50Us":null,"p95Us":null,"maxUs":null},"platformWrites":{"calls":0,"bytes":0,"errors":0,"minUs":null,"p50Us":null,"p95Us":null,"maxUs":null}}
OTA_LINK_SAMPLE label=probe kind=gatt_write us=0 bytes=10
OTA_LINK_SAMPLE label=probe kind=get_info us=464 ok=1
OTA_LINK_STATS {"schema":1,"label":"probe","device":"AA:BB","attempt":1,"clock":"stopwatch-mono-us","phases":{"probe_attempt":[4,765],"bind":[80,209]},"failure":{"stage":null,"reason":null},"attempts":[{"n":1,"outcome":"no_verdict"}],"attemptEndUs":762,"bind":{"charsUs":3,"found":true,"writeMode":"with","mtuRequested":247,"mtuChunkBytes":247,"mtuSource":null,"mtuUs":0,"subscribeUs":0,"subscribeOk":true,"phaseUs":129},"getInfo":{"calls":1,"failures":0,"totalUs":464},"transfer":{"startUs":null,"endAckUs":null,"elapsedUs":null,"outcome":null,"segmentsUnique":0,"segmentSendTotal":0,"retransmitFrames":0,"acks":{"ok":0,"duplicate":0,"error":0,"malformed":0,"noProgress":0,"abort":0},"ackSamples":"complete","ackEarlyInvalid":0,"ackEarlyUnsent":0,"ackLatency":{"count":0,"minUs":null,"p50Us":null,"p95Us":null,"p99Us":null,"maxUs":null},"durable":{"events":0,"finalOff":null}},"gattWrites":{"calls":1,"bytes":10,"errors":0,"minUs":0,"p50Us":0,"p95Us":0,"maxUs":0},"discovers":{"calls":0,"errors":0,"minUs":null,"p50Us":null,"p95Us":null,"maxUs":null},"platformWrites":{"calls":0,"bytes":0,"errors":0,"minUs":null,"p50Us":null,"p95Us":null,"maxUs":null}}
OTA_LINK_SAMPLE label=probe kind=gatt_write us=0 bytes=10
OTA_LINK_SAMPLE label=probe kind=get_info us=642 ok=1
OTA_LINK_STATS {"schema":1,"label":"probe","device":"AA:BB","attempt":2,"clock":"stopwatch-mono-us","phases":{"probe_attempt":[22,1205],"bind":[288,451]},"failure":{"stage":null,"reason":null},"attempts":[{"n":1,"outcome":"no_verdict"}],"attemptEndUs":1202,"bind":{"charsUs":8,"found":true,"writeMode":"with","mtuRequested":247,"mtuChunkBytes":247,"mtuSource":null,"mtuUs":0,"subscribeUs":0,"subscribeOk":true,"phaseUs":163},"getInfo":{"calls":1,"failures":0,"totalUs":642},"transfer":{"startUs":null,"endAckUs":null,"elapsedUs":null,"outcome":null,"segmentsUnique":0,"segmentSendTotal":0,"retransmitFrames":0,"acks":{"ok":0,"duplicate":0,"error":0,"malformed":0,"noProgress":0,"abort":0},"ackSamples":"complete","ackEarlyInvalid":0,"ackEarlyUnsent":0,"ackLatency":{"count":0,"minUs":null,"p50Us":null,"p95Us":null,"p99Us":null,"maxUs":null},"durable":{"events":0,"finalOff":null}},"gattWrites":{"calls":1,"bytes":10,"errors":0,"minUs":0,"p50Us":0,"p95Us":0,"maxUs":0},"discovers":{"calls":0,"errors":0,"minUs":null,"p50Us":null,"p95Us":null,"maxUs":null},"platformWrites":{"calls":0,"bytes":0,"errors":0,"minUs":null,"p50Us":null,"p95Us":null,"maxUs":null}}
OTA_LINK_SAMPLE label=probe kind=gatt_write us=0 bytes=10
OTA_LINK_SAMPLE label=probe kind=get_info us=667 ok=1
OTA_LINK_STATS {"schema":1,"label":"probe","device":"AA:BB","attempt":3,"clock":"stopwatch-mono-us","phases":{"probe_attempt":[23,1291],"bind":[314,508]},"failure":{"stage":null,"reason":null},"attempts":[{"n":1,"outcome":"no_verdict"}],"attemptEndUs":1288,"bind":{"charsUs":9,"found":true,"writeMode":"with","mtuRequested":247,"mtuChunkBytes":247,"mtuSource":null,"mtuUs":0,"subscribeUs":0,"subscribeOk":true,"phaseUs":194},"getInfo":{"calls":1,"failures":0,"totalUs":667},"transfer":{"startUs":null,"endAckUs":null,"elapsedUs":null,"outcome":null,"segmentsUnique":0,"segmentSendTotal":0,"retransmitFrames":0,"acks":{"ok":0,"duplicate":0,"error":0,"malformed":0,"noProgress":0,"abort":0},"ackSamples":"complete","ackEarlyInvalid":0,"ackEarlyUnsent":0,"ackLatency":{"count":0,"minUs":null,"p50Us":null,"p95Us":null,"p99Us":null,"maxUs":null},"durable":{"events":0,"finalOff":null}},"gattWrites":{"calls":1,"bytes":10,"errors":0,"minUs":0,"p50Us":0,"p95Us":0,"maxUs":0},"discovers":{"calls":0,"errors":0,"minUs":null,"p50Us":null,"p95Us":null,"maxUs":null},"platformWrites":{"calls":0,"bytes":0,"errors":0,"minUs":null,"p50Us":null,"p95Us":null,"maxUs":null}}
OTA_LINK_SAMPLE label=probe kind=gatt_write us=0 bytes=10
OTA_LINK_SAMPLE label=probe kind=get_info us=667 ok=1
OTA_LINK_STATS {"schema":1,"label":"probe","device":"AA:BB","attempt":4,"clock":"stopwatch-mono-us","phases":{"probe_attempt":[21,1191],"bind":[255,410]},"failure":{"stage":null,"reason":null},"attempts":[{"n":1,"outcome":"no_verdict"}],"attemptEndUs":1188,"bind":{"charsUs":7,"found":true,"writeMode":"with","mtuRequested":247,"mtuChunkBytes":247,"mtuSource":null,"mtuUs":0,"subscribeUs":0,"subscribeOk":true,"phaseUs":155},"getInfo":{"calls":1,"failures":0,"totalUs":667},"transfer":{"startUs":null,"endAckUs":null,"elapsedUs":null,"outcome":null,"segmentsUnique":0,"segmentSendTotal":0,"retransmitFrames":0,"acks":{"ok":0,"duplicate":0,"error":0,"malformed":0,"noProgress":0,"abort":0},"ackSamples":"complete","ackEarlyInvalid":0,"ackEarlyUnsent":0,"ackLatency":{"count":0,"minUs":null,"p50Us":null,"p95Us":null,"p99Us":null,"maxUs":null},"durable":{"events":0,"finalOff":null}},"gattWrites":{"calls":1,"bytes":10,"errors":0,"minUs":0,"p50Us":0,"p95Us":0,"maxUs":0},"discovers":{"calls":0,"errors":0,"minUs":null,"p50Us":null,"p95Us":null,"maxUs":null},"platformWrites":{"calls":0,"bytes":0,"errors":0,"minUs":null,"p50Us":null,"p95Us":null,"maxUs":null}}
OTA_LINK_SAMPLE label=probe kind=gatt_write us=0 bytes=10
OTA_LINK_SAMPLE label=probe kind=get_info us=692 ok=1
OTA_LINK_STATS {"schema":1,"label":"probe","device":"AA:BB","attempt":5,"clock":"stopwatch-mono-us","phases":{"probe_attempt":[21,1242],"bind":[271,436]},"failure":{"stage":null,"reason":null},"attempts":[{"n":1,"outcome":"no_verdict"}],"attemptEndUs":1239,"bind":{"charsUs":8,"found":true,"writeMode":"with","mtuRequested":247,"mtuChunkBytes":247,"mtuSource":null,"mtuUs":0,"subscribeUs":0,"subscribeOk":true,"phaseUs":165},"getInfo":{"calls":1,"failures":0,"totalUs":692},"transfer":{"startUs":null,"endAckUs":null,"elapsedUs":null,"outcome":null,"segmentsUnique":0,"segmentSendTotal":0,"retransmitFrames":0,"acks":{"ok":0,"duplicate":0,"error":0,"malformed":0,"noProgress":0,"abort":0},"ackSamples":"complete","ackEarlyInvalid":0,"ackEarlyUnsent":0,"ackLatency":{"count":0,"minUs":null,"p50Us":null,"p95Us":null,"p99Us":null,"maxUs":null},"durable":{"events":0,"finalOff":null}},"gattWrites":{"calls":1,"bytes":10,"errors":0,"minUs":0,"p50Us":0,"p95Us":0,"maxUs":0},"discovers":{"calls":0,"errors":0,"minUs":null,"p50Us":null,"p95Us":null,"maxUs":null},"platformWrites":{"calls":0,"bytes":0,"errors":0,"minUs":null,"p50Us":null,"p95Us":null,"maxUs":null}}
OTA_LINK_SAMPLE label=probe kind=gatt_write us=0 bytes=10
OTA_LINK_SAMPLE label=probe kind=get_info us=606 ok=1
OTA_LINK_STATS {"schema":1,"label":"probe","device":"AA:BB","attempt":6,"clock":"stopwatch-mono-us","phases":{"probe_attempt":[21,1125],"bind":[256,404]},"failure":{"stage":null,"reason":null},"attempts":[{"n":1,"outcome":"no_verdict"}],"attemptEndUs":1122,"bind":{"charsUs":7,"found":true,"writeMode":"with","mtuRequested":247,"mtuChunkBytes":247,"mtuSource":null,"mtuUs":0,"subscribeUs":0,"subscribeOk":true,"phaseUs":148},"getInfo":{"calls":1,"failures":0,"totalUs":606},"transfer":{"startUs":null,"endAckUs":null,"elapsedUs":null,"outcome":null,"segmentsUnique":0,"segmentSendTotal":0,"retransmitFrames":0,"acks":{"ok":0,"duplicate":0,"error":0,"malformed":0,"noProgress":0,"abort":0},"ackSamples":"complete","ackEarlyInvalid":0,"ackEarlyUnsent":0,"ackLatency":{"count":0,"minUs":null,"p50Us":null,"p95Us":null,"p99Us":null,"maxUs":null},"durable":{"events":0,"finalOff":null}},"gattWrites":{"calls":1,"bytes":10,"errors":0,"minUs":0,"p50Us":0,"p95Us":0,"maxUs":0},"discovers":{"calls":0,"errors":0,"minUs":null,"p50Us":null,"p95Us":null,"maxUs":null},"platformWrites":{"calls":0,"bytes":0,"errors":0,"minUs":null,"p50Us":null,"p95Us":null,"maxUs":null}}
OTA_LINK_STATS {"schema":1,"label":"probe","device":"AA:BB","attempt":null,"clock":"stopwatch-mono-us","phases":{"reconnect":[8,600454]},"failure":{"stage":null,"reason":null},"attempts":[{"n":1,"outcome":"timedOut"}],"attemptEndUs":600447,"bind":{"charsUs":null,"found":false,"writeMode":null,"mtuRequested":0,"mtuChunkBytes":0,"mtuSource":null,"mtuUs":null,"subscribeUs":null,"subscribeOk":false,"phaseUs":null},"getInfo":{"calls":0,"failures":0,"totalUs":0},"transfer":{"startUs":null,"endAckUs":null,"elapsedUs":null,"outcome":null,"segmentsUnique":0,"segmentSendTotal":0,"retransmitFrames":0,"acks":{"ok":0,"duplicate":0,"error":0,"malformed":0,"noProgress":0,"abort":0},"ackSamples":"complete","ackEarlyInvalid":0,"ackEarlyUnsent":0,"ackLatency":{"count":0,"minUs":null,"p50Us":null,"p95Us":null,"p99Us":null,"maxUs":null},"durable":{"events":0,"finalOff":null}},"gattWrites":{"calls":0,"bytes":0,"errors":0,"minUs":null,"p50Us":null,"p95Us":null,"maxUs":null},"discovers":{"calls":0,"errors":0,"minUs":null,"p50Us":null,"p95Us":null,"maxUs":null},"platformWrites":{"calls":0,"bytes":0,"errors":0,"minUs":null,"p50Us":null,"p95Us":null,"maxUs":null}}
OTA_LINK_SAMPLE label=upgrade kind=gatt_write us=0 bytes=10
00:26 +163 -2: /home/runner/work/E-Track/E-Track/app/bluetooth_flutter_Trace/test/ota/ota_service_upgrade_test.dart: 清包纳入 owner：清包期间新传输入口被拒，完成后状态一致发布（RC3-12）
00:26 +164 -2: /home/runner/work/E-Track/E-Track/app/bluetooth_flutter_Trace/test/ota/ota_service_upgrade_test.dart: 传输在途取消删除包：cancelled 终态与包删除一次性一致发布（RC3-12）
00:27 +165 -2: /home/runner/work/E-Track/E-Track/app/bluetooth_flutter_Trace/test/ota/ota_service_upgrade_test.dart: 终止闭锁经重新读取身份解锁：身份漂移作废旧清单与包（RC3-08⑤/12⑤）
00:27 +166 -2: /home/runner/work/E-Track/E-Track/app/bluetooth_flutter_Trace/test/ota/ota_service_upgrade_test.dart: 下载 INVALID_PARAMETER 稳定闭锁：终止态在入口拦截后续下载（RC3-10⑤）
00:27 +167 -2: /home/runner/work/E-Track/E-Track/app/bluetooth_flutter_Trace/test/ota/ota_service_upgrade_test.dart: 稳定终止复位刷新标志：解锁重查后的普通失败不得触发本轮自动刷新（RC3-10⑤）
00:27 +167 -2: /home/runner/work/E-Track/E-Track/app/bluetooth_flutter_Trace/test/ota/ota_service_upgrade_test.dart: 窗口内多轮旧身份后确认目标：interval 注入下轮询推进（O4 整改）
OTA_LINK_SAMPLE label=upgrade kind=get_info us=446 ok=1
OTA_MONO MONO_BUDGET_START monoUs=8376483 wallUs=1789560680233962
OTA_LINK_SAMPLE label=upgrade kind=gatt_write us=0 bytes=111
OTA_LINK_SAMPLE label=upgrade kind=durable us=2414 off=0
OTA_LINK_SAMPLE label=upgrade kind=gatt_write us=0 bytes=142
OTA_LINK_SAMPLE label=upgrade kind=segment_first_send us=3209 off=0 len=128
OTA sent 128/1024
OTA_LINK_SAMPLE label=upgrade kind=ack_latency us=416 off=0
OTA_LINK_SAMPLE label=upgrade kind=gatt_write us=0 bytes=142
OTA_LINK_SAMPLE label=upgrade kind=segment_first_send us=3952 off=128 len=128
OTA sent 256/1024
OTA_LINK_SAMPLE label=upgrade kind=ack_latency us=59 off=128
OTA_LINK_SAMPLE label=upgrade kind=gatt_write us=0 bytes=142
OTA_LINK_SAMPLE label=upgrade kind=segment_first_send us=4348 off=256 len=128
OTA sent 384/1024
OTA_LINK_SAMPLE label=upgrade kind=ack_latency us=55 off=256
OTA_LINK_SAMPLE label=upgrade kind=gatt_write us=0 bytes=142
OTA_LINK_SAMPLE label=upgrade kind=segment_first_send us=4695 off=384 len=128
OTA sent 512/1024
OTA_LINK_SAMPLE label=upgrade kind=ack_latency us=53 off=384
OTA_LINK_SAMPLE label=upgrade kind=gatt_write us=0 bytes=142
OTA_LINK_SAMPLE label=upgrade kind=segment_first_send us=5088 off=512 len=128
OTA sent 640/1024
OTA_LINK_SAMPLE label=upgrade kind=ack_latency us=60 off=512
OTA_LINK_SAMPLE label=upgrade kind=gatt_write us=0 bytes=142
OTA_LINK_SAMPLE label=upgrade kind=segment_first_send us=5485 off=640 len=128
OTA sent 768/1024
OTA_LINK_SAMPLE label=upgrade kind=ack_latency us=54 off=640
OTA_LINK_SAMPLE label=upgrade kind=gatt_write us=0 bytes=142
OTA_LINK_SAMPLE label=upgrade kind=segment_first_send us=5823 off=768 len=128
OTA sent 896/1024
OTA_LINK_SAMPLE label=upgrade kind=ack_latency us=52 off=768
OTA_LINK_SAMPLE label=upgrade kind=gatt_write us=0 bytes=142
OTA_LINK_SAMPLE label=upgrade kind=segment_first_send us=6289 off=896 len=128
OTA sent 1024/1024
OTA_LINK_SAMPLE label=upgrade kind=ack_latency us=96 off=896
OTA_LINK_SAMPLE label=upgrade kind=durable us=6400 off=1024
OTA_MONO MONO_BUDGET_RESET monoUs=8380975 wallUs=1789560680238454 durable=1024
OTA_LINK_SAMPLE label=upgrade kind=gatt_write us=0 bytes=42
OTA_MONO MONO_END_ACK_OK monoUs=8381356 wallUs=1789560680238835 durable=1024
OTA_LINK_STATS {"schema":1,"label":"upgrade","device":"AA:BB","attempt":null,"clock":"stopwatch-mono-us","phases":{"bind":[1260,1465],"transfer":[1998,6858]},"failure":{"stage":null,"reason":null},"attempts":[],"attemptEndUs":null,"bind":{"charsUs":5,"found":true,"writeMode":"with","mtuRequested":247,"mtuChunkBytes":247,"mtuSource":null,"mtuUs":0,"subscribeUs":0,"subscribeOk":true,"phaseUs":205},"getInfo":{"calls":1,"failures":0,"totalUs":446},"transfer":{"startUs":1996,"endAckUs":6848,"elapsedUs":4852,"outcome":"ok","segmentsUnique":8,"segmentSendTotal":8,"retransmitFrames":0,"acks":{"ok":8,"duplicate":0,"error":0,"malformed":0,"noProgress":0,"abort":0},"ackSamples":"complete","ackEarlyInvalid":0,"ackEarlyUnsent":0,"ackLatency":{"count":8,"minUs":52,"p50Us":55,"p95Us":416,"p99Us":416,"maxUs":416},"durable":{"events":2,"finalOff":1024}},"gattWrites":{"calls":11,"bytes":1299,"errors":0,"minUs":0,"p50Us":0,"p95Us":0,"maxUs":0},"discovers":{"calls":0,"errors":0,"minUs":null,"p50Us":null,"p95Us":null,"maxUs":null},"platformWrites":{"calls":0,"bytes":0,"errors":0,"minUs":null,"p50Us":null,"p95Us":null,"maxUs":null}}
OTA_LINK_SAMPLE label=probe kind=gatt_write us=0 bytes=10
OTA_LINK_SAMPLE label=probe kind=get_info us=372 ok=1
OTA_LINK_STATS {"schema":1,"label":"probe","device":"AA:BB","attempt":1,"clock":"stopwatch-mono-us","phases":{"probe_attempt":[5,632],"bind":[79,180]},"failure":{"stage":null,"reason":null},"attempts":[{"n":1,"outcome":"completed"}],"attemptEndUs":630,"bind":{"charsUs":3,"found":true,"writeMode":"with","mtuRequested":247,"mtuChunkBytes":247,"mtuSource":null,"mtuUs":0,"subscribeUs":0,"subscribeOk":true,"phaseUs":101},"getInfo":{"calls":1,"failures":0,"totalUs":372},"transfer":{"startUs":null,"endAckUs":null,"elapsedUs":null,"outcome":null,"segmentsUnique":0,"segmentSendTotal":0,"retransmitFrames":0,"acks":{"ok":0,"duplicate":0,"error":0,"malformed":0,"noProgress":0,"abort":0},"ackSamples":"complete","ackEarlyInvalid":0,"ackEarlyUnsent":0,"ackLatency":{"count":0,"minUs":null,"p50Us":null,"p95Us":null,"p99Us":null,"maxUs":null},"durable":{"events":0,"finalOff":null}},"gattWrites":{"calls":1,"bytes":10,"errors":0,"minUs":0,"p50Us":0,"p95Us":0,"maxUs":0},"discovers":{"calls":0,"errors":0,"minUs":null,"p50Us":null,"p95Us":null,"maxUs":null},"platformWrites":{"calls":0,"bytes":0,"errors":0,"minUs":null,"p50Us":null,"p95Us":null,"maxUs":null}}
OTA_LINK_STATS {"schema":1,"label":"probe","device":"AA:BB","attempt":null,"clock":"stopwatch-mono-us","phases":{"reconnect":[10,839]},"failure":{"stage":null,"reason":null},"attempts":[{"n":1,"outcome":"completed"}],"attemptEndUs":838,"bind":{"charsUs":null,"found":false,"writeMode":null,"mtuRequested":0,"mtuChunkBytes":0,"mtuSource":null,"mtuUs":null,"subscribeUs":null,"subscribeOk":false,"phaseUs":null},"getInfo":{"calls":0,"failures":0,"totalUs":0},"transfer":{"startUs":null,"endAckUs":null,"elapsedUs":null,"outcome":null,"segmentsUnique":0,"segmentSendTotal":0,"retransmitFrames":0,"acks":{"ok":0,"duplicate":0,"error":0,"malformed":0,"noProgress":0,"abort":0},"ackSamples":"complete","ackEarlyInvalid":0,"ackEarlyUnsent":0,"ackLatency":{"count":0,"minUs":null,"p50Us":null,"p95Us":null,"p99Us":null,"maxUs":null},"durable":{"events":0,"finalOff":null}},"gattWrites":{"calls":0,"bytes":0,"errors":0,"minUs":null,"p50Us":null,"p95Us":null,"maxUs":null},"discovers":{"calls":0,"errors":0,"minUs":null,"p50Us":null,"p95Us":null,"maxUs":null},"platformWrites":{"calls":0,"bytes":0,"errors":0,"minUs":null,"p50Us":null,"p95Us":null,"maxUs":null}}
OTA_MONO MONO_REBOOT_VERIFIED monoUs=8382533 wallUs=1789560680240012
OTA_LINK_SAMPLE label=upgrade kind=gatt_write us=0 bytes=10
OTA_LINK_SAMPLE label=upgrade kind=get_info us=553 ok=1
OTA_MONO MONO_BUDGET_START monoUs=8402169 wallUs=1789560680259650
OTA_LINK_SAMPLE label=upgrade kind=gatt_write us=0 bytes=111
OTA_LINK_SAMPLE label=upgrade kind=durable us=2300 off=0
OTA_LINK_SAMPLE label=upgrade kind=gatt_write us=0 bytes=142
OTA_LINK_SAMPLE label=upgrade kind=segment_first_send us=2702 off=0 len=128
OTA sent 128/1024
OTA_LINK_SAMPLE label=upgrade kind=gatt_write us=0 bytes=142
OTA_LINK_SAMPLE label=upgrade kind=segment_first_send us=2992 off=128 len=128
OTA sent 256/1024
OTA_LINK_SAMPLE label=upgrade kind=gatt_write us=0 bytes=142
OTA_LINK_SAMPLE label=upgrade kind=segment_first_send us=3215 off=256 len=128
OTA sent 384/1024
OTA_LINK_SAMPLE label=upgrade kind=gatt_write us=0 bytes=142
OTA_LINK_SAMPLE label=upgrade kind=segment_first_send us=3436 off=384 len=128
OTA sent 512/1024
OTA_LINK_SAMPLE label=upgrade kind=gatt_write us=0 bytes=142
OTA_LINK_SAMPLE label=upgrade kind=segment_first_send us=3715 off=512 len=128
OTA sent 640/1024
OTA_LINK_SAMPLE label=upgrade kind=gatt_write us=0 bytes=142
OTA_LINK_SAMPLE label=upgrade kind=segment_first_send us=4009 off=640 len=128
OTA sent 768/1024
OTA_LINK_SAMPLE label=upgrade kind=gatt_write us=0 bytes=142
OTA_LINK_SAMPLE label=upgrade kind=segment_first_send us=4231 off=768 len=128
OTA sent 896/1024
OTA_LINK_SAMPLE label=upgrade kind=gatt_write us=0 bytes=142
OTA_LINK_SAMPLE label=upgrade kind=segment_first_send us=4528 off=896 len=128
OTA sent 1024/1024
OTA_MONO MONO_ABORT_BEGIN monoUs=8409675 wallUs=1789560680267158 code=USER_CANCEL
OTA_MONO MONO_WRITE_STOP monoUs=8409979 wallUs=1789560680267460
OTA_LINK_STATS {"schema":1,"label":"upgrade","device":"AA:BB","attempt":null,"clock":"stopwatch-mono-us","phases":{"bind":[1164,1342],"transfer":[1984,10997]},"failure":{"stage":"cancelled","reason":"cancel-window"},"attempts":[],"attemptEndUs":null,"bind":{"charsUs":7,"found":true,"writeMode":"with","mtuRequested":247,"mtuChunkBytes":247,"mtuSource":null,"mtuUs":0,"subscribeUs":0,"subscribeOk":true,"phaseUs":178},"getInfo":{"calls":1,"failures":0,"totalUs":553},"transfer":{"startUs":1982,"endAckUs":null,"elapsedUs":null,"outcome":"fail","segmentsUnique":8,"segmentSendTotal":8,"retransmitFrames":0,"acks":{"ok":0,"duplicate":0,"error":0,"malformed":0,"noProgress":0,"abort":0},"ackSamples":"partial:missing=8","ackEarlyInvalid":0,"ackEarlyUnsent":0,"ackLatency":{"count":0,"minUs":null,"p50Us":null,"p95Us":null,"p99Us":null,"maxUs":null},"durable":{"events":1,"finalOff":0}},"gattWrites":{"calls":10,"bytes":1257,"errors":0,"minUs":0,"p50Us":0,"p95Us":0,"maxUs":0},"discovers":{"calls":0,"errors":0,"minUs":null,"p50Us":null,"p95Us":null,"maxUs":null},"platformWrites":{"calls":0,"bytes":0,"errors":0,"minUs":null,"p50Us":null,"p95Us":null,"maxUs":null}}
OTA_LINK_SAMPLE label=upgrade kind=gatt_write us=0 bytes=10
OTA_MONO MONO_ABORT_DONE monoUs=8411935 wallUs=1789560680269414 code=USER_CANCEL
OTA_MONO MONO_TERMINAL monoUs=8414569 wallUs=1789560680272049 code=USER_CANCEL
OTA_LINK_SAMPLE label=upgrade kind=gatt_write us=0 bytes=10
OTA_LINK_SAMPLE label=upgrade kind=get_info us=31222 ok=1
OTA_MONO MONO_BUDGET_START monoUs=8566385 wallUs=1789560680423865
OTA_LINK_SAMPLE label=upgrade kind=gatt_write us=0 bytes=20
OTA_LINK_SAMPLE label=upgrade kind=gatt_write us=0 bytes=20
OTA_LINK_SAMPLE label=upgrade kind=gatt_write us=0 bytes=20
OTA_LINK_SAMPLE label=upgrade kind=gatt_write us=0 bytes=20
OTA_LINK_SAMPLE label=upgrade kind=gatt_write us=0 bytes=20
OTA_LINK_SAMPLE label=upgrade kind=gatt_write us=0 bytes=11
OTA_LINK_SAMPLE label=upgrade kind=durable us=218601 off=0
OTA_LINK_SAMPLE label=upgrade kind=gatt_write us=0 bytes=20
OTA_LINK_SAMPLE label=upgrade kind=gatt_write us=0 bytes=20
OTA_LINK_SAMPLE label=upgrade kind=gatt_write us=0 bytes=20
OTA_LINK_SAMPLE label=upgrade kind=gatt_write us=0 bytes=20
OTA_LINK_SAMPLE label=upgrade kind=gatt_write us=0 bytes=20
OTA_LINK_SAMPLE label=upgrade kind=gatt_write us=0 bytes=20
OTA_LINK_SAMPLE label=upgrade kind=gatt_write us=0 bytes=20
OTA_LINK_SAMPLE label=upgrade kind=gatt_write us=0 bytes=2
OTA_LINK_SAMPLE label=upgrade kind=segment_first_send us=466341 off=0 len=128
OTA sent 128/1024
OTA_LINK_SAMPLE label=upgrade kind=ack_latency us=287 off=0
OTA_LINK_SAMPLE label=upgrade kind=gatt_write us=0 bytes=20
OTA_LINK_SAMPLE label=upgrade kind=gatt_write us=0 bytes=20
OTA_LINK_SAMPLE label=upgrade kind=gatt_write us=0 bytes=20
OTA_LINK_SAMPLE label=upgrade kind=gatt_write us=0 bytes=20
OTA_LINK_SAMPLE label=upgrade kind=gatt_write us=0 bytes=20
OTA_LINK_SAMPLE label=upgrade kind=gatt_write us=0 bytes=20
OTA_LINK_SAMPLE label=upgrade kind=gatt_write us=0 bytes=20
OTA_LINK_SAMPLE label=upgrade kind=gatt_write us=0 bytes=2
OTA_LINK_SAMPLE label=upgrade kind=segment_first_send us=714341 off=128 len=128
OTA sent 256/1024
OTA_LINK_SAMPLE label=upgrade kind=ack_latency us=278 off=128
OTA_MONO MONO_ABORT_BEGIN monoUs=9250916 wallUs=1789560681108396 code=USER_CANCEL
OTA_MONO MONO_WRITE_STOP monoUs=9250933 wallUs=1789560681108410
OTA_LINK_SAMPLE label=upgrade kind=gatt_write us=0 bytes=20
OTA_LINK_SAMPLE label=upgrade kind=gatt_write us=0 bytes=20
OTA_LINK_SAMPLE label=upgrade kind=gatt_write us=0 bytes=20
OTA_LINK_SAMPLE label=upgrade kind=gatt_write us=0 bytes=20
OTA_LINK_SAMPLE label=upgrade kind=gatt_write us=0 bytes=20
OTA_LINK_SAMPLE label=upgrade kind=gatt_write us=0 bytes=20
OTA_LINK_SAMPLE label=upgrade kind=gatt_write us=0 bytes=20
OTA_LINK_SAMPLE label=upgrade kind=gatt_write us=0 bytes=2
OTA_LINK_STATS {"schema":1,"label":"upgrade","device":"AA:BB","attempt":null,"clock":"stopwatch-mono-us","phases":{"bind":[1209,1362],"transfer":[32719,962857]},"failure":{"stage":"cancelled","reason":"cancel-window"},"attempts":[],"attemptEndUs":null,"bind":{"charsUs":5,"found":true,"writeMode":"with","mtuRequested":247,"mtuChunkBytes":20,"mtuSource":null,"mtuUs":0,"subscribeUs":0,"subscribeOk":true,"phaseUs":153},"getInfo":{"calls":1,"failures":0,"totalUs":31222},"transfer":{"startUs":32714,"endAckUs":null,"elapsedUs":null,"outcome":"fail","segmentsUnique":2,"segmentSendTotal":2,"retransmitFrames":0,"acks":{"ok":2,"duplicate":0,"error":0,"malformed":0,"noProgress":0,"abort":0},"ackSamples":"complete","ackEarlyInvalid":0,"ackEarlyUnsent":0,"ackLatency":{"count":2,"minUs":278,"p50Us":278,"p95Us":287,"p99Us":287,"maxUs":287},"durable":{"events":1,"finalOff":0}},"gattWrites":{"calls":31,"bytes":547,"errors":0,"minUs":0,"p50Us":0,"p95Us":0,"maxUs":0},"discovers":{"calls":0,"errors":0,"minUs":null,"p50Us":null,"p95Us":null,"maxUs":null},"platformWrites":{"calls":0,"bytes":0,"errors":0,"minUs":null,"p50Us":null,"p95Us":null,"maxUs":null}}
00:27 +168 -2: /home/runner/work/E-Track/E-Track/app/bluetooth_flutter_Trace/test/ota/ota_service_upgrade_test.dart: fake MCU 段判据（RC3-03，直接打帧） offset 未按 128B 对齐 → ERR_OFFSET（真值 :526-532）
00:27 +169 -2: /home/runner/work/E-Track/E-Track/app/bluetooth_flutter_Trace/test/ota/ota_service_upgrade_test.dart: fake MCU 段判据（RC3-03，直接打帧） 非尾部短段 → ERR_FRAME（真值 :533-541）
00:27 +170 -2: /home/runner/work/E-Track/E-Track/app/bluetooth_flutter_Trace/test/ota/ota_service_upgrade_test.dart: fake MCU 段判据（RC3-03，直接打帧） 尾部短段（off+len == total_len）放行（真值 :533-541 反向）
00:27 +171 -2: /home/runner/work/E-Track/E-Track/app/bluetooth_flutter_Trace/test/ota/ota_service_upgrade_test.dart: fake MCU 段判据（RC3-03，直接打帧） 整段跨越包尾（off+len > total_len）→ ERR_OFFSET（真值 :542-548）
00:27 +172 -2: /home/runner/work/E-Track/E-Track/app/bluetooth_flutter_Trace/test/ota/ota_service_upgrade_test.dart: fake MCU 段判据（RC3-03，直接打帧） off >= total_len → ERR_OFFSET（真值 :542-548）
00:27 +173 -2: /home/runner/work/E-Track/E-Track/app/bluetooth_flutter_Trace/test/ota/ota_service_upgrade_test.dart: fake MCU 段判据（RC3-03，直接打帧） 同 offset 同内容重发 → DUPLICATE 幂等 OK（真值 ota_staging_receive :508-516）
00:27 +174 -2: /home/runner/work/E-Track/E-Track/app/bluetooth_flutter_Trace/test/ota/ota_service_upgrade_test.dart: fake MCU 段判据（RC3-03，直接打帧） 同 offset 不同内容 → ABORTED 且会话 teardown（真值 ota_staging.c:510-513 → ota_ble_session.c:585-591）
00:27 +175 -2: /home/runner/work/E-Track/E-Track/app/bluetooth_flutter_Trace/test/ota/ota_service_upgrade_test.dart: fake MCU 段判据（RC3-03，直接打帧） 已提交 offset 的重复 DATA 幂等 OK（真值 :550-558）
00:27 +176 -2: /home/runner/work/E-Track/E-Track/app/bluetooth_flutter_Trace/test/ota/ota_service_upgrade_test.dart: 取消与后台恢复的 owner/资源生命周期（RC3-04⑦/08⑦/12⑦） 身份 A 持有资产 → 读取失败 → 成功读取 B：A 资产整体作废（RC3-12⑦）
00:27 +177 -2: /home/runner/work/E-Track/E-Track/app/bluetooth_flutter_Trace/test/ota/ota_service_upgrade_test.dart: 取消与后台恢复的 owner/资源生命周期（RC3-04⑦/08⑦/12⑦） 取消清理持闸期间不得发布取消文案或 phase：清理与终态发布原子（RC3-12）
00:27 +178 -2: /home/runner/work/E-Track/E-Track/app/bluetooth_flutter_Trace/test/ota/ota_service_upgrade_test.dart: 取消与后台恢复的 owner/资源生命周期（RC3-04⑦/08⑦/12⑦） 取消窗口内旧物理写以原生异常退出：不得抢先发布失败文案与 failed（RC3-12②）
00:27 +179 -2: /home/runner/work/E-Track/E-Track/app/bluetooth_flutter_Trace/test/ota/ota_service_upgrade_test.dart: 取消与后台恢复的 owner/资源生命周期（RC3-04⑦/08⑦/12⑦） 延迟 ABORT 反例：ABORT 在途期间不得提前宣告终止（RC3-07/02）
00:27 +180 -2: /home/runner/work/E-Track/E-Track/app/bluetooth_flutter_Trace/test/ota/ota_service_upgrade_test.dart: 取消与后台恢复的 owner/资源生命周期（RC3-04⑦/08⑦/12⑦） 取消窗口内同资产重下：旧取消不得拔掉后来者的下载（RC3-04⑦）
00:27 +181 -2: /home/runner/work/E-Track/E-Track/app/bluetooth_flutter_Trace/test/ota/ota_service_upgrade_test.dart: 取消与后台恢复的 owner/资源生命周期（RC3-04⑦/08⑦/12⑦） 取消清理停在内层 IO 时后来者接管同资产：删除边界归属复核（RC3-04/05）
00:27 +182 -2: /home/runner/work/E-Track/E-Track/app/bluetooth_flutter_Trace/test/ota/ota_service_upgrade_test.dart: 取消与后台恢复的 owner/资源生命周期（RC3-04⑦/08⑦/12⑦） 清理已取删除闸、删除体未执行时后来者接管：part/sidecar/tmp 均不得按路径删除（RC3-04/05）
00:28 +183 -2: /home/runner/work/E-Track/E-Track/app/bluetooth_flutter_Trace/test/ota/ota_service_upgrade_test.dart: 取消与后台恢复的 owner/资源生命周期（RC3-04⑦/08⑦/12⑦） 旧清理持删除闸期间，后来者同族写入必须排队：临界区内互斥（RC3-02/04/05）
00:28 +183 -2: /home/runner/work/E-Track/E-Track/app/bluetooth_flutter_Trace/test/ota/ota_service_upgrade_test.dart: 窗口内多轮旧身份后确认目标：interval 注入下轮询推进（O4 整改）
OTA_LINK_SAMPLE label=upgrade kind=gatt_write us=0 bytes=10
OTA_MONO MONO_ABORT_DONE monoUs=9528301 wallUs=1789560681385784 code=USER_CANCEL
OTA_MONO MONO_TERMINAL monoUs=9530255 wallUs=1789560681387735 code=USER_CANCEL
OTA_LINK_SAMPLE label=upgrade kind=gatt_write us=0 bytes=10
OTA_LINK_SAMPLE label=upgrade kind=get_info us=381 ok=1
OTA_MONO MONO_BUDGET_START monoUs=9566441 wallUs=1789560681423919
OTA_LINK_SAMPLE label=upgrade kind=gatt_write us=0 bytes=111
OTA_LINK_SAMPLE label=upgrade kind=durable us=2024 off=0
OTA_LINK_SAMPLE label=upgrade kind=gatt_write us=0 bytes=142
OTA_MONO MONO_ABORT_BEGIN monoUs=9567120 wallUs=1789560681424597 code=USER_CANCEL
OTA_MONO MONO_WRITE_STOP monoUs=9567129 wallUs=1789560681424606
OTA_LINK_STATS {"schema":1,"label":"upgrade","device":"AA:BB","attempt":null,"clock":"stopwatch-mono-us","phases":{"bind":[1033,1182],"transfer":[1638,2411]},"failure":{"stage":"cancelled","reason":"cancel-window"},"attempts":[],"attemptEndUs":null,"bind":{"charsUs":13,"found":true,"writeMode":"with","mtuRequested":247,"mtuChunkBytes":247,"mtuSource":null,"mtuUs":0,"subscribeUs":0,"subscribeOk":true,"phaseUs":149},"getInfo":{"calls":1,"failures":0,"totalUs":381},"transfer":{"startUs":1631,"endAckUs":null,"elapsedUs":null,"outcome":"fail","segmentsUnique":0,"segmentSendTotal":0,"retransmitFrames":0,"acks":{"ok":0,"duplicate":0,"error":0,"malformed":0,"noProgress":0,"abort":0},"ackSamples":"complete","ackEarlyInvalid":0,"ackEarlyUnsent":0,"ackLatency":{"count":0,"minUs":null,"p50Us":null,"p95Us":null,"p99Us":null,"maxUs":null},"durable":{"events":1,"finalOff":0}},"gattWrites":{"calls":3,"bytes":263,"errors":0,"minUs":0,"p50Us":0,"p95Us":0,"maxUs":0},"discovers":{"calls":0,"errors":0,"minUs":null,"p50Us":null,"p95Us":null,"maxUs":null},"platformWrites":{"calls":0,"bytes":0,"errors":0,"minUs":null,"p50Us":null,"p95Us":null,"maxUs":null}}
OTA_LINK_SAMPLE label=upgrade kind=gatt_write us=0 bytes=10
OTA_MONO MONO_ABORT_DONE monoUs=9567567 wallUs=1789560681425045 code=USER_CANCEL
OTA_MONO MONO_TERMINAL monoUs=9569571 wallUs=1789560681427049 code=USER_CANCEL
OTA_LINK_SAMPLE label=upgrade kind=gatt_write us=0 bytes=10
OTA_LINK_SAMPLE label=upgrade kind=get_info us=390 ok=1
OTA_MONO MONO_BUDGET_START monoUs=9690648 wallUs=1789560681548126
OTA_LINK_SAMPLE label=upgrade kind=gatt_write us=0 bytes=111
OTA_LINK_SAMPLE label=upgrade kind=durable us=2181 off=0
OTA_LINK_SAMPLE label=upgrade kind=gatt_write us=0 bytes=142
OTA_LINK_SAMPLE label=upgrade kind=segment_first_send us=2473 off=0 len=128
OTA sent 128/1024
OTA_LINK_SAMPLE label=upgrade kind=ack_latency us=58 off=0
OTA_LINK_SAMPLE label=upgrade kind=gatt_write us=0 bytes=142
OTA_LINK_SAMPLE label=upgrade kind=segment_first_send us=2814 off=128 len=128
OTA sent 256/1024
OTA_LINK_SAMPLE label=upgrade kind=ack_latency us=64 off=128
OTA_LINK_SAMPLE label=upgrade kind=gatt_write us=0 bytes=142
OTA_LINK_SAMPLE label=upgrade kind=segment_first_send us=3169 off=256 len=128
OTA sent 384/1024
OTA_LINK_SAMPLE label=upgrade kind=ack_latency us=47 off=256
OTA_LINK_SAMPLE label=upgrade kind=gatt_write us=0 bytes=142
OTA_LINK_SAMPLE label=upgrade kind=segment_first_send us=3457 off=384 len=128
OTA sent 512/1024
OTA_LINK_SAMPLE label=upgrade kind=ack_latency us=45 off=384
OTA_LINK_SAMPLE label=upgrade kind=gatt_write us=0 bytes=142
OTA_LINK_SAMPLE label=upgrade kind=segment_first_send us=3742 off=512 len=128
OTA sent 640/1024
OTA_LINK_SAMPLE label=upgrade kind=ack_latency us=78 off=512
OTA_LINK_SAMPLE label=upgrade kind=gatt_write us=0 bytes=142
OTA_LINK_SAMPLE label=upgrade kind=segment_first_send us=4134 off=640 len=128
OTA sent 768/1024
OTA_LINK_SAMPLE label=upgrade kind=ack_latency us=53 off=640
OTA_LINK_SAMPLE label=upgrade kind=gatt_write us=0 bytes=142
OTA_LINK_SAMPLE label=upgrade kind=segment_first_send us=4431 off=768 len=128
OTA sent 896/1024
OTA_LINK_SAMPLE label=upgrade kind=ack_latency us=45 off=768
OTA_LINK_SAMPLE label=upgrade kind=gatt_write us=0 bytes=142
OTA_LINK_SAMPLE label=upgrade kind=segment_first_send us=4766 off=896 len=128
OTA sent 1024/1024
OTA_LINK_SAMPLE label=upgrade kind=ack_latency us=107 off=896
OTA_LINK_SAMPLE label=upgrade kind=durable us=4888 off=1024
OTA_MONO MONO_BUDGET_RESET monoUs=9693836 wallUs=1789560681551314 durable=1024
OTA_LINK_SAMPLE label=upgrade kind=gatt_write us=0 bytes=42
OTA_MONO MONO_END_ACK_OK monoUs=9694243 wallUs=1789560681551721 durable=1024
OTA_LINK_STATS {"schema":1,"label":"upgrade","device":"AA:BB","attempt":null,"clock":"stopwatch-mono-us","phases":{"bind":[1157,1320],"transfer":[1826,5351]},"failure":{"stage":null,"reason":null},"attempts":[],"attemptEndUs":null,"bind":{"charsUs":5,"found":true,"writeMode":"with","mtuRequested":247,"mtuChunkBytes":247,"mtuSource":null,"mtuUs":0,"subscribeUs":0,"subscribeOk":true,"phaseUs":163},"getInfo":{"calls":1,"failures":0,"totalUs":390},"transfer":{"startUs":1824,"endAckUs":5344,"elapsedUs":3520,"outcome":"ok","segmentsUnique":8,"segmentSendTotal":8,"retransmitFrames":0,"acks":{"ok":8,"duplicate":0,"error":0,"malformed":0,"noProgress":0,"abort":0},"ackSamples":"complete","ackEarlyInvalid":0,"ackEarlyUnsent":0,"ackLatency":{"count":8,"minUs":45,"p50Us":53,"p95Us":107,"p99Us":107,"maxUs":107},"durable":{"events":2,"finalOff":1024}},"gattWrites":{"calls":11,"bytes":1299,"errors":0,"minUs":0,"p50Us":0,"p95Us":0,"maxUs":0},"discovers":{"calls":0,"errors":0,"minUs":null,"p50Us":null,"p95Us":null,"maxUs":null},"platformWrites":{"calls":0,"bytes":0,"errors":0,"minUs":null,"p50Us":null,"p95Us":null,"maxUs":null}}
OTA_LINK_SAMPLE label=probe kind=gatt_write us=0 bytes=10
OTA_LINK_SAMPLE label=probe kind=get_info us=373 ok=1
OTA_LINK_STATS {"schema":1,"label":"probe","device":"AA:BB","attempt":1,"clock":"stopwatch-mono-us","phases":{"probe_attempt":[3,642],"bind":[69,160]},"failure":{"stage":null,"reason":null},"attempts":[{"n":1,"outcome":"identityChanged"}],"attemptEndUs":639,"bind":{"charsUs":2,"found":true,"writeMode":"with","mtuRequested":247,"mtuChunkBytes":247,"mtuSource":null,"mtuUs":0,"subscribeUs":0,"subscribeOk":true,"phaseUs":91},"getInfo":{"calls":1,"failures":0,"totalUs":373},"transfer":{"startUs":null,"endAckUs":null,"elapsedUs":null,"outcome":null,"segmentsUnique":0,"segmentSendTotal":0,"retransmitFrames":0,"acks":{"ok":0,"duplicate":0,"error":0,"malformed":0,"noProgress":0,"abort":0},"ackSamples":"complete","ackEarlyInvalid":0,"ackEarlyUnsent":0,"ackLatency":{"count":0,"minUs":null,"p50Us":null,"p95Us":null,"p99Us":null,"maxUs":null},"durable":{"events":0,"finalOff":null}},"gattWrites":{"calls":1,"bytes":10,"errors":0,"minUs":0,"p50Us":0,"p95Us":0,"maxUs":0},"discovers":{"calls":0,"errors":0,"minUs":null,"p50Us":null,"p95Us":null,"maxUs":null},"platformWrites":{"calls":0,"bytes":0,"errors":0,"minUs":null,"p50Us":null,"p95Us":null,"maxUs":null}}
OTA_LINK_STATS {"schema":1,"label":"probe","device":"AA:BB","attempt":null,"clock":"stopwatch-mono-us","phases":{"reconnect":[7,792]},"failure":{"stage":null,"reason":null},"attempts":[{"n":1,"outcome":"identityChanged"}],"attemptEndUs":791,"bind":{"charsUs":null,"found":false,"writeMode":null,"mtuRequested":0,"mtuChunkBytes":0,"mtuSource":null,"mtuUs":null,"subscribeUs":null,"subscribeOk":false,"phaseUs":null},"getInfo":{"calls":0,"failures":0,"totalUs":0},"transfer":{"startUs":null,"endAckUs":null,"elapsedUs":null,"outcome":null,"segmentsUnique":0,"segmentSendTotal":0,"retransmitFrames":0,"acks":{"ok":0,"duplicate":0,"error":0,"malformed":0,"noProgress":0,"abort":0},"ackSamples":"complete","ackEarlyInvalid":0,"ackEarlyUnsent":0,"ackLatency":{"count":0,"minUs":null,"p50Us":null,"p95Us":null,"p99Us":null,"maxUs":null},"durable":{"events":0,"finalOff":null}},"gattWrites":{"calls":0,"bytes":0,"errors":0,"minUs":null,"p50Us":null,"p95Us":null,"maxUs":null},"discovers":{"calls":0,"errors":0,"minUs":null,"p50Us":null,"p95Us":null,"maxUs":null},"platformWrites":{"calls":0,"bytes":0,"errors":0,"minUs":null,"p50Us":null,"p95Us":null,"maxUs":null}}
OTA_LINK_SAMPLE label=upgrade kind=gatt_write us=0 bytes=10
OTA_LINK_SAMPLE label=upgrade kind=get_info us=486 ok=1
OTA_MONO MONO_BUDGET_START monoUs=9824338 wallUs=1789560681681816
OTA_LINK_SAMPLE label=upgrade kind=gatt_write us=0 bytes=111
OTA_LINK_SAMPLE label=upgrade kind=durable us=2299 off=0
OTA_LINK_SAMPLE label=upgrade kind=gatt_write us=0 bytes=142
OTA_MONO MONO_ABORT_BEGIN monoUs=9826189 wallUs=1789560681683668 code=USER_CANCEL
OTA_MONO MONO_WRITE_STOP monoUs=9826202 wallUs=1789560681683679
OTA_LINK_STATS {"schema":1,"label":"upgrade","device":"AA:BB","attempt":null,"clock":"stopwatch-mono-us","phases":{"bind":[1153,1339],"transfer":[1906,3955]},"failure":{"stage":"cancelled","reason":"cancel-window"},"attempts":[],"attemptEndUs":null,"bind":{"charsUs":5,"found":true,"writeMode":"with","mtuRequested":247,"mtuChunkBytes":247,"mtuSource":null,"mtuUs":0,"subscribeUs":0,"subscribeOk":true,"phaseUs":186},"getInfo":{"calls":1,"failures":0,"totalUs":486},"transfer":{"startUs":1904,"endAckUs":null,"elapsedUs":null,"outcome":"fail","segmentsUnique":0,"segmentSendTotal":0,"retransmitFrames":0,"acks":{"ok":0,"duplicate":0,"error":0,"malformed":0,"noProgress":0,"abort":0},"ackSamples":"complete","ackEarlyInvalid":0,"ackEarlyUnsent":0,"ackLatency":{"count":0,"minUs":null,"p50Us":null,"p95Us":null,"p99Us":null,"maxUs":null},"durable":{"events":1,"finalOff":0}},"gattWrites":{"calls":3,"bytes":263,"errors":0,"minUs":0,"p50Us":0,"p95Us":0,"maxUs":0},"discovers":{"calls":0,"errors":0,"minUs":null,"p50Us":null,"p95Us":null,"maxUs":null},"platformWrites":{"calls":0,"bytes":0,"errors":0,"minUs":null,"p50Us":null,"p95Us":null,"maxUs":null}}
OTA_LINK_SAMPLE label=upgrade kind=gatt_write us=0 bytes=10
OTA_MONO MONO_ABORT_DONE monoUs=9827556 wallUs=1789560681685034 code=USER_CANCEL
OTA_MONO MONO_TERMINAL monoUs=9829505 wallUs=1789560681686983 code=USER_CANCEL
OTA_LINK_SAMPLE label=upgrade kind=gatt_write us=0 bytes=10
OTA_LINK_SAMPLE label=upgrade kind=get_info us=202031 ok=1
OTA_MONO MONO_BUDGET_START monoUs=10050871 wallUs=1789560681908352
OTA_LINK_SAMPLE label=upgrade kind=gatt_write us=0 bytes=111
OTA_LINK_SAMPLE label=upgrade kind=durable us=405277 off=0
OTA_MONO MONO_ABORT_BEGIN monoUs=10253028 wallUs=1789560682110509 code=USER_CANCEL
OTA_MONO MONO_WRITE_STOP monoUs=10253053 wallUs=1789560682110530
OTA_LINK_SAMPLE label=upgrade kind=gatt_write us=0 bytes=142 error=1
OTA_LINK_STATS {"schema":1,"label":"upgrade","device":"AA:BB","attempt":null,"clock":"stopwatch-mono-us","phases":{"bind":[1144,1284],"transfer":[203636,607507]},"failure":{"stage":"cancelled","reason":"cancel-window"},"attempts":[],"attemptEndUs":null,"bind":{"charsUs":4,"found":true,"writeMode":"with","mtuRequested":247,"mtuChunkBytes":247,"mtuSource":null,"mtuUs":0,"subscribeUs":0,"subscribeOk":true,"phaseUs":140},"getInfo":{"calls":1,"failures":0,"totalUs":202031},"transfer":{"startUs":203631,"endAckUs":null,"elapsedUs":null,"outcome":"fail","segmentsUnique":0,"segmentSendTotal":0,"retransmitFrames":0,"acks":{"ok":0,"duplicate":0,"error":0,"malformed":0,"noProgress":0,"abort":0},"ackSamples":"complete","ackEarlyInvalid":0,"ackEarlyUnsent":0,"ackLatency":{"count":0,"minUs":null,"p50Us":null,"p95Us":null,"p99Us":null,"maxUs":null},"durable":{"events":1,"finalOff":0}},"gattWrites":{"calls":3,"bytes":263,"errors":1,"minUs":0,"p50Us":0,"p95Us":0,"maxUs":0},"discovers":{"calls":0,"errors":0,"minUs":null,"p50Us":null,"p95Us":null,"maxUs":null},"platformWrites":{"calls":0,"bytes":0,"errors":0,"minUs":null,"p50Us":null,"p95Us":null,"maxUs":null}}
OTA_MONO MONO_ABORT_DONE monoUs=10455185 wallUs=1789560682312665 code=USER_CANCEL
OTA_MONO MONO_TERMINAL monoUs=10457075 wallUs=1789560682314554 code=USER_CANCEL
OTA_LINK_SAMPLE label=upgrade kind=gatt_write us=0 bytes=10
OTA_LINK_SAMPLE label=upgrade kind=get_info us=372 ok=1
OTA_MONO MONO_BUDGET_START monoUs=10503731 wallUs=1789560682361210
OTA_LINK_SAMPLE label=upgrade kind=gatt_write us=0 bytes=111
OTA_LINK_SAMPLE label=upgrade kind=durable us=2063 off=0
OTA_LINK_SAMPLE label=upgrade kind=gatt_write us=0 bytes=142
OTA_MONO MONO_ABORT_BEGIN monoUs=10504389 wallUs=1789560682361867 code=USER_CANCEL
OTA_MONO MONO_WRITE_STOP monoUs=10504399 wallUs=1789560682361876
OTA_LINK_STATS {"schema":1,"label":"upgrade","device":"AA:BB","attempt":null,"clock":"stopwatch-mono-us","phases":{"bind":[1117,1263],"transfer":[1740,2489]},"failure":{"stage":"cancelled","reason":"cancel-window"},"attempts":[],"attemptEndUs":null,"bind":{"charsUs":5,"found":true,"writeMode":"with","mtuRequested":247,"mtuChunkBytes":247,"mtuSource":null,"mtuUs":0,"subscribeUs":0,"subscribeOk":true,"phaseUs":146},"getInfo":{"calls":1,"failures":0,"totalUs":372},"transfer":{"startUs":1739,"endAckUs":null,"elapsedUs":null,"outcome":"fail","segmentsUnique":0,"segmentSendTotal":0,"retransmitFrames":0,"acks":{"ok":0,"duplicate":0,"error":0,"malformed":0,"noProgress":0,"abort":0},"ackSamples":"complete","ackEarlyInvalid":0,"ackEarlyUnsent":0,"ackLatency":{"count":0,"minUs":null,"p50Us":null,"p95Us":null,"p99Us":null,"maxUs":null},"durable":{"events":1,"finalOff":0}},"gattWrites":{"calls":3,"bytes":263,"errors":0,"minUs":0,"p50Us":0,"p95Us":0,"maxUs":0},"discovers":{"calls":0,"errors":0,"minUs":null,"p50Us":null,"p95Us":null,"maxUs":null},"platformWrites":{"calls":0,"bytes":0,"errors":0,"minUs":null,"p50Us":null,"p95Us":null,"maxUs":null}}
00:29 +184 -2: /home/runner/work/E-Track/E-Track/app/bluetooth_flutter_Trace/test/ota/ota_service_upgrade_test.dart: 取消与后台恢复的 owner/资源生命周期（RC3-04⑦/08⑦/12⑦） 鉴别力对照：闸被旁路时「持闸期间同族写入必须排队」不再成立（RC3-02/04/05）
00:29 +185 -2: /home/runner/work/E-Track/E-Track/app/bluetooth_flutter_Trace/test/ota/ota_service_upgrade_test.dart: 取消与后台恢复的 owner/资源生命周期（RC3-04⑦/08⑦/12⑦） 后台恢复一级复核：链路代次变化 → DEVICE_LINK_CHANGED 可重试终止（RC3-08⑦）
00:29 +186 -2: /home/runner/work/E-Track/E-Track/app/bluetooth_flutter_Trace/test/ota/ota_service_upgrade_test.dart: 取消与后台恢复的 owner/资源生命周期（RC3-04⑦/08⑦/12⑦） failClosed 已决终止不被迟到在途写原生错误覆盖：DEVICE_LINK_CHANGED保持、phase/文案不回跳（RC3-08/12②）
00:29 +186 -2: /home/runner/work/E-Track/E-Track/app/bluetooth_flutter_Trace/test/ota/ota_service_upgrade_test.dart: 窗口内多轮旧身份后确认目标：interval 注入下轮询推进（O4 整改）
OTA_LINK_SAMPLE label=upgrade kind=gatt_write us=0 bytes=10
OTA_MONO MONO_ABORT_DONE monoUs=10509436 wallUs=1789560682366914 code=USER_CANCEL
OTA_MONO MONO_ABORT_BEGIN monoUs=10532167 wallUs=1789560682389646 code=USER_CANCEL
OTA_MONO MONO_WRITE_STOP monoUs=10532189 wallUs=1789560682389666
OTA_MONO MONO_ABORT_DONE monoUs=10532434 wallUs=1789560682389912 code=USER_CANCEL
OTA_MONO MONO_ABORT_BEGIN monoUs=10562306 wallUs=1789560682419785 code=USER_CANCEL
OTA_MONO MONO_WRITE_STOP monoUs=10562328 wallUs=1789560682419805
OTA_MONO MONO_ABORT_DONE monoUs=10562622 wallUs=1789560682420100 code=USER_CANCEL
OTA_MONO MONO_ABORT_BEGIN monoUs=10611028 wallUs=1789560682468507 code=USER_CANCEL
OTA_MONO MONO_WRITE_STOP monoUs=10611050 wallUs=1789560682468527
OTA_MONO MONO_ABORT_DONE monoUs=10611361 wallUs=1789560682468840 code=USER_CANCEL
OTA_MONO MONO_ABORT_BEGIN monoUs=11651549 wallUs=1789560683509029 code=USER_CANCEL
OTA_MONO MONO_WRITE_STOP monoUs=11651573 wallUs=1789560683509051
OTA_MONO MONO_ABORT_DONE monoUs=11652069 wallUs=1789560683509548 code=USER_CANCEL
OTA_LINK_SAMPLE label=upgrade kind=gatt_write us=0 bytes=10
OTA_LINK_SAMPLE label=upgrade kind=get_info us=400 ok=1
OTA_MONO MONO_BUDGET_START monoUs=11690344 wallUs=1789560683547823
OTA_LINK_SAMPLE label=upgrade kind=gatt_write us=0 bytes=111
OTA_LINK_SAMPLE label=upgrade kind=durable us=1990 off=0
OTA_LINK_SAMPLE label=upgrade kind=gatt_write us=0 bytes=142
OTA_MONO MONO_PAUSE monoUs=11691150 wallUs=1789560683548628
OTA_MONO MONO_TERMINAL_DECIDED monoUs=11692004 wallUs=1789560683549482 code=DEVICE_LINK_CHANGED
OTA_MONO MONO_ABORT_BEGIN monoUs=11692043 wallUs=1789560683549520 code=DEVICE_LINK_CHANGED
OTA_MONO MONO_WRITE_STOP monoUs=11692051 wallUs=1789560683549529
OTA_LINK_STATS {"schema":1,"label":"upgrade","device":"AA:BB","attempt":null,"clock":"stopwatch-mono-us","phases":{"bind":[1088,1228],"transfer":[1701,3541]},"failure":{"stage":"recheck","reason":"fail-closed"},"attempts":[],"attemptEndUs":null,"bind":{"charsUs":3,"found":true,"writeMode":"with","mtuRequested":247,"mtuChunkBytes":247,"mtuSource":null,"mtuUs":0,"subscribeUs":0,"subscribeOk":true,"phaseUs":140},"getInfo":{"calls":1,"failures":0,"totalUs":400},"transfer":{"startUs":1699,"endAckUs":null,"elapsedUs":null,"outcome":"fail","segmentsUnique":0,"segmentSendTotal":0,"retransmitFrames":0,"acks":{"ok":0,"duplicate":0,"error":0,"malformed":0,"noProgress":0,"abort":0},"ackSamples":"complete","ackEarlyInvalid":0,"ackEarlyUnsent":0,"ackLatency":{"count":0,"minUs":null,"p50Us":null,"p95Us":null,"p99Us":null,"maxUs":null},"durable":{"events":1,"finalOff":0}},"gattWrites":{"calls":3,"bytes":263,"errors":0,"minUs":0,"p50Us":0,"p95Us":0,"maxUs":0},"discovers":{"calls":0,"errors":0,"minUs":null,"p50Us":null,"p95Us":null,"maxUs":null},"platformWrites":{"calls":0,"bytes":0,"errors":0,"minUs":null,"p50Us":null,"p95Us":null,"maxUs":null}}
OTA_LINK_SAMPLE label=upgrade kind=gatt_write us=0 bytes=10
OTA_MONO MONO_ABORT_DONE monoUs=11692591 wallUs=1789560683550069 code=DEVICE_LINK_CHANGED
OTA_MONO MONO_TERMINAL monoUs=11692600 wallUs=1789560683550077 code=DEVICE_LINK_CHANGED
00:29 +186 -2: /home/runner/work/E-Track/E-Track/app/bluetooth_flutter_Trace/test/ota/ota_service_upgrade_test.dart: 取消与后台恢复的 owner/资源生命周期（RC3-04⑦/08⑦/12⑦） failClosed 已决终止不被迟到在途写原生错误覆盖：DEVICE_LINK_CHANGED保持、phase/文案不回跳（RC3-08/12②）
OTA_LINK_SAMPLE label=upgrade kind=gatt_write us=0 bytes=10
OTA_LINK_SAMPLE label=upgrade kind=get_info us=202020 ok=1
OTA_MONO MONO_BUDGET_START monoUs=11912058 wallUs=1789560683769538
OTA_LINK_SAMPLE label=upgrade kind=gatt_write us=0 bytes=111
OTA_LINK_SAMPLE label=upgrade kind=durable us=406276 off=0
OTA_MONO MONO_PAUSE monoUs=12115424 wallUs=1789560683972905
OTA_MONO MONO_TERMINAL_DECIDED monoUs=12115616 wallUs=1789560683973099 code=DEVICE_LINK_CHANGED
OTA_MONO MONO_ABORT_BEGIN monoUs=12115836 wallUs=1789560683973315 code=DEVICE_LINK_CHANGED
OTA_MONO MONO_WRITE_STOP monoUs=12116025 wallUs=1789560683973504
OTA_LINK_SAMPLE label=upgrade kind=gatt_write us=0 bytes=142 error=1
OTA_LINK_STATS {"schema":1,"label":"upgrade","device":"AA:BB","attempt":null,"clock":"stopwatch-mono-us","phases":{"bind":[1083,1268],"transfer":[203642,608141]},"failure":{"stage":"recheck","reason":"fail-closed"},"attempts":[],"attemptEndUs":null,"bind":{"charsUs":3,"found":true,"writeMode":"with","mtuRequested":247,"mtuChunkBytes":247,"mtuSource":null,"mtuUs":0,"subscribeUs":0,"subscribeOk":true,"phaseUs":185},"getInfo":{"calls":1,"failures":0,"totalUs":202020},"transfer":{"startUs":203638,"endAckUs":null,"elapsedUs":null,"outcome":"fail","segmentsUnique":0,"segmentSendTotal":0,"retransmitFrames":0,"acks":{"ok":0,"duplicate":0,"error":0,"malformed":0,"noProgress":0,"abort":0},"ackSamples":"complete","ackEarlyInvalid":0,"ackEarlyUnsent":0,"ackLatency":{"count":0,"minUs":null,"p50Us":null,"p95Us":null,"p99Us":null,"maxUs":null},"durable":{"events":1,"finalOff":0}},"gattWrites":{"calls":3,"bytes":263,"errors":1,"minUs":0,"p50Us":0,"p95Us":0,"maxUs":0},"discovers":{"calls":0,"errors":0,"minUs":null,"p50Us":null,"p95Us":null,"maxUs":null},"platformWrites":{"calls":0,"bytes":0,"errors":0,"minUs":null,"p50Us":null,"p95Us":null,"maxUs":null}}
OTA_MONO MONO_ABORT_DONE monoUs=12317381 wallUs=1789560684174862 code=DEVICE_LINK_CHANGED
OTA_MONO MONO_TERMINAL monoUs=12317563 wallUs=1789560684175042 code=DEVICE_LINK_CHANGED
00:29 +187 -2: /home/runner/work/E-Track/E-Track/app/bluetooth_flutter_Trace/test/ota/ota_service_upgrade_test.dart: 取消与后台恢复的 owner/资源生命周期（RC3-04⑦/08⑦/12⑦） 后台恢复一级复核补位：复核 await 期间链路代次前进 → DEVICE_LINK_CHANGED（RC3-08⑦）
OTA_LINK_SAMPLE label=upgrade kind=gatt_write us=0 bytes=10
OTA_LINK_SAMPLE label=upgrade kind=get_info us=654 ok=1
OTA_MONO MONO_BUDGET_START monoUs=12336614 wallUs=1789560684194093
OTA_LINK_SAMPLE label=upgrade kind=gatt_write us=0 bytes=111
OTA_LINK_SAMPLE label=upgrade kind=durable us=3534 off=0
OTA_LINK_SAMPLE label=upgrade kind=gatt_write us=0 bytes=142
OTA_MONO MONO_PAUSE monoUs=12338223 wallUs=1789560684195701
OTA_LINK_SAMPLE label=upgrade kind=segment_first_send us=4562 off=0 len=128
OTA sent 128/1024
OTA_MONO MONO_TERMINAL_DECIDED monoUs=12339115 wallUs=1789560684196594 code=DEVICE_LINK_CHANGED
OTA_MONO MONO_ABORT_BEGIN monoUs=12339286 wallUs=1789560684196765 code=DEVICE_LINK_CHANGED
OTA_MONO MONO_WRITE_STOP monoUs=12339422 wallUs=1789560684196901
OTA_LINK_SAMPLE label=upgrade kind=gatt_write us=0 bytes=10
OTA_MONO MONO_ABORT_DONE monoUs=12340199 wallUs=1789560684197678 code=DEVICE_LINK_CHANGED
OTA_MONO MONO_TERMINAL monoUs=12340349 wallUs=1789560684197828 code=DEVICE_LINK_CHANGED
OTA_LINK_STATS {"schema":1,"label":"upgrade","device":"AA:BB","attempt":null,"clock":"stopwatch-mono-us","phases":{"bind":[1588,1778],"transfer":[2898,6824]},"failure":{"stage":"recheck","reason":"fail-closed"},"attempts":[],"attemptEndUs":null,"bind":{"charsUs":3,"found":true,"writeMode":"with","mtuRequested":247,"mtuChunkBytes":247,"mtuSource":null,"mtuUs":0,"subscribeUs":0,"subscribeOk":true,"phaseUs":190},"getInfo":{"calls":1,"failures":0,"totalUs":654},"transfer":{"startUs":2895,"endAckUs":null,"elapsedUs":null,"outcome":"fail","segmentsUnique":1,"segmentSendTotal":1,"retransmitFrames":0,"acks":{"ok":0,"duplicate":0,"error":0,"malformed":0,"noProgress":0,"abort":1},"ackSamples":"partial:missing=1","ackEarlyInvalid":0,"ackEarlyUnsent":0,"ackLatency":{"count":0,"minUs":null,"p50Us":null,"p95Us":null,"p99Us":null,"maxUs":null},"durable":{"events":1,"finalOff":0}},"gattWrites":{"calls":4,"bytes":273,"errors":0,"minUs":0,"p50Us":0,"p95Us":0,"maxUs":0},"discovers":{"calls":0,"errors":0,"minUs":null,"p50Us":null,"p95Us":null,"maxUs":null},"platformWrites":{"calls":0,"bytes":0,"errors":0,"minUs":null,"p50Us":null,"p95Us":null,"maxUs":null}}
00:29 +188 -2: /home/runner/work/E-Track/E-Track/app/bluetooth_flutter_Trace/test/ota/ota_service_upgrade_test.dart: 取消与后台恢复的 owner/资源生命周期（RC3-04⑦/08⑦/12⑦） 后台恢复二级复核：特征重发现不一致 → DEVICE_LINK_CHANGED（RC3-08⑦）
OTA_LINK_SAMPLE label=upgrade kind=gatt_write us=0 bytes=10
OTA_LINK_SAMPLE label=upgrade kind=get_info us=831 ok=1
OTA_MONO MONO_BUDGET_START monoUs=12361481 wallUs=1789560684218961
OTA_LINK_SAMPLE label=upgrade kind=gatt_write us=0 bytes=111
OTA_LINK_SAMPLE label=upgrade kind=durable us=4524 off=0
OTA_LINK_SAMPLE label=upgrade kind=gatt_write us=0 bytes=142
OTA_MONO MONO_PAUSE monoUs=12363355 wallUs=1789560684220833
OTA_LINK_SAMPLE label=upgrade kind=segment_first_send us=5800 off=0 len=128
OTA sent 128/1024
OTA_MONO MONO_TERMINAL_DECIDED monoUs=12364466 wallUs=1789560684221945 code=DEVICE_LINK_CHANGED
OTA_MONO MONO_ABORT_BEGIN monoUs=12364673 wallUs=1789560684222152 code=DEVICE_LINK_CHANGED
OTA_MONO MONO_WRITE_STOP monoUs=12364887 wallUs=1789560684222366
OTA_LINK_SAMPLE label=upgrade kind=gatt_write us=0 bytes=10
OTA_MONO MONO_ABORT_DONE monoUs=12365839 wallUs=1789560684223318 code=DEVICE_LINK_CHANGED
OTA_MONO MONO_TERMINAL monoUs=12366036 wallUs=1789560684223516 code=DEVICE_LINK_CHANGED
OTA_LINK_STATS {"schema":1,"label":"upgrade","device":"AA:BB","attempt":null,"clock":"stopwatch-mono-us","phases":{"bind":[2425,2610],"transfer":[3876,8547]},"failure":{"stage":"recheck","reason":"fail-closed"},"attempts":[],"attemptEndUs":null,"bind":{"charsUs":3,"found":true,"writeMode":"with","mtuRequested":247,"mtuChunkBytes":247,"mtuSource":null,"mtuUs":0,"subscribeUs":0,"subscribeOk":true,"phaseUs":185},"getInfo":{"calls":1,"failures":0,"totalUs":831},"transfer":{"startUs":3847,"endAckUs":null,"elapsedUs":null,"outcome":"fail","segmentsUnique":1,"segmentSendTotal":1,"retransmitFrames":0,"acks":{"ok":0,"duplicate":0,"error":0,"malformed":0,"noProgress":0,"abort":1},"ackSamples":"partial:missing=1","ackEarlyInvalid":0,"ackEarlyUnsent":0,"ackLatency":{"count":0,"minUs":null,"p50Us":null,"p95Us":null,"p99Us":null,"maxUs":null},"durable":{"events":1,"finalOff":0}},"gattWrites":{"calls":4,"bytes":273,"errors":0,"minUs":0,"p50Us":0,"p95Us":0,"maxUs":0},"discovers":{"calls":0,"errors":0,"minUs":null,"p50Us":null,"p95Us":null,"maxUs":null},"platformWrites":{"calls":0,"bytes":0,"errors":0,"minUs":null,"p50Us":null,"p95Us":null,"maxUs":null}}
00:29 +189 -2: /home/runner/work/E-Track/E-Track/app/bluetooth_flutter_Trace/test/ota/ota_service_upgrade_test.dart: 取消与后台恢复的 owner/资源生命周期（RC3-04⑦/08⑦/12⑦） 后台恢复三级复核：INFO 身份漂移 → DEVICE_IDENTITY_CHANGED（RC3-08⑦）
OTA_LINK_SAMPLE label=upgrade kind=gatt_write us=0 bytes=10
OTA_LINK_SAMPLE label=upgrade kind=get_info us=1155 ok=1
OTA_MONO MONO_BUDGET_START monoUs=12388391 wallUs=1789560684245871
OTA_LINK_SAMPLE label=upgrade kind=gatt_write us=0 bytes=111
OTA_LINK_SAMPLE label=upgrade kind=durable us=4028 off=0
OTA_LINK_SAMPLE label=upgrade kind=gatt_write us=0 bytes=142
OTA_MONO MONO_PAUSE monoUs=12391065 wallUs=1789560684248545
OTA_LINK_SAMPLE label=upgrade kind=segment_first_send us=5414 off=0 len=128
OTA sent 128/1024
OTA_LINK_SAMPLE label=upgrade kind=gatt_write us=0 bytes=10
OTA_LINK_SAMPLE label=upgrade kind=get_info us=1219 ok=1
OTA_MONO MONO_TERMINAL_DECIDED monoUs=12393254 wallUs=1789560684250734 code=DEVICE_IDENTITY_CHANGED
OTA_MONO MONO_ABORT_BEGIN monoUs=12393789 wallUs=1789560684251268 code=DEVICE_IDENTITY_CHANGED
OTA_MONO MONO_WRITE_STOP monoUs=12394167 wallUs=1789560684251646
OTA_LINK_SAMPLE label=upgrade kind=gatt_write us=0 bytes=10
OTA_MONO MONO_ABORT_DONE monoUs=12395178 wallUs=1789560684252657 code=DEVICE_IDENTITY_CHANGED
OTA_MONO MONO_TERMINAL monoUs=12395530 wallUs=1789560684253009 code=DEVICE_IDENTITY_CHANGED
OTA_LINK_STATS {"schema":1,"label":"upgrade","device":"AA:BB","attempt":null,"clock":"stopwatch-mono-us","phases":{"bind":[1049,1195],"transfer":[2710,10237]},"failure":{"stage":"recheck","reason":"fail-closed"},"attempts":[],"attemptEndUs":null,"bind":{"charsUs":3,"found":true,"writeMode":"with","mtuRequested":247,"mtuChunkBytes":247,"mtuSource":null,"mtuUs":0,"subscribeUs":0,"subscribeOk":true,"phaseUs":146},"getInfo":{"calls":2,"failures":0,"totalUs":2374},"transfer":{"startUs":2707,"endAckUs":null,"elapsedUs":null,"outcome":"fail","segmentsUnique":1,"segmentSendTotal":1,"retransmitFrames":0,"acks":{"ok":0,"duplicate":0,"error":0,"malformed":0,"noProgress":0,"abort":1},"ackSamples":"partial:missing=1","ackEarlyInvalid":0,"ackEarlyUnsent":0,"ackLatency":{"count":0,"minUs":null,"p50Us":null,"p95Us":null,"p99Us":null,"maxUs":null},"durable":{"events":1,"finalOff":0}},"gattWrites":{"calls":5,"bytes":283,"errors":0,"minUs":0,"p50Us":0,"p95Us":0,"maxUs":0},"discovers":{"calls":0,"errors":0,"minUs":null,"p50Us":null,"p95Us":null,"maxUs":null},"platformWrites":{"calls":0,"bytes":0,"errors":0,"minUs":null,"p50Us":null,"p95Us":null,"maxUs":null}}
00:29 +190 -2: /home/runner/work/E-Track/E-Track/app/bluetooth_flutter_Trace/test/ota/ota_service_upgrade_test.dart: 取消与后台恢复的 owner/资源生命周期（RC3-04⑦/08⑦/12⑦） 后台复检迟到发布：取消后的复核结论不得覆盖取消终态（RC3-04⑦）
OTA_LINK_SAMPLE label=upgrade kind=gatt_write us=0 bytes=10
OTA_LINK_SAMPLE label=upgrade kind=get_info us=607 ok=1
OTA_MONO MONO_BUDGET_START monoUs=12415117 wallUs=1789560684272596
OTA_LINK_SAMPLE label=upgrade kind=gatt_write us=0 bytes=111
OTA_LINK_SAMPLE label=upgrade kind=durable us=2818 off=0
OTA_LINK_SAMPLE label=upgrade kind=gatt_write us=0 bytes=142
OTA_MONO MONO_PAUSE monoUs=12416599 wallUs=1789560684274078
OTA_LINK_SAMPLE label=upgrade kind=segment_first_send us=3751 off=0 len=128
OTA sent 128/1024
OTA_MONO MONO_ABORT_BEGIN monoUs=12417348 wallUs=1789560684274827 code=USER_CANCEL
OTA_MONO MONO_WRITE_STOP monoUs=12417557 wallUs=1789560684275035
00:29 +191 -2: /home/runner/work/E-Track/E-Track/app/bluetooth_flutter_Trace/test/ota/ota_service_upgrade_test.dart: 取消与后台恢复的 owner/资源生命周期（RC3-04⑦/08⑦/12⑦） 后台恢复三级复核通过：恢复发送并完成传输（RC3-08⑦ 正例）
00:30 +192 -2: loading /home/runner/work/E-Track/E-Track/app/bluetooth_flutter_Trace/test/ota/ota_link_stats_test.dart
00:30 +192 -2: /home/runner/work/E-Track/E-Track/app/bluetooth_flutter_Trace/test/ota/ota_link_stats_test.dart: nearestRank：空样本返回 null
00:30 +193 -2: /home/runner/work/E-Track/E-Track/app/bluetooth_flutter_Trace/test/ota/ota_link_stats_test.dart: nearestRank：N=1 任意分位返回唯一值
00:30 +194 -2: /home/runner/work/E-Track/E-Track/app/bluetooth_flutter_Trace/test/ota/ota_link_stats_test.dart: nearestRank：N=100 p99 取第 99 个（ceil 语义，不插值）
00:30 +195 -2: /home/runner/work/E-Track/E-Track/app/bluetooth_flutter_Trace/test/ota/ota_link_stats_test.dart: nearestRank：N=3 p99 取最大（ceil(2.97)=3）
00:30 +196 -2: /home/runner/work/E-Track/E-Track/app/bluetooth_flutter_Trace/test/ota/ota_link_stats_test.dart: ACK 延迟样本规则 首发+确认恰一样本；重发不更新起点、计入重传帧
OTA_LINK_SAMPLE label=upgrade kind=segment_first_send us=416 off=0 len=128
OTA_LINK_SAMPLE label=upgrade kind=segment_retransmit us=9613 off=0 len=128
OTA_LINK_SAMPLE label=upgrade kind=ack_latency us=10416 off=0
00:30 +197 -2: /home/runner/work/E-Track/E-Track/app/bluetooth_flutter_Trace/test/ota/ota_link_stats_test.dart: ACK 延迟样本规则 重复确认不重复采样
OTA_LINK_SAMPLE label=upgrade kind=segment_first_send us=21 off=0 len=128
OTA_LINK_SAMPLE label=upgrade kind=ack_latency us=241 off=0
00:30 +198 -2: /home/runner/work/E-Track/E-Track/app/bluetooth_flutter_Trace/test/ota/ota_link_stats_test.dart: ACK 延迟样本规则 共享同一 ACK 的多段各自成样本（起点各异）
OTA_LINK_SAMPLE label=upgrade kind=segment_first_send us=15 off=0 len=128
OTA_LINK_SAMPLE label=upgrade kind=segment_first_send us=2919 off=128 len=128
OTA_LINK_SAMPLE label=upgrade kind=segment_first_send us=5953 off=256 len=128
OTA_LINK_SAMPLE label=upgrade kind=ack_latency us=6153 off=0
OTA_LINK_SAMPLE label=upgrade kind=ack_latency us=3249 off=128
OTA_LINK_SAMPLE label=upgrade kind=ack_latency us=215 off=256
00:30 +199 -2: /home/runner/work/E-Track/E-Track/app/bluetooth_flutter_Trace/test/ota/ota_link_stats_test.dart: ACK 延迟样本规则 无首发记录的段跳过且不计入完整性分母（resume 前缀/bitmap 跳过段）
OTA_LINK_SAMPLE label=upgrade kind=ack_early us=14 off=4736
00:30 +200 -2: /home/runner/work/E-Track/E-Track/app/bluetooth_flutter_Trace/test/ota/ota_link_stats_test.dart: ACK 延迟样本规则 fail-closed：已发送未确认段如实报 partial:missing=N
OTA_LINK_SAMPLE label=upgrade kind=segment_first_send us=15 off=0 len=128
OTA_LINK_SAMPLE label=upgrade kind=segment_first_send us=203 off=128 len=128
OTA_LINK_SAMPLE label=upgrade kind=segment_first_send us=413 off=256 len=128
OTA_LINK_SAMPLE label=upgrade kind=ack_latency us=601 off=0
OTA_LINK_SAMPLE label=upgrade kind=ack_latency us=1141 off=128
OTA_LINK_SAMPLE label=upgrade kind=ack_latency us=931 off=256
00:30 +201 -2: /home/runner/work/E-Track/E-Track/app/bluetooth_flutter_Trace/test/ota/ota_link_stats_test.dart: ACK 延迟样本规则 bitmap 确认走同一通路：置位段逐段成样本
OTA_LINK_SAMPLE label=upgrade kind=segment_first_send us=14 off=0 len=128
OTA_LINK_SAMPLE label=upgrade kind=segment_first_send us=217 off=256 len=128
OTA_LINK_SAMPLE label=upgrade kind=ack_latency us=669 off=0
OTA_LINK_SAMPLE label=upgrade kind=ack_latency us=466 off=256
00:30 +202 -2: /home/runner/work/E-Track/E-Track/app/bluetooth_flutter_Trace/test/ota/ota_link_stats_test.dart: ACK 延迟样本规则 bitmap=0 的 BEGIN 权威确认是 no-op
00:30 +203 -2: /home/runner/work/E-Track/E-Track/app/bluetooth_flutter_Trace/test/ota/ota_link_stats_test.dart: ACK 分类计数与 durable 推进 六类分类独立累加
00:30 +204 -2: /home/runner/work/E-Track/E-Track/app/bluetooth_flutter_Trace/test/ota/ota_link_stats_test.dart: ACK 分类计数与 durable 推进 durable 单调去重：重复与倒退忽略
OTA_LINK_SAMPLE label=upgrade kind=durable us=186 off=4096
OTA_LINK_SAMPLE label=upgrade kind=durable us=397 off=8192
00:30 +205 -2: /home/runner/work/E-Track/E-Track/app/bluetooth_flutter_Trace/test/ota/ota_link_stats_test.dart: 绑定与传输阶段 charsDiscovery/mtu/subscribe 幂等只记首次
00:30 +206 -2: /home/runner/work/E-Track/E-Track/app/bluetooth_flutter_Trace/test/ota/ota_link_stats_test.dart: 绑定与传输阶段 transferStart 幂等、outcome 幂等；endAckArrival 由采信点单次调用（P34-R03）
00:30 +207 -2: /home/runner/work/E-Track/E-Track/app/bluetooth_flutter_Trace/test/ota/ota_link_stats_test.dart: 绑定与传输阶段 getInfo / gattWrite / discover / platformWrite 累计与错误计数
OTA_LINK_SAMPLE label=upgrade kind=get_info us=1000 ok=1
OTA_LINK_SAMPLE label=upgrade kind=get_info us=2000 ok=1
OTA_LINK_SAMPLE label=upgrade kind=gatt_write us=500 bytes=128
OTA_LINK_SAMPLE label=upgrade kind=gatt_write us=700 bytes=128 error=1
OTA_LINK_SAMPLE label=upgrade kind=discover us=900
OTA_LINK_SAMPLE label=upgrade kind=platform_write us=600 bytes=128
00:30 +208 -2: /home/runner/work/E-Track/E-Track/app/bluetooth_flutter_Trace/test/ota/ota_link_stats_test.dart: toJson / emitSummary schema 与 transfer 域字段齐全
00:30 +209 -2: /home/runner/work/E-Track/E-Track/app/bluetooth_flutter_Trace/test/ota/ota_link_stats_test.dart: toJson / emitSummary emitSummary 幂等：仅首次输出一行 OTA_LINK_STATS
00:30 +210 -2: /home/runner/work/E-Track/E-Track/app/bluetooth_flutter_Trace/test/ota/ota_link_stats_test.dart: toJson / emitSummary 流式样本行格式：kind/us/off 字段
00:30 +211 -2: /home/runner/work/E-Track/E-Track/app/bluetooth_flutter_Trace/test/ota/ota_link_stats_test.dart: P34 整改：早到确认 / 续传确认 / 失败留痕 / 轮次归属 早到确认：无样本、记为无效观测；随后登记首发也不得造假样本（P34-R01）
OTA_LINK_SAMPLE label=upgrade kind=ack_early us=15 off=256
OTA_LINK_SAMPLE label=upgrade kind=ack_early_invalid us=15 off=256
OTA_LINK_SAMPLE label=upgrade kind=segment_first_send us=259 off=256 len=128
00:30 +212 -2: /home/runner/work/E-Track/E-Track/app/bluetooth_flutter_Trace/test/ota/ota_link_stats_test.dart: P34 整改：早到确认 / 续传确认 / 失败留痕 / 轮次归属 resume BEGIN 确认并集：durable 前缀补样本，未发送前缀只是暂挂（P34-R02）
OTA_LINK_SAMPLE label=upgrade kind=segment_first_send us=15 off=0 len=128
OTA_LINK_SAMPLE label=upgrade kind=segment_first_send us=194 off=128 len=128
OTA_LINK_SAMPLE label=upgrade kind=segment_first_send us=6668 off=4096 len=128
OTA_LINK_SAMPLE label=upgrade kind=ack_latency us=6977 off=0
OTA_LINK_SAMPLE label=upgrade kind=ack_latency us=6798 off=128
OTA_LINK_SAMPLE label=upgrade kind=ack_early us=6992 off=256
OTA_LINK_SAMPLE label=upgrade kind=ack_early us=6992 off=384
OTA_LINK_SAMPLE label=upgrade kind=ack_early us=6992 off=512
OTA_LINK_SAMPLE label=upgrade kind=ack_early us=6992 off=640
OTA_LINK_SAMPLE label=upgrade kind=ack_early us=6992 off=768
OTA_LINK_SAMPLE label=upgrade kind=ack_early us=6992 off=896
OTA_LINK_SAMPLE label=upgrade kind=ack_early us=6992 off=1024
OTA_LINK_SAMPLE label=upgrade kind=ack_early us=6992 off=1152
OTA_LINK_SAMPLE label=upgrade kind=ack_early us=6992 off=1280
OTA_LINK_SAMPLE label=upgrade kind=ack_early us=6992 off=1408
OTA_LINK_SAMPLE label=upgrade kind=ack_early us=6992 off=1536
OTA_LINK_SAMPLE label=upgrade kind=ack_early us=6992 off=1664
OTA_LINK_SAMPLE label=upgrade kind=ack_early us=6992 off=1792
OTA_LINK_SAMPLE label=upgrade kind=ack_early us=6992 off=1920
OTA_LINK_SAMPLE label=upgrade kind=ack_early us=6992 off=2048
OTA_LINK_SAMPLE label=upgrade kind=ack_early us=6992 off=2176
OTA_LINK_SAMPLE label=upgrade kind=ack_early us=6992 off=2304
OTA_LINK_SAMPLE label=upgrade kind=ack_early us=6992 off=2432
OTA_LINK_SAMPLE label=upgrade kind=ack_early us=6992 off=2560
OTA_LINK_SAMPLE label=upgrade kind=ack_early us=6992 off=2688
OTA_LINK_SAMPLE label=upgrade kind=ack_early us=6992 off=2816
OTA_LINK_SAMPLE label=upgrade kind=ack_early us=6992 off=2944
OTA_LINK_SAMPLE label=upgrade kind=ack_early us=6992 off=3072
OTA_LINK_SAMPLE label=upgrade kind=ack_early us=6992 off=3200
OTA_LINK_SAMPLE label=upgrade kind=ack_early us=6992 off=3328
OTA_LINK_SAMPLE label=upgrade kind=ack_early us=6992 off=3456
OTA_LINK_SAMPLE label=upgrade kind=ack_early us=6992 off=3584
OTA_LINK_SAMPLE label=upgrade kind=ack_early us=6992 off=3712
OTA_LINK_SAMPLE label=upgrade kind=ack_early us=6992 off=3840
OTA_LINK_SAMPLE label=upgrade kind=ack_early us=6992 off=3968
OTA_LINK_SAMPLE label=upgrade kind=ack_latency us=324 off=4096
00:30 +213 -2: /home/runner/work/E-Track/E-Track/app/bluetooth_flutter_Trace/test/ota/ota_link_stats_test.dart: P34 整改：早到确认 / 续传确认 / 失败留痕 / 轮次归属 失败留痕幂等：只记首次终结阶段与原因（P34-R05）
00:30 +214 -2: /home/runner/work/E-Track/E-Track/app/bluetooth_flutter_Trace/test/ota/ota_link_stats_test.dart: P34 整改：早到确认 / 续传确认 / 失败留痕 / 轮次归属 probe 轮次：attempt 序号、逐轮结论与阶段窗口（P34-R06）
00:30 +215 -2: /home/runner/work/E-Track/E-Track/app/bluetooth_flutter_Trace/test/ota/ota_link_stats_test.dart: P34 整改：早到确认 / 续传确认 / 失败留痕 / 轮次归属 失败往返与失败尝试同样入账（getInfo/discover/platformWrite）（P34-R04）
OTA_LINK_SAMPLE label=upgrade kind=get_info us=1000 ok=1
OTA_LINK_SAMPLE label=upgrade kind=get_info us=400 ok=0
OTA_LINK_SAMPLE label=upgrade kind=discover us=900
OTA_LINK_SAMPLE label=upgrade kind=discover us=120 error=1
OTA_LINK_SAMPLE label=upgrade kind=platform_write us=600 bytes=128
OTA_LINK_SAMPLE label=upgrade kind=platform_write us=50 bytes=0 error=1
00:30 +216 -2: /home/runner/work/E-Track/E-Track/app/bluetooth_flutter_Trace/test/ota/ota_link_stats_test.dart: P34 整改：早到确认 / 续传确认 / 失败留痕 / 轮次归属 MTU 来源与写模式可区分回退值与真实协商值（P34-R04）
00:30 +217 -2: loading /home/runner/work/E-Track/E-Track/app/bluetooth_flutter_Trace/test/ota/ota_ble_transport_test.dart
test/ota/ota_ble_transport_test.dart:2576:22: Error: Method not found: 'shaOf'.
      packageSha256: shaOf(package),
                     ^^^^^
test/ota/ota_ble_transport_test.dart:2577:18: Error: Method not found: 'etuHeaderOf'.
      etuHeader: etuHeaderOf(package),
                 ^^^^^^^^^^^
00:30 +217 -3: loading /home/runner/work/E-Track/E-Track/app/bluetooth_flutter_Trace/test/ota/ota_ble_transport_test.dart [E]
  Failed to load "/home/runner/work/E-Track/E-Track/app/bluetooth_flutter_Trace/test/ota/ota_ble_transport_test.dart":
  Compilation failed for testPath=/home/runner/work/E-Track/E-Track/app/bluetooth_flutter_Trace/test/ota/ota_ble_transport_test.dart: test/ota/ota_ble_transport_test.dart:2576:22: Error: Method not found: 'shaOf'.
        packageSha256: shaOf(package),
                       ^^^^^
  test/ota/ota_ble_transport_test.dart:2577:18: Error: Method not found: 'etuHeaderOf'.
        etuHeader: etuHeaderOf(package),
                   ^^^^^^^^^^^
  .
00:30 +217 -3: loading /home/runner/work/E-Track/E-Track/app/bluetooth_flutter_Trace/test/ota/ota_upgrade_page_test.dart
00:33 +217 -3: /home/runner/work/E-Track/E-Track/app/bluetooth_flutter_Trace/test/ota/ota_upgrade_page_test.dart: 连接与身份卡 未连接设备：显示未连接，检查更新按钮禁用
00:34 +218 -3: /home/runner/work/E-Track/E-Track/app/bluetooth_flutter_Trace/test/ota/ota_upgrade_page_test.dart: 连接与身份卡 传入设备且 GET_INFO 成功：身份确认卡 + 检查按钮可用
00:34 +219 -3: /home/runner/work/E-Track/E-Track/app/bluetooth_flutter_Trace/test/ota/ota_upgrade_page_test.dart: 连接与身份卡 传入设备但身份读取失败：待确认 + 重试读取入口
00:34 +220 -3: /home/runner/work/E-Track/E-Track/app/bluetooth_flutter_Trace/test/ota/ota_upgrade_page_test.dart: 升级进度卡（phase 驱动，PR16） downloading：下载进度 + 网络下载行 + 取消下载
00:34 +221 -3: /home/runner/work/E-Track/E-Track/app/bluetooth_flutter_Trace/test/ota/ota_upgrade_page_test.dart: 升级进度卡（phase 驱动，PR16） transferring：传输卡 + durable/网络双行 + 取消升级
00:34 +222 -3: /home/runner/work/E-Track/E-Track/app/bluetooth_flutter_Trace/test/ota/ota_upgrade_page_test.dart: 升级进度卡（phase 驱动，PR16） waitingReboot：仍按传输样式渲染等待重启
00:34 +223 -3: /home/runner/work/E-Track/E-Track/app/bluetooth_flutter_Trace/test/ota/ota_upgrade_page_test.dart: 升级进度卡（phase 驱动，PR16） reconnectVerify：复核阶段按传输样式渲染
00:34 +224 -3: /home/runner/work/E-Track/E-Track/app/bluetooth_flutter_Trace/test/ota/ota_upgrade_page_test.dart: 升级进度卡（phase 驱动，PR16） readyToInstall：固件就绪 + 开始 BLE 传输入口
00:34 +225 -3: /home/runner/work/E-Track/E-Track/app/bluetooth_flutter_Trace/test/ota/ota_upgrade_page_test.dart: 升级进度卡（phase 驱动，PR16） cancelled：显示取消状态卡
00:34 +226 -3: /home/runner/work/E-Track/E-Track/app/bluetooth_flutter_Trace/test/ota/ota_upgrade_page_test.dart: 升级进度卡（phase 驱动，PR16） completed：完成卡显示目标版本与设备 vcode（PR07）
00:34 +227 -3: /home/runner/work/E-Track/E-Track/app/bluetooth_flutter_Trace/test/ota/ota_upgrade_page_test.dart: 终止态卡（PR11） CLIENT_TOO_OLD：无法升级 + 门槛文案
00:34 +228 -3: /home/runner/work/E-Track/E-Track/app/bluetooth_flutter_Trace/test/ota/ota_upgrade_page_test.dart: 终止态卡（PR11） retryableLater 终止态：暂不可更新样式
00:35 +229 -3: /home/runner/work/E-Track/E-Track/app/bluetooth_flutter_Trace/test/ota/ota_upgrade_page_test.dart: 终止态卡（PR11） requestId 透出便于排查
00:35 +230 -3: /home/runner/work/E-Track/E-Track/app/bluetooth_flutter_Trace/test/ota/ota_upgrade_page_test.dart: 固件信息卡（发现新版本） hasUpdate 时渲染版本/大小/类型/SHA
00:35 +231 -3: /home/runner/work/E-Track/E-Track/app/bluetooth_flutter_Trace/test/ota/ota_upgrade_page_test.dart: 取消对话框（RC3-05① 冻结删除策略） BLE 阶段取消：保留固件包选项传递 keepPackage=true
00:35 +232 -3: /home/runner/work/E-Track/E-Track/app/bluetooth_flutter_Trace/test/ota/ota_upgrade_page_test.dart: 取消对话框（RC3-05① 冻结删除策略） BLE 阶段取消：删除固件包选项传递 keepPackage=false
00:35 +233 -3: /home/runner/work/E-Track/E-Track/app/bluetooth_flutter_Trace/test/ota/ota_upgrade_page_test.dart: 取消对话框（RC3-05① 冻结删除策略） 下载阶段取消：无保留 partial 选项，确认取消保留已校验包
00:35 +234 -3: /home/runner/work/E-Track/E-Track/app/bluetooth_flutter_Trace/test/ota/ota_upgrade_page_test.dart: 取消对话框（RC3-05① 冻结删除策略） cancelled 保留验证包：仍提供开始传输入口
00:35 +235 -3: /home/runner/work/E-Track/E-Track/app/bluetooth_flutter_Trace/test/ota/ota_upgrade_page_test.dart: 忽略与清理（RC3-12②） readyToInstall 点忽略：清包后传输入口消失、下载入口恢复
00:35 +236 -3: /home/runner/work/E-Track/E-Track/app/bluetooth_flutter_Trace/test/ota/ota_upgrade_page_test.dart: 忽略与清理（RC3-12②） 忙碌时点忽略：清理被拒绝，不崩溃不转换
00:35 +237 -3: /home/runner/work/E-Track/E-Track/app/bluetooth_flutter_Trace/test/ota/ota_upgrade_page_test.dart: 终止态入口闭锁（RC3-12③） 非 retryableLater 终止态：检查按钮禁用 + 解锁提示
00:36 +238 -3: /home/runner/work/E-Track/E-Track/app/bluetooth_flutter_Trace/test/ota/ota_upgrade_page_test.dart: 终止态入口闭锁（RC3-12③） retryableLater 终止态：检查按钮仍可用
00:36 +239 -3: /home/runner/work/E-Track/E-Track/app/bluetooth_flutter_Trace/test/ota/ota_upgrade_page_test.dart: 终止态入口闭锁（RC3-12③） 终止闭锁但身份快照仍在：提供可执行的重新读取身份解锁入口（RC3-12③）
00:36 +240 -3: /home/runner/work/E-Track/E-Track/app/bluetooth_flutter_Trace/test/ota/ota_upgrade_page_test.dart: 终止态入口闭锁（RC3-12③） 窄屏终止闭锁：检查更新与解锁按钮换行共存不截断（O4 整改）
00:36 +241 -3: /home/runner/work/E-Track/E-Track/app/bluetooth_flutter_Trace/test/ota/ota_upgrade_page_test.dart: 连接与生命周期（RC3-08④） 显式设备参数变化：重新解析并读取新地址身份
00:36 +242 -3: /home/runner/work/E-Track/E-Track/app/bluetooth_flutter_Trace/test/ota/ota_upgrade_page_test.dart: 连接与生命周期（RC3-08④） 后台暂停恢复：回前台重新读取设备身份
00:36 +243 -3: loading /home/runner/work/E-Track/E-Track/app/bluetooth_flutter_Trace/test/ota/ota_device_info_test.dart
00:36 +243 -3: /home/runner/work/E-Track/E-Track/app/bluetooth_flutter_Trace/test/ota/ota_device_info_test.dart: DeviceOtaInfo.fromInfoPayload（正向） 精确 E-Track\0 → e-track-at32f435，全字段映射
00:36 +244 -3: /home/runner/work/E-Track/E-Track/app/bluetooth_flutter_Trace/test/ota/ota_device_info_test.dart: DeviceOtaInfo.fromInfoPayload（正向） versionName 按契约 §0.6 反解（major*10000+minor*100+patch）
00:36 +245 -3: /home/runner/work/E-Track/E-Track/app/bluetooth_flutter_Trace/test/ota/ota_device_info_test.dart: DeviceOtaInfo 负例（必须 fail closed） 未知 model → UNKNOWN_DEVICE_MODEL
00:36 +246 -3: /home/runner/work/E-Track/E-Track/app/bluetooth_flutter_Trace/test/ota/ota_device_info_test.dart: DeviceOtaInfo 负例（必须 fail closed） model 无 NUL 终止（8B 全满）→ UNKNOWN_DEVICE_MODEL
00:36 +247 -3: /home/runner/work/E-Track/E-Track/app/bluetooth_flutter_Trace/test/ota/ota_device_info_test.dart: DeviceOtaInfo 负例（必须 fail closed） model NUL 前有非可打印字节 → UNKNOWN_DEVICE_MODEL
00:36 +248 -3: /home/runner/work/E-Track/E-Track/app/bluetooth_flutter_Trace/test/ota/ota_device_info_test.dart: DeviceOtaInfo 负例（必须 fail closed） 不支持 proto_ver → UNSUPPORTED_PROTOCOL
00:36 +249 -3: /home/runner/work/E-Track/E-Track/app/bluetooth_flutter_Trace/test/ota/ota_device_info_test.dart: DeviceOtaInfo 负例（必须 fail closed） INFO 长度非法 → MALFORMED_INFO
00:36 +250 -3: /home/runner/work/E-Track/E-Track/app/bluetooth_flutter_Trace/test/ota/ota_device_info_test.dart: deviceIdentityMatches（重连身份复核） 同身份 → true
00:36 +251 -3: /home/runner/work/E-Track/E-Track/app/bluetooth_flutter_Trace/test/ota/ota_device_info_test.dart: deviceIdentityMatches（重连身份复核） vcode 漂移 → false（不得静默换设备续传）
00:36 +252 -3: /home/runner/work/E-Track/E-Track/app/bluetooth_flutter_Trace/test/ota/ota_device_info_test.dart: deviceIdentityMatches（重连身份复核） 镜像 sha 漂移 → false
00:36 +253 -3: /home/runner/work/E-Track/E-Track/app/bluetooth_flutter_Trace/test/ota/ota_device_info_test.dart: deviceIdentityMatches（重连身份复核） layoutId/boot/hwRev 漂移 → false
00:36 +254 -3: /home/runner/work/E-Track/E-Track/app/bluetooth_flutter_Trace/test/ota/ota_device_info_test.dart: deviceHardwareMatches（升级后硬件身份复核） 版本/镜像变化（升级成功）→ 仍 true
00:36 +255 -3: /home/runner/work/E-Track/E-Track/app/bluetooth_flutter_Trace/test/ota/ota_device_info_test.dart: deviceHardwareMatches（升级后硬件身份复核） 硬件字段漂移 → false（视为换设备）
00:36 +256 -3: /home/runner/work/E-Track/E-Track/app/bluetooth_flutter_Trace/test/ota/ota_device_info_test.dart: buildInfoPayload（组装辅助） 非法 model/sha 长度拒绝
00:36 +257 -3: /home/runner/work/E-Track/E-Track/app/bluetooth_flutter_Trace/test/ota/ota_device_info_test.dart: buildInfoPayload（组装辅助） 往返：build → parse → build
00:36 +258 -3: loading /home/runner/work/E-Track/E-Track/app/bluetooth_flutter_Trace/test/ota/bluetooth_adapter_notify_test.dart
00:37 +258 -3: /home/runner/work/E-Track/E-Track/app/bluetooth_flutter_Trace/test/ota/bluetooth_adapter_notify_test.dart: subscribeOtaNotifyByAddress（Windows 通知路径，RC3-09） notify-only 特征：订阅成功且通知事件透传（不读特征）
00:37 +259 -3: /home/runner/work/E-Track/E-Track/app/bluetooth_flutter_Trace/test/ota/bluetooth_adapter_notify_test.dart: subscribeOtaNotifyByAddress（Windows 通知路径，RC3-09） 连续多片：按序全部送达（轮询读版会丢片）
00:37 +260 -3: /home/runner/work/E-Track/E-Track/app/bluetooth_flutter_Trace/test/ota/bluetooth_adapter_notify_test.dart: subscribeOtaNotifyByAddress（Windows 通知路径，RC3-09） 重复片：不去重（同值通知是有效重发，由协议层幂等）
00:37 +261 -3: /home/runner/work/E-Track/E-Track/app/bluetooth_flutter_Trace/test/ota/bluetooth_adapter_notify_test.dart: subscribeOtaNotifyByAddress（Windows 通知路径，RC3-09） 流取消：取消底层监听并退订特征
00:37 +262 -3: /home/runner/work/E-Track/E-Track/app/bluetooth_flutter_Trace/test/ota/bluetooth_adapter_notify_test.dart: subscribeOtaNotifyByAddress（Windows 通知路径，RC3-09） 订阅失败：返回 null（不静默吞掉）
OTA订阅特征失败(11:22:33:44:55:66/fff1): PlatformException(subscribe_failed, null, null, null)
00:37 +263 -3: /home/runner/work/E-Track/E-Track/app/bluetooth_flutter_Trace/test/ota/bluetooth_adapter_notify_test.dart: subscribeNotifyByAddress（遥控透传 Windows 通知路径，RC3-09） notify-only 特征：初始读失败被忽略，通知正常透传
00:37 +264 -3: /home/runner/work/E-Track/E-Track/app/bluetooth_flutter_Trace/test/ota/bluetooth_adapter_notify_test.dart: subscribeNotifyByAddress（遥控透传 Windows 通知路径，RC3-09） 可读特征：初始读给出当前值，后续值来自通知且不去重
00:37 +265 -3: /home/runner/work/E-Track/E-Track/app/bluetooth_flutter_Trace/test/ota/bluetooth_adapter_notify_test.dart: findExactOtaCharacteristicsByAddress（真实 win_ble 对象形态，RC3-09） 真实 BleCharacteristic（无 getField）：能力从 Properties 字段读取，精确选择 FFF2/FFF1（RC3-09 修复鉴别）
  Skip: Windows 对象形态发现链，由 Windows CI 执行
00:37 +265 ~1 -3: /home/runner/work/E-Track/E-Track/app/bluetooth_flutter_Trace/test/ota/bluetooth_adapter_notify_test.dart: findExactOtaCharacteristicsByAddress（真实 win_ble 对象形态，RC3-09） FFF2 仅 writeWithoutResponse：writeMode 绑定为 without
  Skip: Windows 对象形态发现链，由 Windows CI 执行
00:37 +265 ~2 -3: /home/runner/work/E-Track/E-Track/app/bluetooth_flutter_Trace/test/ota/bluetooth_adapter_notify_test.dart: findExactOtaCharacteristicsByAddress（真实 win_ble 对象形态，RC3-09） FFF2 无任何写能力：整体发现失败，不降级取其他可写特征
  Skip: Windows 对象形态发现链，由 Windows CI 执行
00:37 +265 ~3 -3: /home/runner/work/E-Track/E-Track/app/bluetooth_flutter_Trace/test/ota/bluetooth_adapter_notify_test.dart: findExactOtaCharacteristicsByAddress（真实 win_ble 对象形态，RC3-09） FFF1 无通知能力：整体发现失败（indicate 不满足时同理）
  Skip: Windows 对象形态发现链，由 Windows CI 执行
00:37 +265 ~4 -3: /home/runner/work/E-Track/E-Track/app/bluetooth_flutter_Trace/test/ota/bluetooth_adapter_notify_test.dart: findExactOtaCharacteristicsByAddress（真实 win_ble 对象形态，RC3-09） 发现→写入：writeOtaCharacteristicByAddress 按发现结果精确转发
  Skip: Windows 对象形态发现链，由 Windows CI 执行
00:37 +265 ~5 -3: /home/runner/work/E-Track/E-Track/app/bluetooth_flutter_Trace/test/ota/bluetooth_adapter_notify_test.dart: findExactOtaCharacteristicsByAddress（真实 win_ble 对象形态，RC3-09） 发现→订阅→通知：真实三元组贯通，通知片按序透传
  Skip: Windows 对象形态发现链，由 Windows CI 执行
00:37 +265 ~6 -3: /home/runner/work/E-Track/E-Track/app/bluetooth_flutter_Trace/test/ota/bluetooth_adapter_notify_test.dart: 重新绑定资源所有权（RC3-09） 取消旧流后再订阅：旧流关闭不再吐值，退订与订阅一一对应
00:37 +266 ~6 -3: /home/runner/work/E-Track/E-Track/app/bluetooth_flutter_Trace/test/ota/bluetooth_adapter_notify_test.dart: 重新绑定资源所有权（RC3-09） 订阅失败后再重试：失败不留残留状态，重试可成功
OTA订阅特征失败(11:22:33:44:55:66/fff1): PlatformException(subscribe_failed, null, null, null)
00:37 +267 ~6 -3: /home/runner/work/E-Track/E-Track/app/bluetooth_flutter_Trace/test/ota/bluetooth_adapter_notify_test.dart: 共享 CCCD 所有权（RC3-08⑦） 迟到的旧订阅取消：不得关闭新 owner 的共享 CCCD
00:37 +268 ~6 -3: /home/runner/work/E-Track/E-Track/app/bluetooth_flutter_Trace/test/ota/bluetooth_adapter_notify_test.dart: 共享 CCCD 所有权（RC3-08⑦） 发起顺序决定所有权：先发起、后完成的旧订阅不得接管新 owner（RC3-08⑦）
00:37 +269 ~6 -3: /home/runner/work/E-Track/E-Track/app/bluetooth_flutter_Trace/test/ota/bluetooth_adapter_notify_test.dart: 共享 CCCD 所有权（RC3-08⑦） 所有权转移后再重订：owner 归属跟随最新一次订阅
00:37 +270 ~6 -3: /home/runner/work/E-Track/E-Track/app/bluetooth_flutter_Trace/test/ota/bluetooth_adapter_notify_test.dart: 晚到的断开完成不得拆掉新链路资源（RC3-08⑦） 断开在途期间代次已前进：迟到完成不清新链路设备、不重复前进代次
  Skip: Windows 平台断开分支，由 Windows CI 执行
00:37 +270 ~7 -3: loading /home/runner/work/E-Track/E-Track/app/bluetooth_flutter_Trace/test/ota/ota_service_session_test.dart
00:37 +270 ~7 -3: /home/runner/work/E-Track/E-Track/app/bluetooth_flutter_Trace/test/ota/ota_service_session_test.dart: 双击防重入：挂起下载期间 checkFirmwareUpdate 不发新请求
00:38 +271 ~7 -3: /home/runner/work/E-Track/E-Track/app/bluetooth_flutter_Trace/test/ota/ota_service_session_test.dart: 注册前取消：请求未发出（计数断言），取消终态且可重新下载
OTA_MONO MONO_ABORT_BEGIN monoUs=2 wallUs=1789560692571651 code=USER_CANCEL
OTA_MONO MONO_WRITE_STOP monoUs=2637 wallUs=1789560692574285
OTA_MONO MONO_ABORT_DONE monoUs=4130 wallUs=1789560692575777 code=USER_CANCEL
OTA_MONO MONO_TERMINAL monoUs=4399 wallUs=1789560692576047 code=USER_CANCEL
00:38 +272 ~7 -3: /home/runner/work/E-Track/E-Track/app/bluetooth_flutter_Trace/test/ota/ota_service_session_test.dart: 在途取消：adapter 已进入（entered barrier）后取消 → CANCELLED
OTA_MONO MONO_ABORT_BEGIN monoUs=29271 wallUs=1789560692600917 code=USER_CANCEL
OTA_MONO MONO_WRITE_STOP monoUs=29505 wallUs=1789560692601151
OTA_MONO MONO_ABORT_DONE monoUs=34341 wallUs=1789560692605989 code=USER_CANCEL
OTA_MONO MONO_TERMINAL monoUs=39021 wallUs=1789560692610667 code=USER_CANCEL
00:38 +273 ~7 -3: /home/runner/work/E-Track/E-Track/app/bluetooth_flutter_Trace/test/ota/ota_service_session_test.dart: 取消清理已校验完成包：keepPackage=false 删文件，true 保留
OTA_MONO MONO_ABORT_BEGIN monoUs=79185 wallUs=1789560692650833 code=USER_CANCEL
OTA_MONO MONO_WRITE_STOP monoUs=79681 wallUs=1789560692651327
OTA_MONO MONO_ABORT_DONE monoUs=81231 wallUs=1789560692652878 code=USER_CANCEL
OTA_MONO MONO_TERMINAL monoUs=84619 wallUs=1789560692656265 code=USER_CANCEL
OTA_MONO MONO_TERMINAL monoUs=101614 wallUs=1789560692673261 code=USER_CANCEL
00:38 +274 ~7 -3: /home/runner/work/E-Track/E-Track/app/bluetooth_flutter_Trace/test/ota/ota_service_session_test.dart: 刷新时取消：URL_EXPIRED → 重新 latest 在途时取消，旧清单不发布
OTA_MONO MONO_ABORT_BEGIN monoUs=125901 wallUs=1789560692697555 code=USER_CANCEL
OTA_MONO MONO_WRITE_STOP monoUs=126357 wallUs=1789560692698007
OTA_MONO MONO_ABORT_DONE monoUs=128363 wallUs=1789560692700017 code=USER_CANCEL
OTA_MONO MONO_TERMINAL monoUs=131452 wallUs=1789560692703101 code=USER_CANCEL
00:38 +275 ~7 -3: /home/runner/work/E-Track/E-Track/app/bluetooth_flutter_Trace/test/ota/ota_service_session_test.dart: URL_EXPIRED 刷新路径：401 TOKEN_EXPIRED → 重新 latest → 重下成功
00:38 +276 ~7 -3: /home/runner/work/E-Track/E-Track/app/bluetooth_flutter_Trace/test/ota/ota_service_session_test.dart: BACKEND_UNAVAILABLE 三次尝试耗尽 → retryableLater 终态并清资产
00:40 +277 ~7 -3: loading /home/runner/work/E-Track/E-Track/app/bluetooth_flutter_Trace/test/ota/ota_link_stats_shell_test.dart
00:40 +277 ~7 -3: /home/runner/work/E-Track/E-Track/app/bluetooth_flutter_Trace/test/ota/ota_link_stats_shell_test.dart: P34-R04/R07 真实外壳 stats 上报 findExact 外壳：发现计时/成败/写模式 + stats 透传到内部服务发现
OTA_LINK_SAMPLE label=upgrade kind=discover us=844 error=1
发现服务失败(AA:BB): Unsupported operation: 未找到设备，无法发现服务: AA:BB
精确发现OTA特征失败(AA:BB): Unsupported operation: 未找到设备，无法发现服务: AA:BB
00:40 +278 ~7 -3: /home/runner/work/E-Track/E-Track/app/bluetooth_flutter_Trace/test/ota/ota_link_stats_shell_test.dart: P34-R04/R07 真实外壳 stats 上报 findExact 外壳：发现失败（平台异常/设备缺失）登记 errors 且 found=false
OTA_LINK_SAMPLE label=upgrade kind=discover us=19 error=1
发现服务失败(AA:BB): Unsupported operation: 未找到设备，无法发现服务: AA:BB
精确发现OTA特征失败(AA:BB): Unsupported operation: 未找到设备，无法发现服务: AA:BB
00:40 +279 ~7 -3: /home/runner/work/E-Track/E-Track/app/bluetooth_flutter_Trace/test/ota/ota_link_stats_shell_test.dart: P34-R04/R07 真实外壳 stats 上报 requestOtaMtu 外壳：净荷上限来源可区分回退值与真实协商值
00:40 +280 ~7 -3: /home/runner/work/E-Track/E-Track/app/bluetooth_flutter_Trace/test/ota/ota_link_stats_shell_test.dart: P34-R04/R07 真实外壳 stats 上报 writeOtaCharacteristicByAddress 外壳：成功与失败的写都登记
OTA写入失败(AA:BB/fff0/fff2): Unsupported operation: 未找到设备，无法写入: AA:BB
OTA_LINK_SAMPLE label=upgrade kind=gatt_write us=3448 bytes=128 error=1
00:40 +281 ~7 -3: /home/runner/work/E-Track/E-Track/app/bluetooth_flutter_Trace/test/ota/ota_link_stats_shell_test.dart: P34-R04/R07 真实外壳 stats 上报 discoverServicesByAddress 外壳：成功与失败尝试都计入 calls/errors
OTA_LINK_SAMPLE label=upgrade kind=discover us=15 error=1
发现服务失败(AA:BB): Unsupported operation: 未找到设备，无法发现服务: AA:BB
00:40 +282 ~7 -3: /home/runner/work/E-Track/E-Track/app/bluetooth_flutter_Trace/test/ota/ota_link_stats_shell_test.dart: P34-R04/R07 真实外壳 stats 上报 stats 为 null 时外壳零行为差异：返回值不变、无新增异常
发现服务失败(AA:BB): Unsupported operation: 未找到设备，无法发现服务: AA:BB
精确发现OTA特征失败(AA:BB): Unsupported operation: 未找到设备，无法发现服务: AA:BB
00:40 +283 ~7 -3: Some tests failed.

Failing tests:
  /home/runner/work/E-Track/E-Track/app/bluetooth_flutter_Trace/test/ota/ota_ble_transport_test.dart: loading /home/runner/work/E-Track/E-Track/app/bluetooth_flutter_Trace/test/ota/ota_ble_transport_test.dart
  /home/runner/work/E-Track/E-Track/app/bluetooth_flutter_Trace/test/ota/ota_service_upgrade_test.dart: P3-4 probe 轮次归属：每轮独立摘要 + 轮次外壳汇总逐轮结论（P34-R06）
  /home/runner/work/E-Track/E-Track/app/bluetooth_flutter_Trace/test/ota/ota_service_upgrade_test.dart: P3-4 早退摘要：OTA 特征缺失仍输出终结摘要与失败原因（P34-R05）
