00:00 +0: loading /home/runner/work/E-Track/E-Track/app/bluetooth_flutter_Trace/test/ota/bluetooth_service_observation_scan_test.dart
00:00 +0: /home/runner/work/E-Track/E-Track/app/bluetooth_flutter_Trace/test/ota/bluetooth_service_observation_scan_test.dart: 适配器 on 但平台拒绝启动：scan_not_started，不与未见目标混淆
Mobile蓝牙扫描已启动
Mobile蓝牙扫描启动失败: Bad state: platform refused
开始扫描失败: Binding has not yet been initialized.
The "instance" getter on the WidgetsBinding binding mixin is only available once that binding has been initialized.
Typically, this is done by calling "WidgetsFlutterBinding.ensureInitialized()" or "runApp()" (the latter calls the former). Typically this call is done in the "void main()" method. The "ensureInitialized" method is idempotent; calling it multiple times is not harmful. After calling that method, the "instance" getter will return the binding.
In a test, one can call "TestWidgetsFlutterBinding.ensureInitialized()" as the first line in the test's "main()" method to initialize the binding.
If WidgetsBinding is a custom binding mixin, there must also be a custom binding class, like WidgetsFlutterBinding, but that mixes in the selected binding, and that is the class that must be constructed before using the "instance" getter.
00:00 +1: /home/runner/work/E-Track/E-Track/app/bluetooth_flutter_Trace/test/ota/bluetooth_service_observation_scan_test.dart: 扫描中流报错：scan_stream_error 经真实 onError 接线通知观测器
Mobile蓝牙扫描已启动
Mobile蓝牙扫描正常启动
扫描结果监听失败: Bad state: bt stack died
蓝牙扫描已停止
00:00 +2: /home/runner/work/E-Track/E-Track/app/bluetooth_flutter_Trace/test/ota/bluetooth_service_observation_scan_test.dart: 正常空扫描：窗口到期 target_not_seen，不与启动失败混淆
Mobile蓝牙扫描已启动
Mobile蓝牙扫描正常启动
蓝牙扫描已停止
00:00 +3: /home/runner/work/E-Track/E-Track/app/bluetooth_flutter_Trace/test/ota/bluetooth_service_observation_scan_test.dart: 扫描批次经真实接线转成 ObservedAdvertisement（含目标匹配）
Mobile蓝牙扫描已启动
Mobile蓝牙扫描正常启动
蓝牙扫描已停止
00:00 +4: loading /home/runner/work/E-Track/E-Track/app/bluetooth_flutter_Trace/test/ota/ota_download_test.dart
00:01 +4: /home/runner/work/E-Track/E-Track/app/bluetooth_flutter_Trace/test/ota/ota_download_test.dart: 完整下载 200 全量下载 + 长度/SHA 校验 + 原子 rename
00:01 +5: /home/runner/work/E-Track/E-Track/app/bluetooth_flutter_Trace/test/ota/ota_download_test.dart: 完整下载 进度回调收到 received/total
00:01 +6: /home/runner/work/E-Track/E-Track/app/bluetooth_flutter_Trace/test/ota/ota_download_test.dart: 续传 已有 partial：发 Range bytes=N-，206 增量追加
00:01 +7: /home/runner/work/E-Track/E-Track/app/bluetooth_flutter_Trace/test/ota/ota_download_test.dart: 续传 localPartSize == sizeBytes：不发 Range，先整文件校验
00:01 +8: /home/runner/work/E-Track/E-Track/app/bluetooth_flutter_Trace/test/ota/ota_download_test.dart: 续传 sidecar 身份漂移（不同 sha）：作废旧 partial 从零开始
00:01 +9: /home/runner/work/E-Track/E-Track/app/bluetooth_flutter_Trace/test/ota/ota_download_test.dart: 校验失败 fail closed 本地 partial 长度==sizeBytes 但字节损坏：删 partial 并抛 LOCAL_CORRUPT（合同 :274 重新 latest，不沿旧 URL 重下）
00:01 +10: /home/runner/work/E-Track/E-Track/app/bluetooth_flutter_Trace/test/ota/ota_download_test.dart: 校验失败 fail closed localPartSize > sizeBytes：删 partial 并抛 LOCAL_CORRUPT（合同 :275）
00:01 +11: /home/runner/work/E-Track/E-Track/app/bluetooth_flutter_Trace/test/ota/ota_download_test.dart: 24 小时清理 超时 partial 与 sidecar 被清理；新鲜 partial 保留
00:01 +12: /home/runner/work/E-Track/E-Track/app/bluetooth_flutter_Trace/test/ota/ota_download_test.dart: 24 小时清理 孤儿 partial（无 sidecar）被清理
00:01 +13: /home/runner/work/E-Track/E-Track/app/bluetooth_flutter_Trace/test/ota/ota_download_test.dart: 24 小时清理 孤儿 sidecar（无 .part）与 .tmp 残留被清理
00:01 +14: /home/runner/work/E-Track/E-Track/app/bluetooth_flutter_Trace/test/ota/ota_download_test.dart: PR13 续传响应头校验（fail closed） 206 缺 Accept-Ranges 头：作废 partial 从零重下后成功
00:01 +15: /home/runner/work/E-Track/E-Track/app/bluetooth_flutter_Trace/test/ota/ota_download_test.dart: PR13 续传响应头校验（fail closed） 206 Content-Range 区间不符：作废 partial 从零重下后成功
00:01 +16: /home/runner/work/E-Track/E-Track/app/bluetooth_flutter_Trace/test/ota/ota_download_test.dart: PR13 续传响应头校验（fail closed） 206 无强 ETag（If-Range 已发）：作废 partial 从零重下后成功
00:01 +17: /home/runner/work/E-Track/E-Track/app/bluetooth_flutter_Trace/test/ota/ota_download_test.dart: PR13 续传响应头校验（fail closed） 未请求区间却返回 206：作废后仍强制 206 → RESUME_PROTOCOL
00:01 +18: /home/runner/work/E-Track/E-Track/app/bluetooth_flutter_Trace/test/ota/ota_download_test.dart: PR13 续传响应头校验（fail closed） 416：删除 partial 并抛 RANGE_AT_END（上层重新 latest）
00:01 +19: /home/runner/work/E-Track/E-Track/app/bluetooth_flutter_Trace/test/ota/ota_download_test.dart: PR13 续传响应头校验（fail closed） 401 body TOKEN_EXPIRED：抛 URL_EXPIRED（RC2-11 分流）
00:01 +20: /home/runner/work/E-Track/E-Track/app/bluetooth_flutter_Trace/test/ota/ota_download_test.dart: PR13 续传响应头校验（fail closed） 409 ASSET_ARCHIVED：抛 ASSET_CONFLICT（重新 latest 触发器）
00:01 +21: /home/runner/work/E-Track/E-Track/app/bluetooth_flutter_Trace/test/ota/ota_download_test.dart: PR13 续传响应头校验（fail closed） 200 Content-Length 与清单不符：抛 RESUME_PROTOCOL
00:01 +22: /home/runner/work/E-Track/E-Track/app/bluetooth_flutter_Trace/test/ota/ota_download_test.dart: Content-Digest 交叉核对（RFC 9530） 正确的 sha-256 digest：下载成功
00:01 +23: /home/runner/work/E-Track/E-Track/app/bluetooth_flutter_Trace/test/ota/ota_download_test.dart: Content-Digest 交叉核对（RFC 9530） 错误的 digest：抛 DIGEST_MISMATCH
00:01 +24: /home/runner/work/E-Track/E-Track/app/bluetooth_flutter_Trace/test/ota/ota_download_test.dart: Content-Digest 交叉核对（RFC 9530） 非法 digest 格式（无 sha-256 项）：RESUME_PROTOCOL（RC2-11）
00:01 +25: /home/runner/work/E-Track/E-Track/app/bluetooth_flutter_Trace/test/ota/ota_download_test.dart: RC2 状态分类与响应模式归一 401 TOKEN_INVALID：URL_EXPIRED 且 partial 保留供重新签发后续传
00:01 +26: /home/runner/work/E-Track/E-Track/app/bluetooth_flutter_Trace/test/ota/ota_download_test.dart: RC2 状态分类与响应模式归一 401 未知 errorCode：HTTP_STATUS fail closed
00:01 +27: /home/runner/work/E-Track/E-Track/app/bluetooth_flutter_Trace/test/ota/ota_download_test.dart: RC2 状态分类与响应模式归一 401 空 body：HTTP_STATUS fail closed
00:01 +28: /home/runner/work/E-Track/E-Track/app/bluetooth_flutter_Trace/test/ota/ota_download_test.dart: RC2 状态分类与响应模式归一 410 ASSET_DISABLED：URL_EXPIRED 且 partial 删除（本地 metadata 作废）
00:01 +29: /home/runner/work/E-Track/E-Track/app/bluetooth_flutter_Trace/test/ota/ota_download_test.dart: RC2 状态分类与响应模式归一 409 ASSET_ARCHIVED：ASSET_CONFLICT 且 partial 保留
00:01 +30: /home/runner/work/E-Track/E-Track/app/bluetooth_flutter_Trace/test/ota/ota_download_test.dart: RC2 状态分类与响应模式归一 If-Range 失配回退 200 完整 body：截断旧 partial 重下成功（RC2-10：期望剩余量在归一后计算）
00:01 +31: /home/runner/work/E-Track/E-Track/app/bluetooth_flutter_Trace/test/ota/ota_download_test.dart: RC3-10/11 看码分流与资源释放 409/410 空错误体：HTTP_STATUS fail closed，不猜测刷新、partial 保留（看码分流）
00:01 +32: /home/runner/work/E-Track/E-Track/app/bluetooth_flutter_Trace/test/ota/ota_download_test.dart: RC3-10/11 看码分流与资源释放 400/426 非受控状态：Dio badResponse 统一转换 HTTP_STATUS（RC3-10）
00:01 +33: /home/runner/work/E-Track/E-Track/app/bluetooth_flutter_Trace/test/ota/ota_download_test.dart: RC3-10/11 看码分流与资源释放 401 错误体超 64KB：有界读取按裸状态码 fail closed，不按前缀猜 TOKEN_*（RC3-11）
00:01 +34: /home/runner/work/E-Track/E-Track/app/bluetooth_flutter_Trace/test/ota/ota_download_test.dart: RC3-10/11 看码分流与资源释放 sidecar 强 ETag 内部未转义引号：不信任续传身份，从零重下（RC3-11 sidecar 侧校验）
00:01 +35: /home/runner/work/E-Track/E-Track/app/bluetooth_flutter_Trace/test/ota/ota_download_test.dart: RC3-10/11 看码分流与资源释放 206 响应 ETag 内部未转义引号：强校验拒绝 → 作废 partial 从零重下（RC3-11 响应侧校验）
00:01 +36: /home/runner/work/E-Track/E-Track/app/bluetooth_flutter_Trace/test/ota/ota_download_test.dart: RC3-10/11 看码分流与资源释放 早退路径有界 drain：Content-Length 不符只消费 ≤64KB+1 片，不以整流排空为代价（RC3-11）
00:01 +37: /home/runner/work/E-Track/E-Track/app/bluetooth_flutter_Trace/test/ota/ota_download_test.dart: RC3-10/11 看码分流与资源释放 首块正文停滞：包装流空闲超时兜底，不无限挂起（RC3-11⑤）
00:01 +38: /home/runner/work/E-Track/E-Track/app/bluetooth_flutter_Trace/test/ota/ota_download_test.dart: RC3-10/11 看码分流与资源释放 首个 206 头违规：旧响应被真正中止，且从零重下仍成功（RC3-11⑤ attempt token）
00:01 +39: /home/runner/work/E-Track/E-Track/app/bluetooth_flutter_Trace/test/ota/ota_download_test.dart: RC3-10/11 看码分流与资源释放 错误体零事件停滞：空闲超时兜底并中止上游，不无限挂起（RC3-11⑥）
00:01 +40: /home/runner/work/E-Track/E-Track/app/bluetooth_flutter_Trace/test/ota/ota_download_test.dart: RC3-10/11 看码分流与资源释放 无在途下载时 cancel：既有 partial/sidecar 照常删除（RC3-05⑥）
00:01 +41: /home/runner/work/E-Track/E-Track/app/bluetooth_flutter_Trace/test/ota/ota_download_test.dart: RC3-10/11 看码分流与资源释放 无在途下载时 cancel(keepPartial)：字节保留供续传（RC3-05⑥）
00:01 +42: /home/runner/work/E-Track/E-Track/app/bluetooth_flutter_Trace/test/ota/ota_download_test.dart: RC3-10/11 看码分流与资源释放 body 传输中取消：等在途写盘方退出后再删 partial（RC3-05）
00:01 +43: /home/runner/work/E-Track/E-Track/app/bluetooth_flutter_Trace/test/ota/ota_download_test.dart: RC3-10/11 看码分流与资源释放 在途未退出：cancel 超时不抢删，写盘方退出后补删（RC3-02/05）
00:06 +44: /home/runner/work/E-Track/E-Track/app/bluetooth_flutter_Trace/test/ota/ota_download_test.dart: RC3-10/11 看码分流与资源释放 清理的删除边界复核归属：新 attempt 接管的同名文件不被旧清理删掉（RC3-04/05）
00:11 +45: /home/runner/work/E-Track/E-Track/app/bluetooth_flutter_Trace/test/ota/ota_download_test.dart: RC3-10/11 看码分流与资源释放 Content-Digest 重复 sha-256 项：RESUME_PROTOCOL（RFC 9530 唯一项）
00:12 +46: /home/runner/work/E-Track/E-Track/app/bluetooth_flutter_Trace/test/ota/ota_download_test.dart: RC3-10/11 看码分流与资源释放 Content-Digest 非规范 base64（长度不足）：RESUME_PROTOCOL
00:12 +47: loading /home/runner/work/E-Track/E-Track/app/bluetooth_flutter_Trace/test/ota/share_links_latest_query_test.dart
00:12 +47: /home/runner/work/E-Track/E-Track/app/bluetooth_flutter_Trace/test/ota/share_links_latest_query_test.dart: ShareLinks.firmwareLatestQuery（正向） 全参数生成 10 个 query 项
00:12 +48: /home/runner/work/E-Track/E-Track/app/bluetooth_flutter_Trace/test/ota/share_links_latest_query_test.dart: ShareLinks.firmwareLatestQuery（正向） channel 覆盖
00:12 +49: /home/runner/work/E-Track/E-Track/app/bluetooth_flutter_Trace/test/ota/share_links_latest_query_test.dart: ShareLinks.firmwareLatestQuery（负例） deviceModel 为空拒绝
00:12 +50: /home/runner/work/E-Track/E-Track/app/bluetooth_flutter_Trace/test/ota/share_links_latest_query_test.dart: ShareLinks.firmwareLatestQuery（负例） currentVersionCode 负数拒绝
00:12 +51: /home/runner/work/E-Track/E-Track/app/bluetooth_flutter_Trace/test/ota/share_links_latest_query_test.dart: ShareLinks.firmwareLatestQuery（负例） currentImageSha 大写/短/长/非 hex 拒绝
00:12 +52: /home/runner/work/E-Track/E-Track/app/bluetooth_flutter_Trace/test/ota/share_links_latest_query_test.dart: ShareLinks.firmwareLatestQuery（负例） hardwareRevision 负数拒绝
00:12 +53: /home/runner/work/E-Track/E-Track/app/bluetooth_flutter_Trace/test/ota/share_links_latest_query_test.dart: ShareLinks.firmwareLatestQuery（负例） layoutId/bootVersion/protocolVersion 超 0..255 拒绝
00:12 +54: /home/runner/work/E-Track/E-Track/app/bluetooth_flutter_Trace/test/ota/share_links_latest_query_test.dart: ShareLinks.firmwareLatestQuery（负例） appVersionCode 超 0..2100000000 拒绝
00:12 +55: /home/runner/work/E-Track/E-Track/app/bluetooth_flutter_Trace/test/ota/share_links_latest_query_test.dart: ShareLinks.firmwareLatestQuery（负例） channel 非 stable/beta 拒绝
00:12 +56: loading /home/runner/work/E-Track/E-Track/app/bluetooth_flutter_Trace/test/ota/ota_ble_codec_test.dart
00:13 +56: /home/runner/work/E-Track/E-Track/app/bluetooth_flutter_Trace/test/ota/ota_ble_codec_test.dart: OtaBleCodec.crc16（CRC16-CCITT-FALSE） 空输入 = 0xFFFF（初值）
00:13 +57: /home/runner/work/E-Track/E-Track/app/bluetooth_flutter_Trace/test/ota/ota_ble_codec_test.dart: OtaBleCodec.crc16（CRC16-CCITT-FALSE） 公开向量 "123456789" = 0x29B1
00:13 +58: /home/runner/work/E-Track/E-Track/app/bluetooth_flutter_Trace/test/ota/ota_ble_codec_test.dart: OtaBleCodec.crc16（CRC16-CCITT-FALSE） 单字节 0x00 序列稳定
00:13 +59: /home/runner/work/E-Track/E-Track/app/bluetooth_flutter_Trace/test/ota/ota_ble_codec_test.dart: OtaBleCodec.seqCompare（16bit 回绕） 普通差
00:13 +60: /home/runner/work/E-Track/E-Track/app/bluetooth_flutter_Trace/test/ota/ota_ble_codec_test.dart: OtaBleCodec.seqCompare（16bit 回绕） 回绕：0 与 0xFFFF 相差 1
00:13 +61: /home/runner/work/E-Track/E-Track/app/bluetooth_flutter_Trace/test/ota/ota_ble_codec_test.dart: OtaBleCodec.encodeCommand / decodeFrame 编解码往返：字段与 CRC 一致
00:13 +62: /home/runner/work/E-Track/E-Track/app/bluetooth_flutter_Trace/test/ota/ota_ble_codec_test.dart: OtaBleCodec.encodeCommand / decodeFrame CRC 损坏必须拒绝
00:13 +63: /home/runner/work/E-Track/E-Track/app/bluetooth_flutter_Trace/test/ota/ota_ble_codec_test.dart: OtaBleCodec.encodeCommand / decodeFrame sync 字非法必须拒绝
00:13 +64: /home/runner/work/E-Track/E-Track/app/bluetooth_flutter_Trace/test/ota/ota_ble_codec_test.dart: OtaBleCodec.encodeCommand / decodeFrame 长度不符必须拒绝
00:13 +65: /home/runner/work/E-Track/E-Track/app/bluetooth_flutter_Trace/test/ota/ota_ble_codec_test.dart: OtaBleCodec payload 编码 BEGIN payload：101B、proto_ver=1、字段位置
00:13 +66: /home/runner/work/E-Track/E-Track/app/bluetooth_flutter_Trace/test/ota/ota_ble_codec_test.dart: OtaBleCodec payload 编码 BEGIN payload：sha/etu 长度非法必须拒绝
00:13 +67: /home/runner/work/E-Track/E-Track/app/bluetooth_flutter_Trace/test/ota/ota_ble_codec_test.dart: OtaBleCodec payload 编码 DATA payload：off 对齐与 128B 约束
00:13 +68: /home/runner/work/E-Track/E-Track/app/bluetooth_flutter_Trace/test/ota/ota_ble_codec_test.dart: OtaBleCodec payload 编码 END payload：32B sha 复述
00:13 +69: /home/runner/work/E-Track/E-Track/app/bluetooth_flutter_Trace/test/ota/ota_ble_codec_test.dart: OtaInfoPayload.parse 合法 50B：字段逐位正确
00:13 +70: /home/runner/work/E-Track/E-Track/app/bluetooth_flutter_Trace/test/ota/ota_ble_codec_test.dart: OtaInfoPayload.parse 长度非 50B 必须拒绝
00:13 +71: /home/runner/work/E-Track/E-Track/app/bluetooth_flutter_Trace/test/ota/ota_ble_codec_test.dart: OtaInfoPayload.parse proto_ver != 1 必须拒绝
00:13 +72: /home/runner/work/E-Track/E-Track/app/bluetooth_flutter_Trace/test/ota/ota_ble_codec_test.dart: OtaInfoPayload.parse max_window_segs = 0 必须拒绝
00:13 +73: /home/runner/work/E-Track/E-Track/app/bluetooth_flutter_Trace/test/ota/ota_ble_codec_test.dart: OtaAckPayload.parse BEGIN ACK 10B：status/session/durable/bitmap
00:13 +74: /home/runner/work/E-Track/E-Track/app/bluetooth_flutter_Trace/test/ota/ota_ble_codec_test.dart: OtaAckPayload.parse 普通 ACK 9B：无 session 字段（status+durable4B LE+bitmap4B LE）
00:13 +75: /home/runner/work/E-Track/E-Track/app/bluetooth_flutter_Trace/test/ota/ota_ble_codec_test.dart: OtaAckPayload.parse 未知 status 必须拒绝（fail closed）
00:13 +76: /home/runner/work/E-Track/E-Track/app/bluetooth_flutter_Trace/test/ota/ota_ble_codec_test.dart: OtaAckPayload.parse 长度不符必须拒绝
00:13 +77: /home/runner/work/E-Track/E-Track/app/bluetooth_flutter_Trace/test/ota/ota_ble_codec_test.dart: modelHexLower 小写 hex 输出
00:13 +78: loading /home/runner/work/E-Track/E-Track/app/bluetooth_flutter_Trace/test/ota/ota_firmware_latest_test.dart
00:13 +78: /home/runner/work/E-Track/E-Track/app/bluetooth_flutter_Trace/test/ota/ota_firmware_latest_test.dart: FirmwareLatestInfo.parse（正向） 完整 patch 响应：全字段
00:13 +79: /home/runner/work/E-Track/E-Track/app/bluetooth_flutter_Trace/test/ota/ota_firmware_latest_test.dart: FirmwareLatestInfo.parse（正向） full 资产：baseVersionCode=0、baseImageSha256=null
00:13 +80: /home/runner/work/E-Track/E-Track/app/bluetooth_flutter_Trace/test/ota/ota_firmware_latest_test.dart: FirmwareLatestInfo.parse（正向） NO_UPDATE：HTTP 200 业务结果（合同精简体，无回显字段）
00:13 +81: /home/runner/work/E-Track/E-Track/app/bluetooth_flutter_Trace/test/ota/ota_firmware_latest_test.dart: FirmwareLatestInfo.parse（正向） CHANNEL_STOPPED：可附维护消息
00:13 +82: /home/runner/work/E-Track/E-Track/app/bluetooth_flutter_Trace/test/ota/ota_firmware_latest_test.dart: FirmwareLatestInfo.parse（正向） 固件 versionCode u32 上界 4294967295 通过（RC2-02）
00:13 +83: /home/runner/work/E-Track/E-Track/app/bluetooth_flutter_Trace/test/ota/ota_firmware_latest_test.dart: FirmwareLatestInfo.parse（正向） asset.baseVersionCode u32 上界 4294967295 通过（RC2-02）
00:13 +84: /home/runner/work/E-Track/E-Track/app/bluetooth_flutter_Trace/test/ota/ota_firmware_latest_test.dart: FirmwareLatestInfo.parse（正向） 未知可选字段被忽略（同 major 兼容）
00:13 +85: /home/runner/work/E-Track/E-Track/app/bluetooth_flutter_Trace/test/ota/ota_firmware_latest_test.dart: FirmwareLatestInfo.parse（负例 fail closed） 未知 schema major 拒绝
00:13 +86: /home/runner/work/E-Track/E-Track/app/bluetooth_flutter_Trace/test/ota/ota_firmware_latest_test.dart: FirmwareLatestInfo.parse（负例 fail closed） updateAvailable=true 但缺 required 字段拒绝
00:13 +87: /home/runner/work/E-Track/E-Track/app/bluetooth_flutter_Trace/test/ota/ota_firmware_latest_test.dart: FirmwareLatestInfo.parse（负例 fail closed） updateAvailable=false 但 errorCode 未知拒绝
00:13 +88: /home/runner/work/E-Track/E-Track/app/bluetooth_flutter_Trace/test/ota/ota_firmware_latest_test.dart: FirmwareLatestInfo.parse（负例 fail closed） recovery 资产拒绝（公开 latest 不得返回）
00:13 +89: /home/runner/work/E-Track/E-Track/app/bluetooth_flutter_Trace/test/ota/ota_firmware_latest_test.dart: FirmwareLatestInfo.parse（负例 fail closed） 未知 asset.kind 拒绝
00:13 +90: /home/runner/work/E-Track/E-Track/app/bluetooth_flutter_Trace/test/ota/ota_firmware_latest_test.dart: FirmwareLatestInfo.parse（负例 fail closed） full 但 baseVersionCode != 0 拒绝
00:13 +91: /home/runner/work/E-Track/E-Track/app/bluetooth_flutter_Trace/test/ota/ota_firmware_latest_test.dart: FirmwareLatestInfo.parse（负例 fail closed） patch 但 baseImageSha256 缺失拒绝
00:13 +92: /home/runner/work/E-Track/E-Track/app/bluetooth_flutter_Trace/test/ota/ota_firmware_latest_test.dart: FirmwareLatestInfo.parse（负例 fail closed） sha256 非法（大写/短）拒绝
00:13 +93: /home/runner/work/E-Track/E-Track/app/bluetooth_flutter_Trace/test/ota/ota_firmware_latest_test.dart: FirmwareLatestInfo.parse（负例 fail closed） sizeBytes 非正拒绝
00:13 +94: /home/runner/work/E-Track/E-Track/app/bluetooth_flutter_Trace/test/ota/ota_firmware_latest_test.dart: FirmwareLatestInfo.parse（负例 fail closed） minAppVersionCode 超范围拒绝
00:13 +95: /home/runner/work/E-Track/E-Track/app/bluetooth_flutter_Trace/test/ota/ota_firmware_latest_test.dart: FirmwareLatestInfo.parse（PR14 回显与资产校验负例） updateAvailable=false 缺 errorCode 键拒绝
00:13 +96: /home/runner/work/E-Track/E-Track/app/bluetooth_flutter_Trace/test/ota/ota_firmware_latest_test.dart: FirmwareLatestInfo.parse（PR14 回显与资产校验负例） updateAvailable=true 携带 errorCode 拒绝
00:13 +97: /home/runner/work/E-Track/E-Track/app/bluetooth_flutter_Trace/test/ota/ota_firmware_latest_test.dart: FirmwareLatestInfo.parse（PR14 回显与资产校验负例） appId 回显不符拒绝
00:13 +98: /home/runner/work/E-Track/E-Track/app/bluetooth_flutter_Trace/test/ota/ota_firmware_latest_test.dart: FirmwareLatestInfo.parse（PR14 回显与资产校验负例） deviceModel 回显不符拒绝（expectedDeviceModel）
00:13 +99: /home/runner/work/E-Track/E-Track/app/bluetooth_flutter_Trace/test/ota/ota_firmware_latest_test.dart: FirmwareLatestInfo.parse（PR14 回显与资产校验负例） deviceModel 回显一致通过（expectedDeviceModel）
00:13 +100: /home/runner/work/E-Track/E-Track/app/bluetooth_flutter_Trace/test/ota/ota_firmware_latest_test.dart: FirmwareLatestInfo.parse（PR14 回显与资产校验负例） channel 非法拒绝
00:13 +101: /home/runner/work/E-Track/E-Track/app/bluetooth_flutter_Trace/test/ota/ota_firmware_latest_test.dart: FirmwareLatestInfo.parse（PR14 回显与资产校验负例） transport 非 ble 拒绝
00:13 +102: /home/runner/work/E-Track/E-Track/app/bluetooth_flutter_Trace/test/ota/ota_firmware_latest_test.dart: FirmwareLatestInfo.parse（PR14 回显与资产校验负例） versionCode 超 u32（4294967296）拒绝（RC2-02：固件域非 App 域）
00:14 +103: /home/runner/work/E-Track/E-Track/app/bluetooth_flutter_Trace/test/ota/ota_firmware_latest_test.dart: FirmwareLatestInfo.parse（PR14 回显与资产校验负例） channel 回显不符拒绝（expectedChannel）
00:14 +104: /home/runner/work/E-Track/E-Track/app/bluetooth_flutter_Trace/test/ota/ota_firmware_latest_test.dart: FirmwareLatestInfo.parse（PR14 回显与资产校验负例） channel 回显一致通过（expectedChannel）
00:14 +105: /home/runner/work/E-Track/E-Track/app/bluetooth_flutter_Trace/test/ota/ota_firmware_latest_test.dart: FirmwareLatestInfo.parse（PR14 回显与资产校验负例） targetHardware 缺失拒绝
00:14 +106: /home/runner/work/E-Track/E-Track/app/bluetooth_flutter_Trace/test/ota/ota_firmware_latest_test.dart: FirmwareLatestInfo.parse（PR14 回显与资产校验负例） downloadUrl 非 https（http）拒绝（RC2-11）
00:14 +107: /home/runner/work/E-Track/E-Track/app/bluetooth_flutter_Trace/test/ota/ota_firmware_latest_test.dart: FirmwareLatestInfo.parse（PR14 回显与资产校验负例） downloadUrl 非 http(s) 拒绝
00:14 +108: /home/runner/work/E-Track/E-Track/app/bluetooth_flutter_Trace/test/ota/ota_firmware_latest_test.dart: FirmwareLatestInfo.parse（PR14 回显与资产校验负例） downloadUrl 无 host 拒绝
00:14 +109: /home/runner/work/E-Track/E-Track/app/bluetooth_flutter_Trace/test/ota/ota_firmware_latest_test.dart: FirmwareLatestInfo.parse（PR14 回显与资产校验负例） fileName 含非法字符拒绝
00:14 +110: /home/runner/work/E-Track/E-Track/app/bluetooth_flutter_Trace/test/ota/ota_firmware_latest_test.dart: FirmwareLatestInfo.parse（PR14 回显与资产校验负例） fileName 超长（>128）拒绝
00:14 +111: /home/runner/work/E-Track/E-Track/app/bluetooth_flutter_Trace/test/ota/ota_firmware_latest_test.dart: FirmwareLatestInfo.parse（PR14 回显与资产校验负例） fileName 与 kind 后缀不符拒绝
00:14 +112: /home/runner/work/E-Track/E-Track/app/bluetooth_flutter_Trace/test/ota/ota_firmware_latest_test.dart: FirmwareLatestInfo.parse（PR14 回显与资产校验负例） sizeBytes 超 OTA_ETU_MAX_LENGTH(0x180000) 拒绝
00:14 +113: /home/runner/work/E-Track/E-Track/app/bluetooth_flutter_Trace/test/ota/ota_firmware_latest_test.dart: FirmwareLatestInfo.parse（PR14 回显与资产校验负例） expiresAt 非正拒绝
00:14 +114: /home/runner/work/E-Track/E-Track/app/bluetooth_flutter_Trace/test/ota/ota_firmware_latest_test.dart: FirmwareLatestInfo.parse（PR14 回显与资产校验负例） full 缺 baseImageSha256 键拒绝（与显式 null 区分）
00:14 +115: /home/runner/work/E-Track/E-Track/app/bluetooth_flutter_Trace/test/ota/ota_firmware_latest_test.dart: FirmwareLatestInfo.parse（PR14 回显与资产校验负例） full 带 baseImageSha256 非 null 值拒绝
00:14 +116: /home/runner/work/E-Track/E-Track/app/bluetooth_flutter_Trace/test/ota/ota_firmware_latest_test.dart: FirmwareLatestInfo.parse（PR14 回显与资产校验负例） asset.baseVersionCode 超范围拒绝
00:14 +117: /home/runner/work/E-Track/E-Track/app/bluetooth_flutter_Trace/test/ota/ota_firmware_latest_test.dart: OtaHttpError CLIENT_TOO_OLD 终止且携带门槛
00:14 +118: /home/runner/work/E-Track/E-Track/app/bluetooth_flutter_Trace/test/ota/ota_firmware_latest_test.dart: OtaHttpError 兼容 409 终止且区分维度
00:14 +119: /home/runner/work/E-Track/E-Track/app/bluetooth_flutter_Trace/test/ota/ota_firmware_latest_test.dart: OtaHttpError 未知 errorCode：isUnknown，不可降级
00:14 +120: /home/runner/work/E-Track/E-Track/app/bluetooth_flutter_Trace/test/ota/ota_firmware_latest_test.dart: OtaHttpError RATE_LIMITED / BACKEND_UNAVAILABLE 可自动重试
00:14 +121: /home/runner/work/E-Track/E-Track/app/bluetooth_flutter_Trace/test/ota/ota_firmware_latest_test.dart: OtaHttpError 缺 errorCode 拒绝
00:14 +122: /home/runner/work/E-Track/E-Track/app/bluetooth_flutter_Trace/test/ota/ota_firmware_latest_test.dart: OtaHttpError CHANNEL_STOPPED 挂在 403：不算稍后重试，诊断字段仍保留（RC3-10/11）
00:14 +123: /home/runner/work/E-Track/E-Track/app/bluetooth_flutter_Trace/test/ota/ota_firmware_latest_test.dart: OtaHttpError BACKEND_UNAVAILABLE 挂在 500 / RATE_LIMITED 挂在 503：均不可重试（RC3-10/11）
00:14 +124: /home/runner/work/E-Track/E-Track/app/bluetooth_flutter_Trace/test/ota/ota_firmware_latest_test.dart: OtaHttpError CHANNEL_STOPPED 的 latest 侧 HTTP 200 形态仍是稍后重试（RC3-10/11）
00:14 +125: /home/runner/work/E-Track/E-Track/app/bluetooth_flutter_Trace/test/ota/ota_firmware_latest_test.dart: OtaHttpError 终止码不受状态约束影响：426 之外的状态仍然终止（RC3-10/11）
00:14 +126: /home/runner/work/E-Track/E-Track/app/bluetooth_flutter_Trace/test/ota/ota_firmware_latest_test.dart: parseLatestResponse UTF-8 字节 → DTO
00:14 +127: /home/runner/work/E-Track/E-Track/app/bluetooth_flutter_Trace/test/ota/ota_firmware_latest_test.dart: parseLatestResponse 非法 JSON 拒绝
00:14 +128: loading /home/runner/work/E-Track/E-Track/app/bluetooth_flutter_Trace/test/ota/ota_device_observation_test.dart
00:15 +128: /home/runner/work/E-Track/E-Track/app/bluetooth_flutter_Trace/test/ota/ota_device_observation_test.dart: 默认（未注入）配置不观测，且不算非法配置
00:15 +129: /home/runner/work/E-Track/E-Track/app/bluetooth_flutter_Trace/test/ota/ota_device_observation_test.dart: startFromBuild 在默认构建下不装配观测器也不启动扫描
00:15 +130: /home/runner/work/E-Track/E-Track/app/bluetooth_flutter_Trace/test/ota/ota_device_observation_test.dart: 启用后 target 或 sentinel 缺失即 fail-closed
00:15 +131: /home/runner/work/E-Track/E-Track/app/bluetooth_flutter_Trace/test/ota/ota_device_observation_test.dart: 目标匹配：地址优先，短名字不得命中地址 hex
00:15 +132: /home/runner/work/E-Track/E-Track/app/bluetooth_flutter_Trace/test/ota/ota_device_observation_test.dart: 未启用时喂入扫描结果产生零输出
00:15 +133: /home/runner/work/E-Track/E-Track/app/bluetooth_flutter_Trace/test/ota/ota_device_observation_test.dart: 全量扫描逐台落盘，同一台只报一次明细
00:15 +134: /home/runner/work/E-Track/E-Track/app/bluetooth_flutter_Trace/test/ota/ota_device_observation_test.dart: 命中目标后先停扫描再连接，成功即读出完整身份并收尾
00:15 +135: /home/runner/work/E-Track/E-Track/app/bluetooth_flutter_Trace/test/ota/ota_device_observation_test.dart: 连接失败 / 身份失败 / 身份异常都收在确定的终止行
00:15 +136: /home/runner/work/E-Track/E-Track/app/bluetooth_flutter_Trace/test/ota/ota_device_observation_test.dart: 只绑定一次：绑定完成后后续扫描批次不再触发第二条链路
00:15 +137: /home/runner/work/E-Track/E-Track/app/bluetooth_flutter_Trace/test/ota/ota_device_observation_test.dart: 扫描未启动：立刻给出 scan_not_started，不等窗口也不伪装成"扫了没看到"
00:15 +138: /home/runner/work/E-Track/E-Track/app/bluetooth_flutter_Trace/test/ota/ota_device_observation_test.dart: 启动路径自己抛异常：照样收进 scan_not_started，不留野异常
00:15 +139: /home/runner/work/E-Track/E-Track/app/bluetooth_flutter_Trace/test/ota/ota_device_observation_test.dart: 窗口到期仍未命中：输出确定的 target_not_seen 终止行并停扫描
00:15 +140: /home/runner/work/E-Track/E-Track/app/bluetooth_flutter_Trace/test/ota/ota_device_observation_test.dart: 窗口内命中即取消窗口：不会补出 target_not_seen
00:15 +141: /home/runner/work/E-Track/E-Track/app/bluetooth_flutter_Trace/test/ota/ota_device_observation_test.dart: 身份为空时原样转述服务侧原因，不把三类失败压成一个词
00:15 +142: /home/runner/work/E-Track/E-Track/app/bluetooth_flutter_Trace/test/ota/ota_device_observation_test.dart: 失败原因读不到时用 - 占位，不留空字段
00:15 +143: /home/runner/work/E-Track/E-Track/app/bluetooth_flutter_Trace/test/ota/ota_device_observation_test.dart: OBS-03：target 行的地址是字段值，不是对象插值
00:15 +144: /home/runner/work/E-Track/E-Track/app/bluetooth_flutter_Trace/test/ota/ota_device_observation_test.dart: 启动永不完成：startTimeout 到时给出 scan_start_timeout，不无限等
00:15 +145: /home/runner/work/E-Track/E-Track/app/bluetooth_flutter_Trace/test/ota/ota_device_observation_test.dart: 连接挂死：connectTimeout 到时给出 connect_timeout，不是无限等待
00:15 +146: /home/runner/work/E-Track/E-Track/app/bluetooth_flutter_Trace/test/ota/ota_device_observation_test.dart: 读身份挂死：identityTimeout 到时给出 identity_timeout
00:15 +147: /home/runner/work/E-Track/E-Track/app/bluetooth_flutter_Trace/test/ota/ota_device_observation_test.dart: 扫描流报错：第三结局 scan_stream_error，且终态唯一
00:15 +148: /home/runner/work/E-Track/E-Track/app/bluetooth_flutter_Trace/test/ota/ota_device_observation_test.dart: 终态之后迟到完成不得覆盖终态：connect 挂死被 timeout 收尾后完成
00:16 +149: /home/runner/work/E-Track/E-Track/app/bluetooth_flutter_Trace/test/ota/ota_device_observation_test.dart: 启动超时后迟到完成：不得再开窗口或补终态
00:16 +150: /home/runner/work/E-Track/E-Track/app/bluetooth_flutter_Trace/test/ota/ota_device_observation_test.dart: 终局清理钩子：绑定过的结局带地址清理，未绑定结局收 null
00:16 +151: /home/runner/work/E-Track/E-Track/app/bluetooth_flutter_Trace/test/ota/ota_device_observation_test.dart: 清理钩子自身抛异常：不覆盖终态、不留野异常
00:16 +152: /home/runner/work/E-Track/E-Track/app/bluetooth_flutter_Trace/test/ota/ota_device_observation_test.dart: stopScan 抛异常：不吞掉终态行，单独留一行错误
00:16 +153: loading /home/runner/work/E-Track/E-Track/app/bluetooth_flutter_Trace/test/ota/ota_service_upgrade_test.dart
00:18 +153: /home/runner/work/E-Track/E-Track/app/bluetooth_flutter_Trace/test/ota/ota_service_upgrade_test.dart: 端到端成功闭环：read → check → download → start → completed
00:18 +154: /home/runner/work/E-Track/E-Track/app/bluetooth_flutter_Trace/test/ota/ota_service_upgrade_test.dart: P3-4 链路观测 service 接线：upgrade/probe 摘要含绑定与传输字段
00:18 +155: /home/runner/work/E-Track/E-Track/app/bluetooth_flutter_Trace/test/ota/ota_service_upgrade_test.dart: MCU 未重启完：旧身份探测不误判，第二次探测确认目标（RC3-08）
OTA_LINK_SAMPLE label=upgrade kind=gatt_write us=0 bytes=10
OTA_LINK_SAMPLE label=upgrade kind=get_info us=3093
OTA_MONO MONO_BUDGET_START monoUs=70071 wallUs=1789513773747428
OTA_LINK_SAMPLE label=upgrade kind=gatt_write us=0 bytes=111
OTA_LINK_SAMPLE label=upgrade kind=durable us=6177 off=0
OTA_LINK_SAMPLE label=upgrade kind=gatt_write us=0 bytes=142
OTA_LINK_SAMPLE label=upgrade kind=segment_first_send us=7102 off=0 len=128
OTA sent 128/1024
OTA_LINK_SAMPLE label=upgrade kind=ack_latency us=497 off=0
OTA_LINK_SAMPLE label=upgrade kind=gatt_write us=0 bytes=142
OTA_LINK_SAMPLE label=upgrade kind=segment_first_send us=8412 off=128 len=128
OTA sent 256/1024
OTA_LINK_SAMPLE label=upgrade kind=ack_latency us=397 off=128
OTA_LINK_SAMPLE label=upgrade kind=gatt_write us=0 bytes=142
OTA_LINK_SAMPLE label=upgrade kind=segment_first_send us=9593 off=256 len=128
OTA sent 384/1024
OTA_LINK_SAMPLE label=upgrade kind=ack_latency us=337 off=256
OTA_LINK_SAMPLE label=upgrade kind=gatt_write us=0 bytes=142
OTA_LINK_SAMPLE label=upgrade kind=segment_first_send us=10657 off=384 len=128
OTA sent 512/1024
OTA_LINK_SAMPLE label=upgrade kind=ack_latency us=370 off=384
OTA_LINK_SAMPLE label=upgrade kind=gatt_write us=0 bytes=142
OTA_LINK_SAMPLE label=upgrade kind=segment_first_send us=11884 off=512 len=128
OTA sent 640/1024
OTA_LINK_SAMPLE label=upgrade kind=ack_latency us=308 off=512
OTA_LINK_SAMPLE label=upgrade kind=gatt_write us=0 bytes=142
OTA_LINK_SAMPLE label=upgrade kind=segment_first_send us=13179 off=640 len=128
OTA sent 768/1024
OTA_LINK_SAMPLE label=upgrade kind=ack_latency us=513 off=640
OTA_LINK_SAMPLE label=upgrade kind=gatt_write us=0 bytes=142
OTA_LINK_SAMPLE label=upgrade kind=segment_first_send us=14665 off=768 len=128
OTA sent 896/1024
OTA_LINK_SAMPLE label=upgrade kind=ack_latency us=453 off=768
OTA_LINK_SAMPLE label=upgrade kind=gatt_write us=0 bytes=142
OTA_LINK_SAMPLE label=upgrade kind=segment_first_send us=16156 off=896 len=128
OTA sent 1024/1024
OTA_LINK_SAMPLE label=upgrade kind=ack_latency us=506 off=896
OTA_LINK_SAMPLE label=upgrade kind=durable us=16841 off=1024
OTA_MONO MONO_BUDGET_RESET monoUs=82264 wallUs=1789513773759621 durable=1024
OTA_LINK_SAMPLE label=upgrade kind=gatt_write us=0 bytes=42
OTA_MONO MONO_END_ACK_OK monoUs=84021 wallUs=1789513773761379 durable=1024
OTA_LINK_STATS {"schema":1,"label":"upgrade","device":"AA:BB","clock":"stopwatch-mono-us","phases":{"bind":[708,957],"transfer":[5128,19062]},"bind":{"charsUs":58,"found":true,"mtuRequested":247,"mtuChunkBytes":247,"mtuUs":0,"subscribeUs":0,"subscribeOk":true,"phaseUs":249},"getInfo":{"calls":1,"totalUs":3093},"transfer":{"startUs":5124,"endAckUs":18745,"elapsedUs":13621,"outcome":"ok","segmentsUnique":8,"segmentSendTotal":8,"retransmitFrames":0,"acks":{"ok":8,"duplicate":0,"error":0,"malformed":0,"noProgress":0,"abort":0},"ackSamples":"complete","ackLatency":{"count":8,"minUs":308,"p50Us":397,"p95Us":513,"p99Us":513,"maxUs":513},"durable":{"events":2,"finalOff":1024}},"gattWrites":{"calls":11,"bytes":1299,"errors":0,"minUs":0,"p50Us":0,"p95Us":0,"maxUs":0},"discovers":{"calls":0,"minUs":null,"p50Us":null,"p95Us":null,"maxUs":null},"platformWrites":{"calls":0,"bytes":0,"minUs":null,"p50Us":null,"p95Us":null,"maxUs":null}}
OTA_LINK_SAMPLE label=probe kind=gatt_write us=0 bytes=10
OTA_LINK_SAMPLE label=probe kind=get_info us=860
OTA_LINK_SAMPLE label=probe kind=gatt_write us=0 bytes=10
OTA_LINK_SAMPLE label=probe kind=get_info us=1048
OTA_LINK_STATS {"schema":1,"label":"probe","device":"AA:BB","clock":"stopwatch-mono-us","phases":{},"bind":{"charsUs":27,"found":true,"mtuRequested":247,"mtuChunkBytes":247,"mtuUs":0,"subscribeUs":0,"subscribeOk":true,"phaseUs":null},"getInfo":{"calls":2,"totalUs":1908},"transfer":{"startUs":null,"endAckUs":null,"elapsedUs":null,"outcome":null,"segmentsUnique":0,"segmentSendTotal":0,"retransmitFrames":0,"acks":{"ok":0,"duplicate":0,"error":0,"malformed":0,"noProgress":0,"abort":0},"ackSamples":"complete","ackLatency":{"count":0,"minUs":null,"p50Us":null,"p95Us":null,"p99Us":null,"maxUs":null},"durable":{"events":0,"finalOff":null}},"gattWrites":{"calls":2,"bytes":20,"errors":0,"minUs":0,"p50Us":0,"p95Us":0,"maxUs":0},"discovers":{"calls":0,"minUs":null,"p50Us":null,"p95Us":null,"maxUs":null},"platformWrites":{"calls":0,"bytes":0,"minUs":null,"p50Us":null,"p95Us":null,"maxUs":null}}
OTA_MONO MONO_REBOOT_VERIFIED monoUs=3091704 wallUs=1789513776769063
00:21 +156: /home/runner/work/E-Track/E-Track/app/bluetooth_flutter_Trace/test/ota/ota_service_upgrade_test.dart: 重启后硬件身份变化：identityChanged 终止（RC3-08）
OTA_LINK_SAMPLE label=upgrade kind=gatt_write us=0 bytes=10
OTA_LINK_SAMPLE label=upgrade kind=get_info us=1005
OTA_MONO MONO_BUDGET_START monoUs=3107940 wallUs=1789513776785297
OTA_LINK_SAMPLE label=upgrade kind=gatt_write us=0 bytes=111
OTA_LINK_SAMPLE label=upgrade kind=durable us=3280 off=0
OTA_LINK_SAMPLE label=upgrade kind=gatt_write us=0 bytes=142
OTA_LINK_SAMPLE label=upgrade kind=segment_first_send us=4642 off=0 len=128
OTA sent 128/1024
OTA_LINK_SAMPLE label=upgrade kind=ack_latency us=464 off=0
OTA_LINK_SAMPLE label=upgrade kind=gatt_write us=0 bytes=142
OTA_LINK_SAMPLE label=upgrade kind=segment_first_send us=5692 off=128 len=128
OTA sent 256/1024
OTA_LINK_SAMPLE label=upgrade kind=ack_latency us=312 off=128
OTA_LINK_SAMPLE label=upgrade kind=gatt_write us=0 bytes=142
OTA_LINK_SAMPLE label=upgrade kind=segment_first_send us=6672 off=256 len=128
OTA sent 384/1024
OTA_LINK_SAMPLE label=upgrade kind=ack_latency us=332 off=256
OTA_LINK_SAMPLE label=upgrade kind=gatt_write us=0 bytes=142
OTA_LINK_SAMPLE label=upgrade kind=segment_first_send us=7780 off=384 len=128
OTA sent 512/1024
OTA_LINK_SAMPLE label=upgrade kind=ack_latency us=437 off=384
OTA_LINK_SAMPLE label=upgrade kind=gatt_write us=0 bytes=142
OTA_LINK_SAMPLE label=upgrade kind=segment_first_send us=8885 off=512 len=128
OTA sent 640/1024
OTA_LINK_SAMPLE label=upgrade kind=ack_latency us=349 off=512
OTA_LINK_SAMPLE label=upgrade kind=gatt_write us=0 bytes=142
OTA_LINK_SAMPLE label=upgrade kind=segment_first_send us=9945 off=640 len=128
OTA sent 768/1024
OTA_LINK_SAMPLE label=upgrade kind=ack_latency us=385 off=640
OTA_LINK_SAMPLE label=upgrade kind=gatt_write us=0 bytes=142
OTA_LINK_SAMPLE label=upgrade kind=segment_first_send us=11133 off=768 len=128
OTA sent 896/1024
OTA_LINK_SAMPLE label=upgrade kind=ack_latency us=580 off=768
OTA_LINK_SAMPLE label=upgrade kind=gatt_write us=0 bytes=142
OTA_LINK_SAMPLE label=upgrade kind=segment_first_send us=12581 off=896 len=128
OTA sent 1024/1024
OTA_LINK_SAMPLE label=upgrade kind=ack_latency us=466 off=896
OTA_LINK_SAMPLE label=upgrade kind=durable us=13217 off=1024
OTA_MONO MONO_BUDGET_RESET monoUs=3119202 wallUs=1789513776796559 durable=1024
OTA_LINK_SAMPLE label=upgrade kind=gatt_write us=0 bytes=42
OTA_MONO MONO_END_ACK_OK monoUs=3120410 wallUs=1789513776797768 durable=1024
OTA_LINK_STATS {"schema":1,"label":"upgrade","device":"AA:BB","clock":"stopwatch-mono-us","phases":{"bind":[517,708],"transfer":[2467,14854]},"bind":{"charsUs":21,"found":true,"mtuRequested":247,"mtuChunkBytes":247,"mtuUs":0,"subscribeUs":0,"subscribeOk":true,"phaseUs":191},"getInfo":{"calls":1,"totalUs":1005},"transfer":{"startUs":2462,"endAckUs":14578,"elapsedUs":12116,"outcome":"ok","segmentsUnique":8,"segmentSendTotal":8,"retransmitFrames":0,"acks":{"ok":8,"duplicate":0,"error":0,"malformed":0,"noProgress":0,"abort":0},"ackSamples":"complete","ackLatency":{"count":8,"minUs":312,"p50Us":385,"p95Us":580,"p99Us":580,"maxUs":580},"durable":{"events":2,"finalOff":1024}},"gattWrites":{"calls":11,"bytes":1299,"errors":0,"minUs":0,"p50Us":0,"p95Us":0,"maxUs":0},"discovers":{"calls":0,"minUs":null,"p50Us":null,"p95Us":null,"maxUs":null},"platformWrites":{"calls":0,"bytes":0,"minUs":null,"p50Us":null,"p95Us":null,"maxUs":null}}
OTA_LINK_SAMPLE label=probe kind=gatt_write us=0 bytes=10
OTA_LINK_SAMPLE label=probe kind=get_info us=900
OTA_LINK_STATS {"schema":1,"label":"probe","device":"AA:BB","clock":"stopwatch-mono-us","phases":{},"bind":{"charsUs":24,"found":true,"mtuRequested":247,"mtuChunkBytes":247,"mtuUs":0,"subscribeUs":0,"subscribeOk":true,"phaseUs":null},"getInfo":{"calls":1,"totalUs":900},"transfer":{"startUs":null,"endAckUs":null,"elapsedUs":null,"outcome":null,"segmentsUnique":0,"segmentSendTotal":0,"retransmitFrames":0,"acks":{"ok":0,"duplicate":0,"error":0,"malformed":0,"noProgress":0,"abort":0},"ackSamples":"complete","ackLatency":{"count":0,"minUs":null,"p50Us":null,"p95Us":null,"p99Us":null,"maxUs":null},"durable":{"events":0,"finalOff":null}},"gattWrites":{"calls":1,"bytes":10,"errors":0,"minUs":0,"p50Us":0,"p95Us":0,"maxUs":0},"discovers":{"calls":0,"minUs":null,"p50Us":null,"p95Us":null,"maxUs":null},"platformWrites":{"calls":0,"bytes":0,"minUs":null,"p50Us":null,"p95Us":null,"maxUs":null}}
00:21 +157: /home/runner/work/E-Track/E-Track/app/bluetooth_flutter_Trace/test/ota/ota_service_upgrade_test.dart: 单轮探测 connect 挂起：单轮上限放弃该轮，后续轮确认目标（O4 整改）
OTA_LINK_SAMPLE label=upgrade kind=gatt_write us=0 bytes=10
OTA_LINK_SAMPLE label=upgrade kind=get_info us=882
OTA_MONO MONO_BUDGET_START monoUs=3210261 wallUs=1789513776887621
OTA_LINK_SAMPLE label=upgrade kind=gatt_write us=0 bytes=111
OTA_LINK_SAMPLE label=upgrade kind=durable us=2984 off=0
OTA_LINK_SAMPLE label=upgrade kind=gatt_write us=0 bytes=142
OTA_LINK_SAMPLE label=upgrade kind=segment_first_send us=3753 off=0 len=128
OTA sent 128/1024
OTA_LINK_SAMPLE label=upgrade kind=ack_latency us=344 off=0
OTA_LINK_SAMPLE label=upgrade kind=gatt_write us=0 bytes=142
OTA_LINK_SAMPLE label=upgrade kind=segment_first_send us=4799 off=128 len=128
OTA sent 256/1024
OTA_LINK_SAMPLE label=upgrade kind=ack_latency us=308 off=128
OTA_LINK_SAMPLE label=upgrade kind=gatt_write us=0 bytes=142
OTA_LINK_SAMPLE label=upgrade kind=segment_first_send us=5919 off=256 len=128
OTA sent 384/1024
OTA_LINK_SAMPLE label=upgrade kind=ack_latency us=317 off=256
OTA_LINK_SAMPLE label=upgrade kind=gatt_write us=0 bytes=142
OTA_LINK_SAMPLE label=upgrade kind=segment_first_send us=6910 off=384 len=128
OTA sent 512/1024
OTA_LINK_SAMPLE label=upgrade kind=ack_latency us=314 off=384
OTA_LINK_SAMPLE label=upgrade kind=gatt_write us=0 bytes=142
OTA_LINK_SAMPLE label=upgrade kind=segment_first_send us=7947 off=512 len=128
OTA sent 640/1024
OTA_LINK_SAMPLE label=upgrade kind=ack_latency us=321 off=512
OTA_LINK_SAMPLE label=upgrade kind=gatt_write us=0 bytes=142
OTA_LINK_SAMPLE label=upgrade kind=segment_first_send us=8919 off=640 len=128
OTA sent 768/1024
OTA_LINK_SAMPLE label=upgrade kind=ack_latency us=317 off=640
OTA_LINK_SAMPLE label=upgrade kind=gatt_write us=0 bytes=142
OTA_LINK_SAMPLE label=upgrade kind=segment_first_send us=9895 off=768 len=128
OTA sent 896/1024
OTA_LINK_SAMPLE label=upgrade kind=ack_latency us=303 off=768
OTA_LINK_SAMPLE label=upgrade kind=gatt_write us=0 bytes=142
OTA_LINK_SAMPLE label=upgrade kind=segment_first_send us=11293 off=896 len=128
OTA sent 1024/1024
OTA_LINK_SAMPLE label=upgrade kind=ack_latency us=796 off=896
OTA_LINK_SAMPLE label=upgrade kind=durable us=12449 off=1024
OTA_MONO MONO_BUDGET_RESET monoUs=3221163 wallUs=1789513776898521 durable=1024
OTA_LINK_SAMPLE label=upgrade kind=gatt_write us=0 bytes=42
OTA_MONO MONO_END_ACK_OK monoUs=3222146 wallUs=1789513776899504 durable=1024
OTA_LINK_STATS {"schema":1,"label":"upgrade","device":"AA:BB","clock":"stopwatch-mono-us","phases":{"bind":[575,782],"transfer":[2156,14004]},"bind":{"charsUs":27,"found":true,"mtuRequested":247,"mtuChunkBytes":247,"mtuUs":0,"subscribeUs":0,"subscribeOk":true,"phaseUs":207},"getInfo":{"calls":1,"totalUs":882},"transfer":{"startUs":2152,"endAckUs":13743,"elapsedUs":11591,"outcome":"ok","segmentsUnique":8,"segmentSendTotal":8,"retransmitFrames":0,"acks":{"ok":8,"duplicate":0,"error":0,"malformed":0,"noProgress":0,"abort":0},"ackSamples":"complete","ackLatency":{"count":8,"minUs":303,"p50Us":317,"p95Us":796,"p99Us":796,"maxUs":796},"durable":{"events":2,"finalOff":1024}},"gattWrites":{"calls":11,"bytes":1299,"errors":0,"minUs":0,"p50Us":0,"p95Us":0,"maxUs":0},"discovers":{"calls":0,"minUs":null,"p50Us":null,"p95Us":null,"maxUs":null},"platformWrites":{"calls":0,"bytes":0,"minUs":null,"p50Us":null,"p95Us":null,"maxUs":null}}
OTA_LINK_SAMPLE label=probe kind=gatt_write us=0 bytes=10
OTA_LINK_SAMPLE label=probe kind=get_info us=1000
OTA_LINK_STATS {"schema":1,"label":"probe","device":"AA:BB","clock":"stopwatch-mono-us","phases":{},"bind":{"charsUs":42,"found":true,"mtuRequested":247,"mtuChunkBytes":247,"mtuUs":0,"subscribeUs":0,"subscribeOk":true,"phaseUs":null},"getInfo":{"calls":1,"totalUs":1000},"transfer":{"startUs":null,"endAckUs":null,"elapsedUs":null,"outcome":null,"segmentsUnique":0,"segmentSendTotal":0,"retransmitFrames":0,"acks":{"ok":0,"duplicate":0,"error":0,"malformed":0,"noProgress":0,"abort":0},"ackSamples":"complete","ackLatency":{"count":0,"minUs":null,"p50Us":null,"p95Us":null,"p99Us":null,"maxUs":null},"durable":{"events":0,"finalOff":null}},"gattWrites":{"calls":1,"bytes":10,"errors":0,"minUs":0,"p50Us":0,"p95Us":0,"maxUs":0},"discovers":{"calls":0,"minUs":null,"p50Us":null,"p95Us":null,"maxUs":null},"platformWrites":{"calls":0,"bytes":0,"minUs":null,"p50Us":null,"p95Us":null,"maxUs":null}}
OTA_MONO MONO_REBOOT_VERIFIED monoUs=4278111 wallUs=1789513777955469
00:22 +158: /home/runner/work/E-Track/E-Track/app/bluetooth_flutter_Trace/test/ota/ota_service_upgrade_test.dart: 窗口内多轮旧身份后确认目标：interval 注入下轮询推进（O4 整改）
OTA_LINK_SAMPLE label=upgrade kind=gatt_write us=0 bytes=10
OTA_LINK_SAMPLE label=upgrade kind=get_info us=790
OTA_MONO MONO_BUDGET_START monoUs=4322855 wallUs=1789513778000214
OTA_LINK_SAMPLE label=upgrade kind=gatt_write us=0 bytes=111
OTA_LINK_SAMPLE label=upgrade kind=durable us=3036 off=0
OTA_LINK_SAMPLE label=upgrade kind=gatt_write us=0 bytes=142
OTA_LINK_SAMPLE label=upgrade kind=segment_first_send us=3885 off=0 len=128
OTA sent 128/1024
OTA_LINK_SAMPLE label=upgrade kind=ack_latency us=900 off=0
OTA_LINK_SAMPLE label=upgrade kind=gatt_write us=0 bytes=142
OTA_LINK_SAMPLE label=upgrade kind=segment_first_send us=5588 off=128 len=128
OTA sent 256/1024
OTA_LINK_SAMPLE label=upgrade kind=ack_latency us=386 off=128
OTA_LINK_SAMPLE label=upgrade kind=gatt_write us=0 bytes=142
OTA_LINK_SAMPLE label=upgrade kind=segment_first_send us=6710 off=256 len=128
OTA sent 384/1024
OTA_LINK_SAMPLE label=upgrade kind=ack_latency us=336 off=256
OTA_LINK_SAMPLE label=upgrade kind=gatt_write us=0 bytes=142
OTA_LINK_SAMPLE label=upgrade kind=segment_first_send us=7711 off=384 len=128
OTA sent 512/1024
OTA_LINK_SAMPLE label=upgrade kind=ack_latency us=544 off=384
OTA_LINK_SAMPLE label=upgrade kind=gatt_write us=0 bytes=142
OTA_LINK_SAMPLE label=upgrade kind=segment_first_send us=9670 off=512 len=128
OTA sent 640/1024
OTA_LINK_SAMPLE label=upgrade kind=ack_latency us=383 off=512
OTA_LINK_SAMPLE label=upgrade kind=gatt_write us=0 bytes=142
OTA_LINK_SAMPLE label=upgrade kind=segment_first_send us=10717 off=640 len=128
OTA sent 768/1024
OTA_LINK_SAMPLE label=upgrade kind=ack_latency us=301 off=640
OTA_LINK_SAMPLE label=upgrade kind=gatt_write us=0 bytes=142
OTA_LINK_SAMPLE label=upgrade kind=segment_first_send us=11559 off=768 len=128
OTA sent 896/1024
OTA_LINK_SAMPLE label=upgrade kind=ack_latency us=437 off=768
OTA_LINK_SAMPLE label=upgrade kind=gatt_write us=0 bytes=142
OTA_LINK_SAMPLE label=upgrade kind=segment_first_send us=12564 off=896 len=128
OTA sent 1024/1024
OTA_LINK_SAMPLE label=upgrade kind=ack_latency us=313 off=896
OTA_LINK_SAMPLE label=upgrade kind=durable us=13022 off=1024
OTA_MONO MONO_BUDGET_RESET monoUs=4334178 wallUs=1789513778011536 durable=1024
OTA_LINK_SAMPLE label=upgrade kind=gatt_write us=0 bytes=42
OTA_MONO MONO_END_ACK_OK monoUs=4335016 wallUs=1789513778012373 durable=1024
OTA_LINK_STATS {"schema":1,"label":"upgrade","device":"AA:BB","clock":"stopwatch-mono-us","phases":{"bind":[767,974],"transfer":[2172,14326]},"bind":{"charsUs":33,"found":true,"mtuRequested":247,"mtuChunkBytes":247,"mtuUs":0,"subscribeUs":0,"subscribeOk":true,"phaseUs":207},"getInfo":{"calls":1,"totalUs":790},"transfer":{"startUs":2168,"endAckUs":14108,"elapsedUs":11940,"outcome":"ok","segmentsUnique":8,"segmentSendTotal":8,"retransmitFrames":0,"acks":{"ok":8,"duplicate":0,"error":0,"malformed":0,"noProgress":0,"abort":0},"ackSamples":"complete","ackLatency":{"count":8,"minUs":301,"p50Us":383,"p95Us":900,"p99Us":900,"maxUs":900},"durable":{"events":2,"finalOff":1024}},"gattWrites":{"calls":11,"bytes":1299,"errors":0,"minUs":0,"p50Us":0,"p95Us":0,"maxUs":0},"discovers":{"calls":0,"minUs":null,"p50Us":null,"p95Us":null,"maxUs":null},"platformWrites":{"calls":0,"bytes":0,"minUs":null,"p50Us":null,"p95Us":null,"maxUs":null}}
OTA_LINK_SAMPLE label=probe kind=gatt_write us=0 bytes=10
OTA_LINK_SAMPLE label=probe kind=get_info us=644
OTA_LINK_SAMPLE label=probe kind=gatt_write us=0 bytes=10
OTA_LINK_SAMPLE label=probe kind=get_info us=908
OTA_LINK_SAMPLE label=probe kind=gatt_write us=0 bytes=10
OTA_LINK_SAMPLE label=probe kind=get_info us=1092
OTA_LINK_SAMPLE label=probe kind=gatt_write us=0 bytes=10
OTA_LINK_SAMPLE label=probe kind=get_info us=1049
OTA_LINK_STATS {"schema":1,"label":"probe","device":"AA:BB","clock":"stopwatch-mono-us","phases":{},"bind":{"charsUs":24,"found":true,"mtuRequested":247,"mtuChunkBytes":247,"mtuUs":0,"subscribeUs":0,"subscribeOk":true,"phaseUs":null},"getInfo":{"calls":4,"totalUs":3693},"transfer":{"startUs":null,"endAckUs":null,"elapsedUs":null,"outcome":null,"segmentsUnique":0,"segmentSendTotal":0,"retransmitFrames":0,"acks":{"ok":0,"duplicate":0,"error":0,"malformed":0,"noProgress":0,"abort":0},"ackSamples":"complete","ackLatency":{"count":0,"minUs":null,"p50Us":null,"p95Us":null,"p99Us":null,"maxUs":null},"durable":{"events":0,"finalOff":null}},"gattWrites":{"calls":4,"bytes":40,"errors":0,"minUs":0,"p50Us":0,"p95Us":0,"maxUs":0},"discovers":{"calls":0,"minUs":null,"p50Us":null,"p95Us":null,"maxUs":null},"platformWrites":{"calls":0,"bytes":0,"minUs":null,"p50Us":null,"p95Us":null,"maxUs":null}}
OTA_MONO MONO_REBOOT_VERIFIED monoUs=4645166 wallUs=1789513778322525
00:23 +159: /home/runner/work/E-Track/E-Track/app/bluetooth_flutter_Trace/test/ota/ota_service_upgrade_test.dart: 窗口耗尽 timedOut：文案说明升级可能已完成且可稍后重试（O4 整改）
OTA_LINK_SAMPLE label=upgrade kind=gatt_write us=0 bytes=10
OTA_LINK_SAMPLE label=upgrade kind=get_info us=862
OTA_MONO MONO_BUDGET_START monoUs=4723035 wallUs=1789513778400394
OTA_LINK_SAMPLE label=upgrade kind=gatt_write us=0 bytes=111
OTA_LINK_SAMPLE label=upgrade kind=durable us=2732 off=0
OTA_LINK_SAMPLE label=upgrade kind=gatt_write us=0 bytes=142
OTA_LINK_SAMPLE label=upgrade kind=segment_first_send us=3439 off=0 len=128
OTA sent 128/1024
OTA_LINK_SAMPLE label=upgrade kind=ack_latency us=357 off=0
OTA_LINK_SAMPLE label=upgrade kind=gatt_write us=0 bytes=142
OTA_LINK_SAMPLE label=upgrade kind=segment_first_send us=4438 off=128 len=128
OTA sent 256/1024
OTA_LINK_SAMPLE label=upgrade kind=ack_latency us=318 off=128
OTA_LINK_SAMPLE label=upgrade kind=gatt_write us=0 bytes=142
OTA_LINK_SAMPLE label=upgrade kind=segment_first_send us=5353 off=256 len=128
OTA sent 384/1024
OTA_LINK_SAMPLE label=upgrade kind=ack_latency us=303 off=256
OTA_LINK_SAMPLE label=upgrade kind=gatt_write us=0 bytes=142
OTA_LINK_SAMPLE label=upgrade kind=segment_first_send us=6279 off=384 len=128
OTA sent 512/1024
OTA_LINK_SAMPLE label=upgrade kind=ack_latency us=291 off=384
OTA_LINK_SAMPLE label=upgrade kind=gatt_write us=0 bytes=142
OTA_LINK_SAMPLE label=upgrade kind=segment_first_send us=7184 off=512 len=128
OTA sent 640/1024
OTA_LINK_SAMPLE label=upgrade kind=ack_latency us=294 off=512
OTA_LINK_SAMPLE label=upgrade kind=gatt_write us=0 bytes=142
OTA_LINK_SAMPLE label=upgrade kind=segment_first_send us=8091 off=640 len=128
OTA sent 768/1024
OTA_LINK_SAMPLE label=upgrade kind=ack_latency us=282 off=640
OTA_LINK_SAMPLE label=upgrade kind=gatt_write us=0 bytes=142
OTA_LINK_SAMPLE label=upgrade kind=segment_first_send us=9000 off=768 len=128
OTA sent 896/1024
OTA_LINK_SAMPLE label=upgrade kind=ack_latency us=326 off=768
OTA_LINK_SAMPLE label=upgrade kind=gatt_write us=0 bytes=142
OTA_LINK_SAMPLE label=upgrade kind=segment_first_send us=10017 off=896 len=128
OTA sent 1024/1024
OTA_LINK_SAMPLE label=upgrade kind=ack_latency us=397 off=896
OTA_LINK_SAMPLE label=upgrade kind=durable us=10580 off=1024
OTA_MONO MONO_BUDGET_RESET monoUs=4731860 wallUs=1789513778409218 durable=1024
OTA_LINK_SAMPLE label=upgrade kind=gatt_write us=0 bytes=42
OTA_MONO MONO_END_ACK_OK monoUs=4732811 wallUs=1789513778410169 durable=1024
OTA_LINK_STATS {"schema":1,"label":"upgrade","device":"AA:BB","clock":"stopwatch-mono-us","phases":{"bind":[677,864],"transfer":[2044,12244]},"bind":{"charsUs":27,"found":true,"mtuRequested":247,"mtuChunkBytes":247,"mtuUs":0,"subscribeUs":0,"subscribeOk":true,"phaseUs":187},"getInfo":{"calls":1,"totalUs":862},"transfer":{"startUs":2041,"endAckUs":11678,"elapsedUs":9637,"outcome":"ok","segmentsUnique":8,"segmentSendTotal":8,"retransmitFrames":0,"acks":{"ok":8,"duplicate":0,"error":0,"malformed":0,"noProgress":0,"abort":0},"ackSamples":"complete","ackLatency":{"count":8,"minUs":282,"p50Us":303,"p95Us":397,"p99Us":397,"maxUs":397},"durable":{"events":2,"finalOff":1024}},"gattWrites":{"calls":11,"bytes":1299,"errors":0,"minUs":0,"p50Us":0,"p95Us":0,"maxUs":0},"discovers":{"calls":0,"minUs":null,"p50Us":null,"p95Us":null,"maxUs":null},"platformWrites":{"calls":0,"bytes":0,"minUs":null,"p50Us":null,"p95Us":null,"maxUs":null}}
OTA_LINK_SAMPLE label=probe kind=gatt_write us=0 bytes=10
OTA_LINK_SAMPLE label=probe kind=get_info us=689
OTA_LINK_SAMPLE label=probe kind=gatt_write us=0 bytes=10
OTA_LINK_SAMPLE label=probe kind=get_info us=939
OTA_LINK_SAMPLE label=probe kind=gatt_write us=0 bytes=10
OTA_LINK_SAMPLE label=probe kind=get_info us=864
OTA_LINK_SAMPLE label=probe kind=gatt_write us=0 bytes=10
OTA_LINK_SAMPLE label=probe kind=get_info us=854
OTA_LINK_SAMPLE label=probe kind=gatt_write us=0 bytes=10
OTA_LINK_SAMPLE label=probe kind=get_info us=1039
OTA_LINK_SAMPLE label=probe kind=gatt_write us=0 bytes=10
OTA_LINK_SAMPLE label=probe kind=get_info us=856
OTA_LINK_SAMPLE label=probe kind=gatt_write us=0 bytes=10
OTA_LINK_SAMPLE label=probe kind=get_info us=870
OTA_LINK_STATS {"schema":1,"label":"probe","device":"AA:BB","clock":"stopwatch-mono-us","phases":{},"bind":{"charsUs":22,"found":true,"mtuRequested":247,"mtuChunkBytes":247,"mtuUs":0,"subscribeUs":0,"subscribeOk":true,"phaseUs":null},"getInfo":{"calls":7,"totalUs":6111},"transfer":{"startUs":null,"endAckUs":null,"elapsedUs":null,"outcome":null,"segmentsUnique":0,"segmentSendTotal":0,"retransmitFrames":0,"acks":{"ok":0,"duplicate":0,"error":0,"malformed":0,"noProgress":0,"abort":0},"ackSamples":"complete","ackLatency":{"count":0,"minUs":null,"p50Us":null,"p95Us":null,"p99Us":null,"maxUs":null},"durable":{"events":0,"finalOff":null}},"gattWrites":{"calls":7,"bytes":70,"errors":0,"minUs":0,"p50Us":0,"p95Us":0,"maxUs":0},"discovers":{"calls":0,"minUs":null,"p50Us":null,"p95Us":null,"maxUs":null},"platformWrites":{"calls":0,"bytes":0,"minUs":null,"p50Us":null,"p95Us":null,"maxUs":null}}
00:23 +160: /home/runner/work/E-Track/E-Track/app/bluetooth_flutter_Trace/test/ota/ota_service_upgrade_test.dart: 传输在途二次 start：同步段忙锁拒绝，不打断在途传输（RC3-04）
OTA_LINK_SAMPLE label=upgrade kind=gatt_write us=0 bytes=10
OTA_LINK_SAMPLE label=upgrade kind=get_info us=775
OTA_MONO MONO_BUDGET_START monoUs=5491111 wallUs=1789513779168469
OTA_LINK_SAMPLE label=upgrade kind=gatt_write us=0 bytes=111
OTA_LINK_SAMPLE label=upgrade kind=durable us=2536 off=0
OTA_LINK_SAMPLE label=upgrade kind=gatt_write us=0 bytes=142
OTA_LINK_SAMPLE label=upgrade kind=segment_first_send us=3584 off=0 len=128
OTA sent 128/1024
OTA_LINK_SAMPLE label=upgrade kind=ack_latency us=870 off=0
OTA_LINK_SAMPLE label=upgrade kind=gatt_write us=0 bytes=142
OTA_LINK_SAMPLE label=upgrade kind=segment_first_send us=5081 off=128 len=128
OTA sent 256/1024
OTA_LINK_SAMPLE label=upgrade kind=ack_latency us=253 off=128
OTA_LINK_SAMPLE label=upgrade kind=gatt_write us=0 bytes=142
OTA_LINK_SAMPLE label=upgrade kind=segment_first_send us=6459 off=256 len=128
OTA sent 384/1024
OTA_LINK_SAMPLE label=upgrade kind=ack_latency us=304 off=256
OTA_LINK_SAMPLE label=upgrade kind=gatt_write us=0 bytes=142
OTA_LINK_SAMPLE label=upgrade kind=segment_first_send us=7366 off=384 len=128
OTA sent 512/1024
OTA_LINK_SAMPLE label=upgrade kind=ack_latency us=284 off=384
OTA_LINK_SAMPLE label=upgrade kind=gatt_write us=0 bytes=142
OTA_LINK_SAMPLE label=upgrade kind=segment_first_send us=8255 off=512 len=128
OTA sent 640/1024
OTA_LINK_SAMPLE label=upgrade kind=ack_latency us=271 off=512
OTA_LINK_SAMPLE label=upgrade kind=gatt_write us=0 bytes=142
OTA_LINK_SAMPLE label=upgrade kind=segment_first_send us=9106 off=640 len=128
OTA sent 768/1024
OTA_LINK_SAMPLE label=upgrade kind=ack_latency us=286 off=640
OTA_LINK_SAMPLE label=upgrade kind=gatt_write us=0 bytes=142
OTA_LINK_SAMPLE label=upgrade kind=segment_first_send us=9959 off=768 len=128
OTA sent 896/1024
OTA_LINK_SAMPLE label=upgrade kind=ack_latency us=302 off=768
OTA_LINK_SAMPLE label=upgrade kind=gatt_write us=0 bytes=142
OTA_LINK_SAMPLE label=upgrade kind=segment_first_send us=10929 off=896 len=128
OTA sent 1024/1024
OTA_LINK_SAMPLE label=upgrade kind=ack_latency us=345 off=896
OTA_LINK_SAMPLE label=upgrade kind=durable us=11405 off=1024
OTA_MONO MONO_BUDGET_RESET monoUs=5500940 wallUs=1789513779178298 durable=1024
OTA_LINK_SAMPLE label=upgrade kind=gatt_write us=0 bytes=42
OTA_MONO MONO_END_ACK_OK monoUs=5501737 wallUs=1789513779179094 durable=1024
OTA_LINK_STATS {"schema":1,"label":"upgrade","device":"AA:BB","clock":"stopwatch-mono-us","phases":{"bind":[579,751],"transfer":[1854,12521]},"bind":{"charsUs":27,"found":true,"mtuRequested":247,"mtuChunkBytes":247,"mtuUs":0,"subscribeUs":0,"subscribeOk":true,"phaseUs":172},"getInfo":{"calls":1,"totalUs":775},"transfer":{"startUs":1849,"endAckUs":12320,"elapsedUs":10471,"outcome":"ok","segmentsUnique":8,"segmentSendTotal":8,"retransmitFrames":0,"acks":{"ok":8,"duplicate":0,"error":0,"malformed":0,"noProgress":0,"abort":0},"ackSamples":"complete","ackLatency":{"count":8,"minUs":253,"p50Us":286,"p95Us":870,"p99Us":870,"maxUs":870},"durable":{"events":2,"finalOff":1024}},"gattWrites":{"calls":11,"bytes":1299,"errors":0,"minUs":0,"p50Us":0,"p95Us":0,"maxUs":0},"discovers":{"calls":0,"minUs":null,"p50Us":null,"p95Us":null,"maxUs":null},"platformWrites":{"calls":0,"bytes":0,"minUs":null,"p50Us":null,"p95Us":null,"maxUs":null}}
OTA_LINK_SAMPLE label=probe kind=gatt_write us=0 bytes=10
OTA_LINK_SAMPLE label=probe kind=get_info us=562
OTA_LINK_STATS {"schema":1,"label":"probe","device":"AA:BB","clock":"stopwatch-mono-us","phases":{},"bind":{"charsUs":43,"found":true,"mtuRequested":247,"mtuChunkBytes":247,"mtuUs":0,"subscribeUs":0,"subscribeOk":true,"phaseUs":null},"getInfo":{"calls":1,"totalUs":562},"transfer":{"startUs":null,"endAckUs":null,"elapsedUs":null,"outcome":null,"segmentsUnique":0,"segmentSendTotal":0,"retransmitFrames":0,"acks":{"ok":0,"duplicate":0,"error":0,"malformed":0,"noProgress":0,"abort":0},"ackSamples":"complete","ackLatency":{"count":0,"minUs":null,"p50Us":null,"p95Us":null,"p99Us":null,"maxUs":null},"durable":{"events":0,"finalOff":null}},"gattWrites":{"calls":1,"bytes":10,"errors":0,"minUs":0,"p50Us":0,"p95Us":0,"maxUs":0},"discovers":{"calls":0,"minUs":null,"p50Us":null,"p95Us":null,"maxUs":null},"platformWrites":{"calls":0,"bytes":0,"minUs":null,"p50Us":null,"p95Us":null,"maxUs":null}}
OTA_MONO MONO_REBOOT_VERIFIED monoUs=5504147 wallUs=1789513779181504
00:24 +161: /home/runner/work/E-Track/E-Track/app/bluetooth_flutter_Trace/test/ota/ota_service_upgrade_test.dart: 传输在途取消：ABORT 送达 MCU、cancelled 终态不被旧 ACK 复活、包保留（RC3-04/05）
OTA_LINK_SAMPLE label=upgrade kind=gatt_write us=0 bytes=10
OTA_LINK_SAMPLE label=upgrade kind=get_info us=573
OTA_MONO MONO_BUDGET_START monoUs=5517030 wallUs=1789513779194386
OTA_LINK_SAMPLE label=upgrade kind=gatt_write us=0 bytes=111
OTA_LINK_SAMPLE label=upgrade kind=durable us=2055 off=0
OTA_LINK_SAMPLE label=upgrade kind=gatt_write us=0 bytes=142
OTA_LINK_SAMPLE label=upgrade kind=segment_first_send us=2861 off=0 len=128
OTA sent 128/1024
OTA_LINK_SAMPLE label=upgrade kind=gatt_write us=0 bytes=142
OTA_LINK_SAMPLE label=upgrade kind=segment_first_send us=3588 off=128 len=128
OTA sent 256/1024
OTA_LINK_SAMPLE label=upgrade kind=gatt_write us=0 bytes=142
OTA_LINK_SAMPLE label=upgrade kind=segment_first_send us=4233 off=256 len=128
OTA sent 384/1024
OTA_LINK_SAMPLE label=upgrade kind=gatt_write us=0 bytes=142
OTA_LINK_SAMPLE label=upgrade kind=segment_first_send us=4812 off=384 len=128
OTA sent 512/1024
OTA_LINK_SAMPLE label=upgrade kind=gatt_write us=0 bytes=142
OTA_LINK_SAMPLE label=upgrade kind=segment_first_send us=5440 off=512 len=128
OTA sent 640/1024
OTA_LINK_SAMPLE label=upgrade kind=gatt_write us=0 bytes=142
OTA_LINK_SAMPLE label=upgrade kind=segment_first_send us=6082 off=640 len=128
OTA sent 768/1024
OTA_LINK_SAMPLE label=upgrade kind=gatt_write us=0 bytes=142
OTA_LINK_SAMPLE label=upgrade kind=segment_first_send us=6679 off=768 len=128
OTA sent 896/1024
OTA_LINK_SAMPLE label=upgrade kind=gatt_write us=0 bytes=142
OTA_LINK_SAMPLE label=upgrade kind=segment_first_send us=7534 off=896 len=128
OTA sent 1024/1024
OTA_MONO MONO_ABORT_BEGIN monoUs=5524185 wallUs=1789513779201543 code=USER_CANCEL
OTA_MONO MONO_WRITE_STOP monoUs=5524676 wallUs=1789513779202033
OTA_LINK_STATS {"schema":1,"label":"upgrade","device":"AA:BB","clock":"stopwatch-mono-us","phases":{"bind":[456,591],"transfer":[1436,11125]},"bind":{"charsUs":17,"found":true,"mtuRequested":247,"mtuChunkBytes":247,"mtuUs":0,"subscribeUs":0,"subscribeOk":true,"phaseUs":135},"getInfo":{"calls":1,"totalUs":573},"transfer":{"startUs":1432,"endAckUs":null,"elapsedUs":null,"outcome":"fail","segmentsUnique":8,"segmentSendTotal":8,"retransmitFrames":0,"acks":{"ok":0,"duplicate":0,"error":0,"malformed":0,"noProgress":0,"abort":0},"ackSamples":"partial:missing=8","ackLatency":{"count":0,"minUs":null,"p50Us":null,"p95Us":null,"p99Us":null,"maxUs":null},"durable":{"events":1,"finalOff":0}},"gattWrites":{"calls":10,"bytes":1257,"errors":0,"minUs":0,"p50Us":0,"p95Us":0,"maxUs":0},"discovers":{"calls":0,"minUs":null,"p50Us":null,"p95Us":null,"maxUs":null},"platformWrites":{"calls":0,"bytes":0,"minUs":null,"p50Us":null,"p95Us":null,"maxUs":null}}
OTA_LINK_SAMPLE label=upgrade kind=gatt_write us=0 bytes=10
OTA_MONO MONO_ABORT_DONE monoUs=5528066 wallUs=1789513779205424 code=USER_CANCEL
OTA_MONO MONO_TERMINAL monoUs=5530155 wallUs=1789513779207512 code=USER_CANCEL
00:24 +162: /home/runner/work/E-Track/E-Track/app/bluetooth_flutter_Trace/test/ota/ota_service_upgrade_test.dart: 小 MTU 分片在途取消：ABORT 经写串行化完整送达，不撕裂在途帧（RC3-05⑤）
OTA_LINK_SAMPLE label=upgrade kind=gatt_write us=0 bytes=10
OTA_LINK_SAMPLE label=upgrade kind=get_info us=32134
OTA_MONO MONO_BUDGET_START monoUs=5677722 wallUs=1789513779355082
OTA_LINK_SAMPLE label=upgrade kind=gatt_write us=0 bytes=20
OTA_LINK_SAMPLE label=upgrade kind=gatt_write us=0 bytes=20
OTA_LINK_SAMPLE label=upgrade kind=gatt_write us=0 bytes=20
OTA_LINK_SAMPLE label=upgrade kind=gatt_write us=0 bytes=20
OTA_LINK_SAMPLE label=upgrade kind=gatt_write us=0 bytes=20
OTA_LINK_SAMPLE label=upgrade kind=gatt_write us=0 bytes=11
OTA_LINK_SAMPLE label=upgrade kind=durable us=220149 off=0
OTA_LINK_SAMPLE label=upgrade kind=gatt_write us=0 bytes=20
OTA_LINK_SAMPLE label=upgrade kind=gatt_write us=0 bytes=20
OTA_LINK_SAMPLE label=upgrade kind=gatt_write us=0 bytes=20
OTA_LINK_SAMPLE label=upgrade kind=gatt_write us=0 bytes=20
OTA_LINK_SAMPLE label=upgrade kind=gatt_write us=0 bytes=20
OTA_LINK_SAMPLE label=upgrade kind=gatt_write us=0 bytes=20
OTA_LINK_SAMPLE label=upgrade kind=gatt_write us=0 bytes=20
OTA_LINK_SAMPLE label=upgrade kind=gatt_write us=0 bytes=2
OTA_LINK_SAMPLE label=upgrade kind=segment_first_send us=468902 off=0 len=128
OTA sent 128/1024
OTA_LINK_SAMPLE label=upgrade kind=ack_latency us=445 off=0
OTA_LINK_SAMPLE label=upgrade kind=gatt_write us=0 bytes=20
OTA_LINK_SAMPLE label=upgrade kind=gatt_write us=0 bytes=20
OTA_LINK_SAMPLE label=upgrade kind=gatt_write us=0 bytes=20
OTA_LINK_SAMPLE label=upgrade kind=gatt_write us=0 bytes=20
OTA_LINK_SAMPLE label=upgrade kind=gatt_write us=0 bytes=20
OTA_LINK_SAMPLE label=upgrade kind=gatt_write us=0 bytes=20
OTA_LINK_SAMPLE label=upgrade kind=gatt_write us=0 bytes=20
OTA_LINK_SAMPLE label=upgrade kind=gatt_write us=0 bytes=2
OTA_LINK_SAMPLE label=upgrade kind=segment_first_send us=717913 off=128 len=128
OTA sent 256/1024
OTA_LINK_SAMPLE label=upgrade kind=ack_latency us=456 off=128
OTA_MONO MONO_ABORT_BEGIN monoUs=6363707 wallUs=1789513780041066 code=USER_CANCEL
OTA_MONO MONO_WRITE_STOP monoUs=6363896 wallUs=1789513780041252
OTA_LINK_SAMPLE label=upgrade kind=gatt_write us=0 bytes=20
OTA_LINK_SAMPLE label=upgrade kind=gatt_write us=0 bytes=20
OTA_LINK_SAMPLE label=upgrade kind=gatt_write us=0 bytes=20
OTA_LINK_SAMPLE label=upgrade kind=gatt_write us=0 bytes=20
OTA_LINK_SAMPLE label=upgrade kind=gatt_write us=0 bytes=20
OTA_LINK_SAMPLE label=upgrade kind=gatt_write us=0 bytes=20
OTA_LINK_SAMPLE label=upgrade kind=gatt_write us=0 bytes=20
OTA_LINK_SAMPLE label=upgrade kind=gatt_write us=0 bytes=2
OTA_LINK_STATS {"schema":1,"label":"upgrade","device":"AA:BB","clock":"stopwatch-mono-us","phases":{"bind":[563,754],"transfer":[33761,967502]},"bind":{"charsUs":24,"found":true,"mtuRequested":247,"mtuChunkBytes":20,"mtuUs":0,"subscribeUs":0,"subscribeOk":true,"phaseUs":191},"getInfo":{"calls":1,"totalUs":32134},"transfer":{"startUs":33756,"endAckUs":null,"elapsedUs":null,"outcome":"fail","segmentsUnique":2,"segmentSendTotal":2,"retransmitFrames":0,"acks":{"ok":2,"duplicate":0,"error":0,"malformed":0,"noProgress":0,"abort":0},"ackSamples":"complete","ackLatency":{"count":2,"minUs":445,"p50Us":445,"p95Us":456,"p99Us":456,"maxUs":456},"durable":{"events":1,"finalOff":0}},"gattWrites":{"calls":31,"bytes":547,"errors":0,"minUs":0,"p50Us":0,"p95Us":0,"maxUs":0},"discovers":{"calls":0,"minUs":null,"p50Us":null,"p95Us":null,"maxUs":null},"platformWrites":{"calls":0,"bytes":0,"minUs":null,"p50Us":null,"p95Us":null,"maxUs":null}}
OTA_LINK_SAMPLE label=upgrade kind=gatt_write us=0 bytes=10
OTA_MONO MONO_ABORT_DONE monoUs=6644208 wallUs=1789513780321574 code=USER_CANCEL
OTA_MONO MONO_TERMINAL monoUs=6645817 wallUs=1789513780323178 code=USER_CANCEL
00:25 +163: /home/runner/work/E-Track/E-Track/app/bluetooth_flutter_Trace/test/ota/ota_service_upgrade_test.dart: 清包纳入 owner：清包期间新传输入口被拒，完成后状态一致发布（RC3-12）
00:25 +164: /home/runner/work/E-Track/E-Track/app/bluetooth_flutter_Trace/test/ota/ota_service_upgrade_test.dart: 传输在途取消删除包：cancelled 终态与包删除一次性一致发布（RC3-12）
OTA_LINK_SAMPLE label=upgrade kind=gatt_write us=0 bytes=10
OTA_LINK_SAMPLE label=upgrade kind=get_info us=601
OTA_MONO MONO_BUDGET_START monoUs=6674548 wallUs=1789513780351905
OTA_LINK_SAMPLE label=upgrade kind=gatt_write us=0 bytes=111
OTA_LINK_SAMPLE label=upgrade kind=durable us=2344 off=0
OTA_LINK_SAMPLE label=upgrade kind=gatt_write us=0 bytes=142
OTA_MONO MONO_ABORT_BEGIN monoUs=6676067 wallUs=1789513780353424 code=USER_CANCEL
OTA_MONO MONO_WRITE_STOP monoUs=6676221 wallUs=1789513780353576
OTA_LINK_STATS {"schema":1,"label":"upgrade","device":"AA:BB","clock":"stopwatch-mono-us","phases":{"bind":[517,707],"transfer":[1637,3516]},"bind":{"charsUs":19,"found":true,"mtuRequested":247,"mtuChunkBytes":247,"mtuUs":0,"subscribeUs":0,"subscribeOk":true,"phaseUs":190},"getInfo":{"calls":1,"totalUs":601},"transfer":{"startUs":1632,"endAckUs":null,"elapsedUs":null,"outcome":"fail","segmentsUnique":0,"segmentSendTotal":0,"retransmitFrames":0,"acks":{"ok":0,"duplicate":0,"error":0,"malformed":0,"noProgress":0,"abort":0},"ackSamples":"complete","ackLatency":{"count":0,"minUs":null,"p50Us":null,"p95Us":null,"p99Us":null,"maxUs":null},"durable":{"events":1,"finalOff":0}},"gattWrites":{"calls":3,"bytes":263,"errors":0,"minUs":0,"p50Us":0,"p95Us":0,"maxUs":0},"discovers":{"calls":0,"minUs":null,"p50Us":null,"p95Us":null,"maxUs":null},"platformWrites":{"calls":0,"bytes":0,"minUs":null,"p50Us":null,"p95Us":null,"maxUs":null}}
OTA_LINK_SAMPLE label=upgrade kind=gatt_write us=0 bytes=10
OTA_MONO MONO_ABORT_DONE monoUs=6677571 wallUs=1789513780354929 code=USER_CANCEL
OTA_MONO MONO_TERMINAL monoUs=6678771 wallUs=1789513780356128 code=USER_CANCEL
00:25 +165: /home/runner/work/E-Track/E-Track/app/bluetooth_flutter_Trace/test/ota/ota_service_upgrade_test.dart: 终止闭锁经重新读取身份解锁：身份漂移作废旧清单与包（RC3-08⑤/12⑤）
OTA_LINK_SAMPLE label=upgrade kind=gatt_write us=0 bytes=10
OTA_LINK_SAMPLE label=upgrade kind=get_info us=884
OTA_MONO MONO_BUDGET_START monoUs=7309557 wallUs=1789513780986916
OTA_LINK_SAMPLE label=upgrade kind=gatt_write us=0 bytes=111
OTA_LINK_SAMPLE label=upgrade kind=durable us=2543 off=0
OTA_LINK_SAMPLE label=upgrade kind=gatt_write us=0 bytes=142
OTA_LINK_SAMPLE label=upgrade kind=segment_first_send us=3212 off=0 len=128
OTA sent 128/1024
OTA_LINK_SAMPLE label=upgrade kind=ack_latency us=330 off=0
OTA_LINK_SAMPLE label=upgrade kind=gatt_write us=0 bytes=142
OTA_LINK_SAMPLE label=upgrade kind=segment_first_send us=4200 off=128 len=128
OTA sent 256/1024
OTA_LINK_SAMPLE label=upgrade kind=ack_latency us=278 off=128
OTA_LINK_SAMPLE label=upgrade kind=gatt_write us=0 bytes=142
OTA_LINK_SAMPLE label=upgrade kind=segment_first_send us=5070 off=256 len=128
OTA sent 384/1024
OTA_LINK_SAMPLE label=upgrade kind=ack_latency us=198 off=256
OTA_LINK_SAMPLE label=upgrade kind=gatt_write us=0 bytes=142
OTA_LINK_SAMPLE label=upgrade kind=segment_first_send us=5895 off=384 len=128
OTA sent 512/1024
OTA_LINK_SAMPLE label=upgrade kind=ack_latency us=339 off=384
OTA_LINK_SAMPLE label=upgrade kind=gatt_write us=0 bytes=142
OTA_LINK_SAMPLE label=upgrade kind=segment_first_send us=6850 off=512 len=128
OTA sent 640/1024
OTA_LINK_SAMPLE label=upgrade kind=ack_latency us=268 off=512
OTA_LINK_SAMPLE label=upgrade kind=gatt_write us=0 bytes=142
OTA_LINK_SAMPLE label=upgrade kind=segment_first_send us=7659 off=640 len=128
OTA sent 768/1024
OTA_LINK_SAMPLE label=upgrade kind=ack_latency us=300 off=640
OTA_LINK_SAMPLE label=upgrade kind=gatt_write us=0 bytes=142
OTA_LINK_SAMPLE label=upgrade kind=segment_first_send us=8486 off=768 len=128
OTA sent 896/1024
OTA_LINK_SAMPLE label=upgrade kind=ack_latency us=246 off=768
OTA_LINK_SAMPLE label=upgrade kind=gatt_write us=0 bytes=142
OTA_LINK_SAMPLE label=upgrade kind=segment_first_send us=9339 off=896 len=128
OTA sent 1024/1024
OTA_LINK_SAMPLE label=upgrade kind=ack_latency us=312 off=896
OTA_LINK_SAMPLE label=upgrade kind=durable us=9798 off=1024
OTA_MONO MONO_BUDGET_RESET monoUs=7317817 wallUs=1789513780995174 durable=1024
OTA_LINK_SAMPLE label=upgrade kind=gatt_write us=0 bytes=42
OTA_MONO MONO_END_ACK_OK monoUs=7318562 wallUs=1789513780995920 durable=1024
OTA_LINK_STATS {"schema":1,"label":"upgrade","device":"AA:BB","clock":"stopwatch-mono-us","phases":{"bind":[463,640],"transfer":[1842,10862]},"bind":{"charsUs":22,"found":true,"mtuRequested":247,"mtuChunkBytes":247,"mtuUs":0,"subscribeUs":0,"subscribeOk":true,"phaseUs":177},"getInfo":{"calls":1,"totalUs":884},"transfer":{"startUs":1838,"endAckUs":10658,"elapsedUs":8820,"outcome":"ok","segmentsUnique":8,"segmentSendTotal":8,"retransmitFrames":0,"acks":{"ok":8,"duplicate":0,"error":0,"malformed":0,"noProgress":0,"abort":0},"ackSamples":"complete","ackLatency":{"count":8,"minUs":198,"p50Us":278,"p95Us":339,"p99Us":339,"maxUs":339},"durable":{"events":2,"finalOff":1024}},"gattWrites":{"calls":11,"bytes":1299,"errors":0,"minUs":0,"p50Us":0,"p95Us":0,"maxUs":0},"discovers":{"calls":0,"minUs":null,"p50Us":null,"p95Us":null,"maxUs":null},"platformWrites":{"calls":0,"bytes":0,"minUs":null,"p50Us":null,"p95Us":null,"maxUs":null}}
OTA_LINK_SAMPLE label=probe kind=gatt_write us=0 bytes=10
OTA_LINK_SAMPLE label=probe kind=get_info us=597
OTA_LINK_STATS {"schema":1,"label":"probe","device":"AA:BB","clock":"stopwatch-mono-us","phases":{},"bind":{"charsUs":20,"found":true,"mtuRequested":247,"mtuChunkBytes":247,"mtuUs":0,"subscribeUs":0,"subscribeOk":true,"phaseUs":null},"getInfo":{"calls":1,"totalUs":597},"transfer":{"startUs":null,"endAckUs":null,"elapsedUs":null,"outcome":null,"segmentsUnique":0,"segmentSendTotal":0,"retransmitFrames":0,"acks":{"ok":0,"duplicate":0,"error":0,"malformed":0,"noProgress":0,"abort":0},"ackSamples":"complete","ackLatency":{"count":0,"minUs":null,"p50Us":null,"p95Us":null,"p99Us":null,"maxUs":null},"durable":{"events":0,"finalOff":null}},"gattWrites":{"calls":1,"bytes":10,"errors":0,"minUs":0,"p50Us":0,"p95Us":0,"maxUs":0},"discovers":{"calls":0,"minUs":null,"p50Us":null,"p95Us":null,"maxUs":null},"platformWrites":{"calls":0,"bytes":0,"minUs":null,"p50Us":null,"p95Us":null,"maxUs":null}}
00:25 +166: /home/runner/work/E-Track/E-Track/app/bluetooth_flutter_Trace/test/ota/ota_service_upgrade_test.dart: 下载 INVALID_PARAMETER 稳定闭锁：终止态在入口拦截后续下载（RC3-10⑤）
00:25 +167: /home/runner/work/E-Track/E-Track/app/bluetooth_flutter_Trace/test/ota/ota_service_upgrade_test.dart: 稳定终止复位刷新标志：解锁重查后的普通失败不得触发本轮自动刷新（RC3-10⑤）
00:25 +168: /home/runner/work/E-Track/E-Track/app/bluetooth_flutter_Trace/test/ota/ota_service_upgrade_test.dart: fake MCU 段判据（RC3-03，直接打帧） offset 未按 128B 对齐 → ERR_OFFSET（真值 :526-532）
00:25 +169: /home/runner/work/E-Track/E-Track/app/bluetooth_flutter_Trace/test/ota/ota_service_upgrade_test.dart: fake MCU 段判据（RC3-03，直接打帧） 非尾部短段 → ERR_FRAME（真值 :533-541）
00:25 +170: /home/runner/work/E-Track/E-Track/app/bluetooth_flutter_Trace/test/ota/ota_service_upgrade_test.dart: fake MCU 段判据（RC3-03，直接打帧） 尾部短段（off+len == total_len）放行（真值 :533-541 反向）
00:25 +171: /home/runner/work/E-Track/E-Track/app/bluetooth_flutter_Trace/test/ota/ota_service_upgrade_test.dart: fake MCU 段判据（RC3-03，直接打帧） 整段跨越包尾（off+len > total_len）→ ERR_OFFSET（真值 :542-548）
00:25 +172: /home/runner/work/E-Track/E-Track/app/bluetooth_flutter_Trace/test/ota/ota_service_upgrade_test.dart: fake MCU 段判据（RC3-03，直接打帧） off >= total_len → ERR_OFFSET（真值 :542-548）
00:25 +173: /home/runner/work/E-Track/E-Track/app/bluetooth_flutter_Trace/test/ota/ota_service_upgrade_test.dart: fake MCU 段判据（RC3-03，直接打帧） 同 offset 同内容重发 → DUPLICATE 幂等 OK（真值 ota_staging_receive :508-516）
00:25 +174: /home/runner/work/E-Track/E-Track/app/bluetooth_flutter_Trace/test/ota/ota_service_upgrade_test.dart: fake MCU 段判据（RC3-03，直接打帧） 同 offset 不同内容 → ABORTED 且会话 teardown（真值 ota_staging.c:510-513 → ota_ble_session.c:585-591）
00:25 +175: /home/runner/work/E-Track/E-Track/app/bluetooth_flutter_Trace/test/ota/ota_service_upgrade_test.dart: fake MCU 段判据（RC3-03，直接打帧） 已提交 offset 的重复 DATA 幂等 OK（真值 :550-558）
00:25 +176: /home/runner/work/E-Track/E-Track/app/bluetooth_flutter_Trace/test/ota/ota_service_upgrade_test.dart: 取消与后台恢复的 owner/资源生命周期（RC3-04⑦/08⑦/12⑦） 身份 A 持有资产 → 读取失败 → 成功读取 B：A 资产整体作废（RC3-12⑦）
00:25 +177: /home/runner/work/E-Track/E-Track/app/bluetooth_flutter_Trace/test/ota/ota_service_upgrade_test.dart: 取消与后台恢复的 owner/资源生命周期（RC3-04⑦/08⑦/12⑦） 取消清理持闸期间不得发布取消文案或 phase：清理与终态发布原子（RC3-12）
OTA_LINK_SAMPLE label=upgrade kind=gatt_write us=0 bytes=10
OTA_LINK_SAMPLE label=upgrade kind=get_info us=734
OTA_MONO MONO_BUDGET_START monoUs=7409322 wallUs=1789513781086678
OTA_LINK_SAMPLE label=upgrade kind=gatt_write us=0 bytes=111
OTA_LINK_SAMPLE label=upgrade kind=durable us=2456 off=0
OTA_LINK_SAMPLE label=upgrade kind=gatt_write us=0 bytes=142
OTA_MONO MONO_ABORT_BEGIN monoUs=7411476 wallUs=1789513781088834 code=USER_CANCEL
OTA_MONO MONO_WRITE_STOP monoUs=7411670 wallUs=1789513781089026
OTA_LINK_STATS {"schema":1,"label":"upgrade","device":"AA:BB","clock":"stopwatch-mono-us","phases":{"bind":[550,707],"transfer":[1790,4399]},"bind":{"charsUs":21,"found":true,"mtuRequested":247,"mtuChunkBytes":247,"mtuUs":0,"subscribeUs":0,"subscribeOk":true,"phaseUs":157},"getInfo":{"calls":1,"totalUs":734},"transfer":{"startUs":1786,"endAckUs":null,"elapsedUs":null,"outcome":"fail","segmentsUnique":0,"segmentSendTotal":0,"retransmitFrames":0,"acks":{"ok":0,"duplicate":0,"error":0,"malformed":0,"noProgress":0,"abort":0},"ackSamples":"complete","ackLatency":{"count":0,"minUs":null,"p50Us":null,"p95Us":null,"p99Us":null,"maxUs":null},"durable":{"events":1,"finalOff":0}},"gattWrites":{"calls":3,"bytes":263,"errors":0,"minUs":0,"p50Us":0,"p95Us":0,"maxUs":0},"discovers":{"calls":0,"minUs":null,"p50Us":null,"p95Us":null,"maxUs":null},"platformWrites":{"calls":0,"bytes":0,"minUs":null,"p50Us":null,"p95Us":null,"maxUs":null}}
OTA_LINK_SAMPLE label=upgrade kind=gatt_write us=0 bytes=10
OTA_MONO MONO_ABORT_DONE monoUs=7413744 wallUs=1789513781091102 code=USER_CANCEL
OTA_MONO MONO_TERMINAL monoUs=7414935 wallUs=1789513781092292 code=USER_CANCEL
00:26 +178: /home/runner/work/E-Track/E-Track/app/bluetooth_flutter_Trace/test/ota/ota_service_upgrade_test.dart: 取消与后台恢复的 owner/资源生命周期（RC3-04⑦/08⑦/12⑦） 取消窗口内旧物理写以原生异常退出：不得抢先发布失败文案与 failed（RC3-12②）
OTA_LINK_SAMPLE label=upgrade kind=gatt_write us=0 bytes=10
OTA_LINK_SAMPLE label=upgrade kind=get_info us=201489
OTA_MONO MONO_BUDGET_START monoUs=7627044 wallUs=1789513781304405
OTA_LINK_SAMPLE label=upgrade kind=gatt_write us=0 bytes=111
OTA_LINK_SAMPLE label=upgrade kind=durable us=404131 off=0
OTA_MONO MONO_ABORT_BEGIN monoUs=7829279 wallUs=1789513781506639 code=USER_CANCEL
OTA_MONO MONO_WRITE_STOP monoUs=7829447 wallUs=1789513781506802
OTA_LINK_SAMPLE label=upgrade kind=gatt_write us=0 bytes=142 error=1
OTA_LINK_STATS {"schema":1,"label":"upgrade","device":"AA:BB","clock":"stopwatch-mono-us","phases":{"bind":[467,602],"transfer":[202636,606358]},"bind":{"charsUs":19,"found":true,"mtuRequested":247,"mtuChunkBytes":247,"mtuUs":0,"subscribeUs":0,"subscribeOk":true,"phaseUs":135},"getInfo":{"calls":1,"totalUs":201489},"transfer":{"startUs":202630,"endAckUs":null,"elapsedUs":null,"outcome":"fail","segmentsUnique":0,"segmentSendTotal":0,"retransmitFrames":0,"acks":{"ok":0,"duplicate":0,"error":0,"malformed":0,"noProgress":0,"abort":0},"ackSamples":"complete","ackLatency":{"count":0,"minUs":null,"p50Us":null,"p95Us":null,"p99Us":null,"maxUs":null},"durable":{"events":1,"finalOff":0}},"gattWrites":{"calls":3,"bytes":263,"errors":1,"minUs":0,"p50Us":0,"p95Us":0,"maxUs":0},"discovers":{"calls":0,"minUs":null,"p50Us":null,"p95Us":null,"maxUs":null},"platformWrites":{"calls":0,"bytes":0,"minUs":null,"p50Us":null,"p95Us":null,"maxUs":null}}
OTA_MONO MONO_ABORT_DONE monoUs=8031608 wallUs=1789513781708967 code=USER_CANCEL
OTA_MONO MONO_TERMINAL monoUs=8032922 wallUs=1789513781710280 code=USER_CANCEL
00:26 +179: /home/runner/work/E-Track/E-Track/app/bluetooth_flutter_Trace/test/ota/ota_service_upgrade_test.dart: 取消与后台恢复的 owner/资源生命周期（RC3-04⑦/08⑦/12⑦） 延迟 ABORT 反例：ABORT 在途期间不得提前宣告终止（RC3-07/02）
00:26 +180: /home/runner/work/E-Track/E-Track/app/bluetooth_flutter_Trace/test/ota/ota_service_upgrade_test.dart: 取消与后台恢复的 owner/资源生命周期（RC3-04⑦/08⑦/12⑦） 取消窗口内同资产重下：旧取消不得拔掉后来者的下载（RC3-04⑦）
OTA_LINK_SAMPLE label=upgrade kind=gatt_write us=0 bytes=10
OTA_LINK_SAMPLE label=upgrade kind=get_info us=562
OTA_MONO MONO_BUDGET_START monoUs=8066444 wallUs=1789513781743798
OTA_LINK_SAMPLE label=upgrade kind=gatt_write us=0 bytes=111
OTA_LINK_SAMPLE label=upgrade kind=durable us=2096 off=0
OTA_LINK_SAMPLE label=upgrade kind=gatt_write us=0 bytes=142
OTA_MONO MONO_ABORT_BEGIN monoUs=8068679 wallUs=1789513781746034 code=USER_CANCEL
OTA_MONO MONO_WRITE_STOP monoUs=8069959 wallUs=1789513781747314
OTA_LINK_STATS {"schema":1,"label":"upgrade","device":"AA:BB","clock":"stopwatch-mono-us","phases":{"bind":[427,587],"transfer":[1453,5222]},"bind":{"charsUs":13,"found":true,"mtuRequested":247,"mtuChunkBytes":247,"mtuUs":0,"subscribeUs":0,"subscribeOk":true,"phaseUs":160},"getInfo":{"calls":1,"totalUs":562},"transfer":{"startUs":1449,"endAckUs":null,"elapsedUs":null,"outcome":"fail","segmentsUnique":0,"segmentSendTotal":0,"retransmitFrames":0,"acks":{"ok":0,"duplicate":0,"error":0,"malformed":0,"noProgress":0,"abort":0},"ackSamples":"complete","ackLatency":{"count":0,"minUs":null,"p50Us":null,"p95Us":null,"p99Us":null,"maxUs":null},"durable":{"events":1,"finalOff":0}},"gattWrites":{"calls":3,"bytes":263,"errors":0,"minUs":0,"p50Us":0,"p95Us":0,"maxUs":0},"discovers":{"calls":0,"minUs":null,"p50Us":null,"p95Us":null,"maxUs":null},"platformWrites":{"calls":0,"bytes":0,"minUs":null,"p50Us":null,"p95Us":null,"maxUs":null}}
OTA_LINK_SAMPLE label=upgrade kind=gatt_write us=0 bytes=10
OTA_MONO MONO_ABORT_DONE monoUs=8076796 wallUs=1789513781754151 code=USER_CANCEL
00:26 +181: /home/runner/work/E-Track/E-Track/app/bluetooth_flutter_Trace/test/ota/ota_service_upgrade_test.dart: 取消与后台恢复的 owner/资源生命周期（RC3-04⑦/08⑦/12⑦） 取消清理停在内层 IO 时后来者接管同资产：删除边界归属复核（RC3-04/05）
OTA_MONO MONO_ABORT_BEGIN monoUs=8091677 wallUs=1789513781769031 code=USER_CANCEL
OTA_MONO MONO_WRITE_STOP monoUs=8091838 wallUs=1789513781769192
OTA_MONO MONO_ABORT_DONE monoUs=8092264 wallUs=1789513781769618 code=USER_CANCEL
00:26 +182: /home/runner/work/E-Track/E-Track/app/bluetooth_flutter_Trace/test/ota/ota_service_upgrade_test.dart: 取消与后台恢复的 owner/资源生命周期（RC3-04⑦/08⑦/12⑦） 清理已取删除闸、删除体未执行时后来者接管：part/sidecar/tmp 均不得按路径删除（RC3-04/05）
OTA_MONO MONO_ABORT_BEGIN monoUs=8111335 wallUs=1789513781788689 code=USER_CANCEL
OTA_MONO MONO_WRITE_STOP monoUs=8111514 wallUs=1789513781788868
OTA_MONO MONO_ABORT_DONE monoUs=8112035 wallUs=1789513781789390 code=USER_CANCEL
00:26 +183: /home/runner/work/E-Track/E-Track/app/bluetooth_flutter_Trace/test/ota/ota_service_upgrade_test.dart: 取消与后台恢复的 owner/资源生命周期（RC3-04⑦/08⑦/12⑦） 旧清理持删除闸期间，后来者同族写入必须排队：临界区内互斥（RC3-02/04/05）
OTA_MONO MONO_ABORT_BEGIN monoUs=8141808 wallUs=1789513781819162 code=USER_CANCEL
OTA_MONO MONO_WRITE_STOP monoUs=8141981 wallUs=1789513781819335
OTA_MONO MONO_ABORT_DONE monoUs=8142483 wallUs=1789513781819838 code=USER_CANCEL
00:27 +184: /home/runner/work/E-Track/E-Track/app/bluetooth_flutter_Trace/test/ota/ota_service_upgrade_test.dart: 取消与后台恢复的 owner/资源生命周期（RC3-04⑦/08⑦/12⑦） 鉴别力对照：闸被旁路时「持闸期间同族写入必须排队」不再成立（RC3-02/04/05）
OTA_MONO MONO_ABORT_BEGIN monoUs=9647731 wallUs=1789513783325090 code=USER_CANCEL
OTA_MONO MONO_WRITE_STOP monoUs=9648107 wallUs=1789513783325461
OTA_MONO MONO_ABORT_DONE monoUs=9648799 wallUs=1789513783326156 code=USER_CANCEL
00:28 +185: /home/runner/work/E-Track/E-Track/app/bluetooth_flutter_Trace/test/ota/ota_service_upgrade_test.dart: 取消与后台恢复的 owner/资源生命周期（RC3-04⑦/08⑦/12⑦） 后台恢复一级复核：链路代次变化 → DEVICE_LINK_CHANGED 可重试终止（RC3-08⑦）
OTA_LINK_SAMPLE label=upgrade kind=gatt_write us=0 bytes=10
OTA_LINK_SAMPLE label=upgrade kind=get_info us=670
OTA_MONO MONO_BUDGET_START monoUs=9699215 wallUs=1789513783376570
OTA_LINK_SAMPLE label=upgrade kind=gatt_write us=0 bytes=111
OTA_LINK_SAMPLE label=upgrade kind=durable us=2385 off=0
OTA_LINK_SAMPLE label=upgrade kind=gatt_write us=0 bytes=142
OTA_MONO MONO_PAUSE monoUs=9700949 wallUs=1789513783378304
OTA_MONO MONO_TERMINAL_DECIDED monoUs=9701882 wallUs=1789513783379236 code=DEVICE_LINK_CHANGED
OTA_MONO MONO_ABORT_BEGIN monoUs=9702107 wallUs=1789513783379462 code=DEVICE_LINK_CHANGED
OTA_MONO MONO_WRITE_STOP monoUs=9702247 wallUs=1789513783379600
OTA_LINK_STATS {"schema":1,"label":"upgrade","device":"AA:BB","clock":"stopwatch-mono-us","phases":{"bind":[468,615],"transfer":[1658,4962]},"bind":{"charsUs":15,"found":true,"mtuRequested":247,"mtuChunkBytes":247,"mtuUs":0,"subscribeUs":0,"subscribeOk":true,"phaseUs":147},"getInfo":{"calls":1,"totalUs":670},"transfer":{"startUs":1654,"endAckUs":null,"elapsedUs":null,"outcome":"fail","segmentsUnique":0,"segmentSendTotal":0,"retransmitFrames":0,"acks":{"ok":0,"duplicate":0,"error":0,"malformed":0,"noProgress":0,"abort":0},"ackSamples":"complete","ackLatency":{"count":0,"minUs":null,"p50Us":null,"p95Us":null,"p99Us":null,"maxUs":null},"durable":{"events":1,"finalOff":0}},"gattWrites":{"calls":3,"bytes":263,"errors":0,"minUs":0,"p50Us":0,"p95Us":0,"maxUs":0},"discovers":{"calls":0,"minUs":null,"p50Us":null,"p95Us":null,"maxUs":null},"platformWrites":{"calls":0,"bytes":0,"minUs":null,"p50Us":null,"p95Us":null,"maxUs":null}}
OTA_LINK_SAMPLE label=upgrade kind=gatt_write us=0 bytes=10
OTA_MONO MONO_ABORT_DONE monoUs=9703458 wallUs=1789513783380813 code=DEVICE_LINK_CHANGED
OTA_MONO MONO_TERMINAL monoUs=9703625 wallUs=1789513783380978 code=DEVICE_LINK_CHANGED
00:28 +186: /home/runner/work/E-Track/E-Track/app/bluetooth_flutter_Trace/test/ota/ota_service_upgrade_test.dart: 取消与后台恢复的 owner/资源生命周期（RC3-04⑦/08⑦/12⑦） failClosed 已决终止不被迟到在途写原生错误覆盖：DEVICE_LINK_CHANGED保持、phase/文案不回跳（RC3-08/12②）
OTA_LINK_SAMPLE label=upgrade kind=gatt_write us=0 bytes=10
OTA_LINK_SAMPLE label=upgrade kind=get_info us=202203
OTA_MONO MONO_BUDGET_START monoUs=9918899 wallUs=1789513783596256
OTA_LINK_SAMPLE label=upgrade kind=gatt_write us=0 bytes=111
OTA_LINK_SAMPLE label=upgrade kind=durable us=404789 off=0
OTA_MONO MONO_PAUSE monoUs=10121195 wallUs=1789513783798552
OTA_MONO MONO_TERMINAL_DECIDED monoUs=10121444 wallUs=1789513783798800 code=DEVICE_LINK_CHANGED
OTA_MONO MONO_ABORT_BEGIN monoUs=10121639 wallUs=1789513783798993 code=DEVICE_LINK_CHANGED
OTA_MONO MONO_WRITE_STOP monoUs=10121759 wallUs=1789513783799112
OTA_LINK_SAMPLE label=upgrade kind=gatt_write us=0 bytes=142 error=1
OTA_LINK_STATS {"schema":1,"label":"upgrade","device":"AA:BB","clock":"stopwatch-mono-us","phases":{"bind":[457,591],"transfer":[203104,606505]},"bind":{"charsUs":15,"found":true,"mtuRequested":247,"mtuChunkBytes":247,"mtuUs":0,"subscribeUs":0,"subscribeOk":true,"phaseUs":134},"getInfo":{"calls":1,"totalUs":202203},"transfer":{"startUs":203099,"endAckUs":null,"elapsedUs":null,"outcome":"fail","segmentsUnique":0,"segmentSendTotal":0,"retransmitFrames":0,"acks":{"ok":0,"duplicate":0,"error":0,"malformed":0,"noProgress":0,"abort":0},"ackSamples":"complete","ackLatency":{"count":0,"minUs":null,"p50Us":null,"p95Us":null,"p99Us":null,"maxUs":null},"durable":{"events":1,"finalOff":0}},"gattWrites":{"calls":3,"bytes":263,"errors":1,"minUs":0,"p50Us":0,"p95Us":0,"maxUs":0},"discovers":{"calls":0,"minUs":null,"p50Us":null,"p95Us":null,"maxUs":null},"platformWrites":{"calls":0,"bytes":0,"minUs":null,"p50Us":null,"p95Us":null,"maxUs":null}}
OTA_MONO MONO_ABORT_DONE monoUs=10323024 wallUs=1789513784000382 code=DEVICE_LINK_CHANGED
OTA_MONO MONO_TERMINAL monoUs=10323184 wallUs=1789513784000538 code=DEVICE_LINK_CHANGED
00:28 +187: /home/runner/work/E-Track/E-Track/app/bluetooth_flutter_Trace/test/ota/ota_service_upgrade_test.dart: 取消与后台恢复的 owner/资源生命周期（RC3-04⑦/08⑦/12⑦） 后台恢复一级复核补位：复核 await 期间链路代次前进 → DEVICE_LINK_CHANGED（RC3-08⑦）
OTA_LINK_SAMPLE label=upgrade kind=gatt_write us=0 bytes=10
OTA_LINK_SAMPLE label=upgrade kind=get_info us=596
OTA_MONO MONO_BUDGET_START monoUs=10337824 wallUs=1789513784015179
OTA_LINK_SAMPLE label=upgrade kind=gatt_write us=0 bytes=111
OTA_LINK_SAMPLE label=upgrade kind=durable us=3608 off=0
OTA_LINK_SAMPLE label=upgrade kind=gatt_write us=0 bytes=142
OTA_MONO MONO_PAUSE monoUs=10339732 wallUs=1789513784017088
OTA_LINK_SAMPLE label=upgrade kind=segment_first_send us=4841 off=0 len=128
OTA sent 128/1024
OTA_MONO MONO_TERMINAL_DECIDED monoUs=10340556 wallUs=1789513784017910 code=DEVICE_LINK_CHANGED
OTA_MONO MONO_ABORT_BEGIN monoUs=10340731 wallUs=1789513784018086 code=DEVICE_LINK_CHANGED
OTA_MONO MONO_WRITE_STOP monoUs=10340892 wallUs=1789513784018246
OTA_LINK_SAMPLE label=upgrade kind=gatt_write us=0 bytes=10
OTA_MONO MONO_ABORT_DONE monoUs=10341693 wallUs=1789513784019048 code=DEVICE_LINK_CHANGED
OTA_MONO MONO_TERMINAL monoUs=10341863 wallUs=1789513784019217 code=DEVICE_LINK_CHANGED
OTA_LINK_STATS {"schema":1,"label":"upgrade","device":"AA:BB","clock":"stopwatch-mono-us","phases":{"bind":[477,615],"transfer":[2727,7108]},"bind":{"charsUs":15,"found":true,"mtuRequested":247,"mtuChunkBytes":247,"mtuUs":0,"subscribeUs":0,"subscribeOk":true,"phaseUs":138},"getInfo":{"calls":1,"totalUs":596},"transfer":{"startUs":2722,"endAckUs":null,"elapsedUs":null,"outcome":"fail","segmentsUnique":1,"segmentSendTotal":1,"retransmitFrames":0,"acks":{"ok":0,"duplicate":0,"error":0,"malformed":0,"noProgress":0,"abort":1},"ackSamples":"partial:missing=1","ackLatency":{"count":0,"minUs":null,"p50Us":null,"p95Us":null,"p99Us":null,"maxUs":null},"durable":{"events":1,"finalOff":0}},"gattWrites":{"calls":4,"bytes":273,"errors":0,"minUs":0,"p50Us":0,"p95Us":0,"maxUs":0},"discovers":{"calls":0,"minUs":null,"p50Us":null,"p95Us":null,"maxUs":null},"platformWrites":{"calls":0,"bytes":0,"minUs":null,"p50Us":null,"p95Us":null,"maxUs":null}}
00:28 +188: /home/runner/work/E-Track/E-Track/app/bluetooth_flutter_Trace/test/ota/ota_service_upgrade_test.dart: 取消与后台恢复的 owner/资源生命周期（RC3-04⑦/08⑦/12⑦） 后台恢复二级复核：特征重发现不一致 → DEVICE_LINK_CHANGED（RC3-08⑦）
OTA_LINK_SAMPLE label=upgrade kind=gatt_write us=0 bytes=10
OTA_LINK_SAMPLE label=upgrade kind=get_info us=565
OTA_MONO MONO_BUDGET_START monoUs=10356293 wallUs=1789513784033648
OTA_LINK_SAMPLE label=upgrade kind=gatt_write us=0 bytes=111
OTA_LINK_SAMPLE label=upgrade kind=durable us=2094 off=0
OTA_LINK_SAMPLE label=upgrade kind=gatt_write us=0 bytes=142
OTA_MONO MONO_PAUSE monoUs=10357537 wallUs=1789513784034892
OTA_LINK_SAMPLE label=upgrade kind=segment_first_send us=2812 off=0 len=128
OTA sent 128/1024
OTA_MONO MONO_TERMINAL_DECIDED monoUs=10358763 wallUs=1789513784036118 code=DEVICE_LINK_CHANGED
OTA_MONO MONO_ABORT_BEGIN monoUs=10358938 wallUs=1789513784036292 code=DEVICE_LINK_CHANGED
OTA_MONO MONO_WRITE_STOP monoUs=10359057 wallUs=1789513784036410
OTA_LINK_SAMPLE label=upgrade kind=gatt_write us=0 bytes=10
OTA_MONO MONO_ABORT_DONE monoUs=10359753 wallUs=1789513784037108 code=DEVICE_LINK_CHANGED
OTA_MONO MONO_TERMINAL monoUs=10359881 wallUs=1789513784037234 code=DEVICE_LINK_CHANGED
OTA_LINK_STATS {"schema":1,"label":"upgrade","device":"AA:BB","clock":"stopwatch-mono-us","phases":{"bind":[462,588],"transfer":[1437,5155]},"bind":{"charsUs":13,"found":true,"mtuRequested":247,"mtuChunkBytes":247,"mtuUs":0,"subscribeUs":0,"subscribeOk":true,"phaseUs":126},"getInfo":{"calls":1,"totalUs":565},"transfer":{"startUs":1434,"endAckUs":null,"elapsedUs":null,"outcome":"fail","segmentsUnique":1,"segmentSendTotal":1,"retransmitFrames":0,"acks":{"ok":0,"duplicate":0,"error":0,"malformed":0,"noProgress":0,"abort":1},"ackSamples":"partial:missing=1","ackLatency":{"count":0,"minUs":null,"p50Us":null,"p95Us":null,"p99Us":null,"maxUs":null},"durable":{"events":1,"finalOff":0}},"gattWrites":{"calls":4,"bytes":273,"errors":0,"minUs":0,"p50Us":0,"p95Us":0,"maxUs":0},"discovers":{"calls":0,"minUs":null,"p50Us":null,"p95Us":null,"maxUs":null},"platformWrites":{"calls":0,"bytes":0,"minUs":null,"p50Us":null,"p95Us":null,"maxUs":null}}
00:28 +189: /home/runner/work/E-Track/E-Track/app/bluetooth_flutter_Trace/test/ota/ota_service_upgrade_test.dart: 取消与后台恢复的 owner/资源生命周期（RC3-04⑦/08⑦/12⑦） 后台恢复三级复核：INFO 身份漂移 → DEVICE_IDENTITY_CHANGED（RC3-08⑦）
OTA_LINK_SAMPLE label=upgrade kind=gatt_write us=0 bytes=10
OTA_LINK_SAMPLE label=upgrade kind=get_info us=522
OTA_MONO MONO_BUDGET_START monoUs=10371762 wallUs=1789513784049116
OTA_LINK_SAMPLE label=upgrade kind=gatt_write us=0 bytes=111
OTA_LINK_SAMPLE label=upgrade kind=durable us=1897 off=0
OTA_LINK_SAMPLE label=upgrade kind=gatt_write us=0 bytes=142
OTA_MONO MONO_PAUSE monoUs=10372985 wallUs=1789513784050339
OTA_LINK_SAMPLE label=upgrade kind=segment_first_send us=2636 off=0 len=128
OTA sent 128/1024
OTA_LINK_SAMPLE label=upgrade kind=gatt_write us=0 bytes=10
OTA_LINK_SAMPLE label=upgrade kind=get_info us=550
OTA_MONO MONO_TERMINAL_DECIDED monoUs=10374117 wallUs=1789513784051472 code=DEVICE_IDENTITY_CHANGED
OTA_MONO MONO_ABORT_BEGIN monoUs=10374233 wallUs=1789513784051587 code=DEVICE_IDENTITY_CHANGED
OTA_MONO MONO_WRITE_STOP monoUs=10374326 wallUs=1789513784051679
OTA_LINK_SAMPLE label=upgrade kind=gatt_write us=0 bytes=10
OTA_MONO MONO_ABORT_DONE monoUs=10374913 wallUs=1789513784052268 code=DEVICE_IDENTITY_CHANGED
OTA_MONO MONO_TERMINAL monoUs=10375025 wallUs=1789513784052378 code=DEVICE_IDENTITY_CHANGED
OTA_LINK_STATS {"schema":1,"label":"upgrade","device":"AA:BB","clock":"stopwatch-mono-us","phases":{"bind":[434,554],"transfer":[1345,4728]},"bind":{"charsUs":12,"found":true,"mtuRequested":247,"mtuChunkBytes":247,"mtuUs":0,"subscribeUs":0,"subscribeOk":true,"phaseUs":120},"getInfo":{"calls":2,"totalUs":1072},"transfer":{"startUs":1341,"endAckUs":null,"elapsedUs":null,"outcome":"fail","segmentsUnique":1,"segmentSendTotal":1,"retransmitFrames":0,"acks":{"ok":0,"duplicate":0,"error":0,"malformed":0,"noProgress":0,"abort":1},"ackSamples":"partial:missing=1","ackLatency":{"count":0,"minUs":null,"p50Us":null,"p95Us":null,"p99Us":null,"maxUs":null},"durable":{"events":1,"finalOff":0}},"gattWrites":{"calls":5,"bytes":283,"errors":0,"minUs":0,"p50Us":0,"p95Us":0,"maxUs":0},"discovers":{"calls":0,"minUs":null,"p50Us":null,"p95Us":null,"maxUs":null},"platformWrites":{"calls":0,"bytes":0,"minUs":null,"p50Us":null,"p95Us":null,"maxUs":null}}
00:28 +190: /home/runner/work/E-Track/E-Track/app/bluetooth_flutter_Trace/test/ota/ota_service_upgrade_test.dart: 取消与后台恢复的 owner/资源生命周期（RC3-04⑦/08⑦/12⑦） 后台复检迟到发布：取消后的复核结论不得覆盖取消终态（RC3-04⑦）
OTA_LINK_SAMPLE label=upgrade kind=gatt_write us=0 bytes=10
OTA_LINK_SAMPLE label=upgrade kind=get_info us=565
OTA_MONO MONO_BUDGET_START monoUs=10385914 wallUs=1789513784063268
OTA_LINK_SAMPLE label=upgrade kind=gatt_write us=0 bytes=111
OTA_LINK_SAMPLE label=upgrade kind=durable us=1864 off=0
OTA_LINK_SAMPLE label=upgrade kind=gatt_write us=0 bytes=142
OTA_MONO MONO_PAUSE monoUs=10388104 wallUs=1789513784065458
OTA_LINK_SAMPLE label=upgrade kind=segment_first_send us=3703 off=0 len=128
OTA sent 128/1024
OTA_MONO MONO_ABORT_BEGIN monoUs=10388654 wallUs=1789513784066008 code=USER_CANCEL
OTA_MONO MONO_WRITE_STOP monoUs=10388783 wallUs=1789513784066136
OTA_LINK_SAMPLE label=upgrade kind=gatt_write us=0 bytes=10
OTA_MONO MONO_ABORT_DONE monoUs=10389879 wallUs=1789513784067234 code=USER_CANCEL
OTA_LINK_STATS {"schema":1,"label":"upgrade","device":"AA:BB","clock":"stopwatch-mono-us","phases":{"bind":[414,567],"transfer":[1364,5539]},"bind":{"charsUs":16,"found":true,"mtuRequested":247,"mtuChunkBytes":247,"mtuUs":0,"subscribeUs":0,"subscribeOk":true,"phaseUs":153},"getInfo":{"calls":1,"totalUs":565},"transfer":{"startUs":1361,"endAckUs":null,"elapsedUs":null,"outcome":"fail","segmentsUnique":1,"segmentSendTotal":1,"retransmitFrames":0,"acks":{"ok":0,"duplicate":0,"error":0,"malformed":0,"noProgress":0,"abort":1},"ackSamples":"partial:missing=1","ackLatency":{"count":0,"minUs":null,"p50Us":null,"p95Us":null,"p99Us":null,"maxUs":null},"durable":{"events":1,"finalOff":0}},"gattWrites":{"calls":4,"bytes":273,"errors":0,"minUs":0,"p50Us":0,"p95Us":0,"maxUs":0},"discovers":{"calls":0,"minUs":null,"p50Us":null,"p95Us":null,"maxUs":null},"platformWrites":{"calls":0,"bytes":0,"minUs":null,"p50Us":null,"p95Us":null,"maxUs":null}}
OTA_MONO MONO_TERMINAL monoUs=10391286 wallUs=1789513784068641 code=USER_CANCEL
00:29 +191: /home/runner/work/E-Track/E-Track/app/bluetooth_flutter_Trace/test/ota/ota_service_upgrade_test.dart: 取消与后台恢复的 owner/资源生命周期（RC3-04⑦/08⑦/12⑦） 后台恢复三级复核通过：恢复发送并完成传输（RC3-08⑦ 正例）
OTA_LINK_SAMPLE label=upgrade kind=gatt_write us=0 bytes=10
OTA_LINK_SAMPLE label=upgrade kind=get_info us=702
OTA_MONO MONO_BUDGET_START monoUs=10506941 wallUs=1789513784184297
OTA_LINK_SAMPLE label=upgrade kind=gatt_write us=0 bytes=111
OTA_LINK_SAMPLE label=upgrade kind=durable us=2190 off=0
OTA_LINK_SAMPLE label=upgrade kind=gatt_write us=0 bytes=142
OTA_MONO MONO_PAUSE monoUs=10508130 wallUs=1789513784185484
OTA_LINK_SAMPLE label=upgrade kind=segment_first_send us=2898 off=0 len=128
OTA sent 128/1024
OTA_LINK_SAMPLE label=upgrade kind=gatt_write us=0 bytes=10
OTA_LINK_SAMPLE label=upgrade kind=get_info us=554
OTA_MONO MONO_RESUME monoUs=10509394 wallUs=1789513784186749
OTA_LINK_SAMPLE label=upgrade kind=ack_latency us=1608 off=0
OTA_LINK_SAMPLE label=upgrade kind=gatt_write us=0 bytes=142
00:29 +192: loading /home/runner/work/E-Track/E-Track/app/bluetooth_flutter_Trace/test/ota/ota_link_stats_test.dart
00:29 +192: /home/runner/work/E-Track/E-Track/app/bluetooth_flutter_Trace/test/ota/ota_link_stats_test.dart: nearestRank：空样本返回 null
00:29 +193: /home/runner/work/E-Track/E-Track/app/bluetooth_flutter_Trace/test/ota/ota_link_stats_test.dart: nearestRank：N=1 任意分位返回唯一值
00:29 +194: /home/runner/work/E-Track/E-Track/app/bluetooth_flutter_Trace/test/ota/ota_link_stats_test.dart: nearestRank：N=100 p99 取第 99 个（ceil 语义，不插值）
00:29 +195: /home/runner/work/E-Track/E-Track/app/bluetooth_flutter_Trace/test/ota/ota_link_stats_test.dart: nearestRank：N=3 p99 取最大（ceil(2.97)=3）
00:29 +196: /home/runner/work/E-Track/E-Track/app/bluetooth_flutter_Trace/test/ota/ota_link_stats_test.dart: ACK 延迟样本规则 首发+确认恰一样本；重发不更新起点、计入重传帧
OTA_LINK_SAMPLE label=upgrade kind=segment_first_send us=273 off=0 len=128
OTA_LINK_SAMPLE label=upgrade kind=segment_retransmit us=7665 off=0 len=128
OTA_LINK_SAMPLE label=upgrade kind=ack_latency us=8269 off=0
00:29 +197: /home/runner/work/E-Track/E-Track/app/bluetooth_flutter_Trace/test/ota/ota_link_stats_test.dart: ACK 延迟样本规则 重复确认不重复采样
OTA_LINK_SAMPLE label=upgrade kind=segment_first_send us=14 off=0 len=128
OTA_LINK_SAMPLE label=upgrade kind=ack_latency us=230 off=0
00:29 +198: /home/runner/work/E-Track/E-Track/app/bluetooth_flutter_Trace/test/ota/ota_link_stats_test.dart: ACK 延迟样本规则 共享同一 ACK 的多段各自成样本（起点各异）
OTA_LINK_SAMPLE label=upgrade kind=segment_first_send us=30 off=0 len=128
OTA_LINK_SAMPLE label=upgrade kind=segment_first_send us=3126 off=128 len=128
OTA_LINK_SAMPLE label=upgrade kind=segment_first_send us=6095 off=256 len=128
OTA_LINK_SAMPLE label=upgrade kind=ack_latency us=6275 off=0
OTA_LINK_SAMPLE label=upgrade kind=ack_latency us=3179 off=128
OTA_LINK_SAMPLE label=upgrade kind=ack_latency us=210 off=256
00:29 +199: /home/runner/work/E-Track/E-Track/app/bluetooth_flutter_Trace/test/ota/ota_link_stats_test.dart: ACK 延迟样本规则 无首发记录的段跳过且不计入完整性分母
00:29 +200: /home/runner/work/E-Track/E-Track/app/bluetooth_flutter_Trace/test/ota/ota_link_stats_test.dart: ACK 延迟样本规则 fail-closed：已发送未确认段如实报 partial:missing=N
OTA_LINK_SAMPLE label=upgrade kind=segment_first_send us=12 off=0 len=128
OTA_LINK_SAMPLE label=upgrade kind=segment_first_send us=206 off=128 len=128
OTA_LINK_SAMPLE label=upgrade kind=segment_first_send us=366 off=256 len=128
OTA_LINK_SAMPLE label=upgrade kind=ack_latency us=500 off=0
OTA_LINK_SAMPLE label=upgrade kind=ack_latency us=512 off=128
OTA_LINK_SAMPLE label=upgrade kind=ack_latency us=352 off=256
00:29 +201: /home/runner/work/E-Track/E-Track/app/bluetooth_flutter_Trace/test/ota/ota_link_stats_test.dart: ACK 延迟样本规则 bitmap 确认走同一通路：置位段逐段成样本
OTA_LINK_SAMPLE label=upgrade kind=segment_first_send us=12 off=0 len=128
OTA_LINK_SAMPLE label=upgrade kind=segment_first_send us=201 off=256 len=128
OTA_LINK_SAMPLE label=upgrade kind=ack_latency us=507 off=0
OTA_LINK_SAMPLE label=upgrade kind=ack_latency us=318 off=256
00:29 +202: /home/runner/work/E-Track/E-Track/app/bluetooth_flutter_Trace/test/ota/ota_link_stats_test.dart: ACK 延迟样本规则 bitmap=0 的 BEGIN 权威确认是 no-op
00:29 +203: /home/runner/work/E-Track/E-Track/app/bluetooth_flutter_Trace/test/ota/ota_link_stats_test.dart: ACK 分类计数与 durable 推进 六类分类独立累加
00:29 +204: /home/runner/work/E-Track/E-Track/app/bluetooth_flutter_Trace/test/ota/ota_link_stats_test.dart: ACK 分类计数与 durable 推进 durable 单调去重：重复与倒退忽略
OTA_LINK_SAMPLE label=upgrade kind=durable us=149 off=4096
OTA_LINK_SAMPLE label=upgrade kind=durable us=387 off=8192
00:29 +205: /home/runner/work/E-Track/E-Track/app/bluetooth_flutter_Trace/test/ota/ota_link_stats_test.dart: 绑定与传输阶段 charsDiscovery/mtu/subscribe 幂等只记首次
00:29 +206: /home/runner/work/E-Track/E-Track/app/bluetooth_flutter_Trace/test/ota/ota_link_stats_test.dart: 绑定与传输阶段 transferStart/outcome 幂等；endAckArrival 覆盖式（END 重试取最后）
00:29 +207: /home/runner/work/E-Track/E-Track/app/bluetooth_flutter_Trace/test/ota/ota_link_stats_test.dart: 绑定与传输阶段 getInfo / gattWrite / discover / platformWrite 累计与错误计数
OTA_LINK_SAMPLE label=upgrade kind=get_info us=1000
OTA_LINK_SAMPLE label=upgrade kind=get_info us=2000
OTA_LINK_SAMPLE label=upgrade kind=gatt_write us=500 bytes=128
OTA_LINK_SAMPLE label=upgrade kind=gatt_write us=700 bytes=128 error=1
OTA_LINK_SAMPLE label=upgrade kind=discover us=900
OTA_LINK_SAMPLE label=upgrade kind=platform_write us=600 bytes=128
00:29 +208: /home/runner/work/E-Track/E-Track/app/bluetooth_flutter_Trace/test/ota/ota_link_stats_test.dart: toJson / emitSummary schema 与 transfer 域字段齐全
00:29 +209: /home/runner/work/E-Track/E-Track/app/bluetooth_flutter_Trace/test/ota/ota_link_stats_test.dart: toJson / emitSummary emitSummary 幂等：仅首次输出一行 OTA_LINK_STATS
00:29 +210: /home/runner/work/E-Track/E-Track/app/bluetooth_flutter_Trace/test/ota/ota_link_stats_test.dart: toJson / emitSummary 流式样本行格式：kind/us/off 字段
00:29 +211: loading /home/runner/work/E-Track/E-Track/app/bluetooth_flutter_Trace/test/ota/ota_ble_transport_test.dart
00:31 +211: /home/runner/work/E-Track/E-Track/app/bluetooth_flutter_Trace/test/ota/ota_ble_transport_test.dart: getDeviceInfo GET_INFO 往返解析身份，INFO session=0 且 seq 回显
00:31 +212: /home/runner/work/E-Track/E-Track/app/bluetooth_flutter_Trace/test/ota/ota_ble_transport_test.dart: getDeviceInfo 断连：写帧抛 DISCONNECTED
00:31 +213: /home/runner/work/E-Track/E-Track/app/bluetooth_flutter_Trace/test/ota/ota_ble_transport_test.dart: transfer 完整传输 8192：BEGIN→两块 DATA→END ACK OK，durable 逐块前进
OTA_MONO MONO_BUDGET_START monoUs=3 wallUs=1789513786323230
OTA_MONO MONO_BUDGET_RESET monoUs=17366 wallUs=1789513786340521 durable=4096
OTA_MONO MONO_BUDGET_RESET monoUs=33554 wallUs=1789513786356710 durable=8192
OTA_MONO MONO_END_ACK_OK monoUs=36840 wallUs=1789513786359995 durable=8192
00:31 +214: /home/runner/work/E-Track/E-Track/app/bluetooth_flutter_Trace/test/ota/ota_ble_transport_test.dart: transfer 短尾块 4096+129B：33 段，最后 1 段 1B，全部送达
OTA_MONO MONO_BUDGET_START monoUs=43491 wallUs=1789513786366645
OTA_MONO MONO_BUDGET_RESET monoUs=51601 wallUs=1789513786374759 durable=4096
OTA_MONO MONO_BUDGET_RESET monoUs=52640 wallUs=1789513786375792 durable=4225
OTA_MONO MONO_END_ACK_OK monoUs=53420 wallUs=1789513786376572 durable=4225
00:31 +215: /home/runner/work/E-Track/E-Track/app/bluetooth_flutter_Trace/test/ota/ota_ble_transport_test.dart: transfer 断点续传（真值 journal）：块 0 已提交，BEGIN 报 [4096,0]，只发块 1，SHA 跨会话前缀连续（RC3-03）
OTA_MONO MONO_BUDGET_START monoUs=58848 wallUs=1789513786382001
OTA_MONO MONO_BUDGET_RESET monoUs=59678 wallUs=1789513786382832 durable=4096
OTA_MONO MONO_BUDGET_RESET monoUs=68875 wallUs=1789513786392028 durable=8192
OTA_MONO MONO_END_ACK_OK monoUs=70666 wallUs=1789513786393820 durable=8192
00:31 +216: /home/runner/work/E-Track/E-Track/app/bluetooth_flutter_Trace/test/ota/ota_ble_transport_test.dart: transfer credit 窗口上限：windowSegments=4 时在途段不超过 4
OTA_MONO MONO_BUDGET_START monoUs=79575 wallUs=1789513786402731
OTA_MONO MONO_BUDGET_RESET monoUs=331964 wallUs=1789513786655122 durable=4096
OTA_MONO MONO_END_ACK_OK monoUs=333309 wallUs=1789513786656464 durable=4096
00:31 +217: /home/runner/work/E-Track/E-Track/app/bluetooth_flutter_Trace/test/ota/ota_ble_transport_test.dart: transfer 重复 ACK 幂等：同段双份 ACK 不破坏传输
OTA_MONO MONO_BUDGET_START monoUs=337316 wallUs=1789513786660470
OTA_MONO MONO_BUDGET_RESET monoUs=346297 wallUs=1789513786669449 durable=4096
OTA_MONO MONO_END_ACK_OK monoUs=347020 wallUs=1789513786670173 durable=4096
00:31 +218: /home/runner/work/E-Track/E-Track/app/bluetooth_flutter_Trace/test/ota/ota_ble_transport_test.dart: transfer 通知单字节分片：帧重组不受分片粒度影响
OTA_MONO MONO_BUDGET_START monoUs=349495 wallUs=1789513786672649
OTA_MONO MONO_BUDGET_RESET monoUs=369399 wallUs=1789513786692552 durable=4096
OTA_MONO MONO_END_ACK_OK monoUs=370276 wallUs=1789513786693428 durable=4096
00:31 +219: /home/runner/work/E-Track/E-Track/app/bluetooth_flutter_Trace/test/ota/ota_ble_transport_test.dart: transfer 通知流混入垃圾前缀：丢字节重同步后传输仍成功
OTA_MONO MONO_BUDGET_START monoUs=374089 wallUs=1789513786697242
OTA_MONO MONO_BUDGET_RESET monoUs=382270 wallUs=1789513786705422 durable=4096
OTA_MONO MONO_END_ACK_OK monoUs=382952 wallUs=1789513786706104 durable=4096
00:31 +220: /home/runner/work/E-Track/E-Track/app/bluetooth_flutter_Trace/test/ota/ota_ble_transport_test.dart: transfer MCU 谎报提交（落盘静默丢失）：END ERR_STATE 暴露 → resume BEGIN durable 倒退 → fail closed ACK_MALFORMED（RC3-03）
OTA_MONO MONO_BUDGET_START monoUs=385414 wallUs=1789513786708567
OTA_MONO MONO_BUDGET_RESET monoUs=392737 wallUs=1789513786715888 durable=4096
00:31 +221: /home/runner/work/E-Track/E-Track/app/bluetooth_flutter_Trace/test/ota/ota_ble_transport_test.dart: transfer abortStatuses（ERR_OTA_DISABLED）→ terminal，不重试
OTA_MONO MONO_BUDGET_START monoUs=396743 wallUs=1789513786719896
00:33 +222: /home/runner/work/E-Track/E-Track/app/bluetooth_flutter_Trace/test/ota/ota_ble_transport_test.dart: transfer BEGIN ACK 拒绝（ERR_HW_REV）→ 抛 ACK_STATUS
OTA_MONO MONO_BUDGET_START monoUs=2408380 wallUs=1789513788731537
00:33 +223: /home/runner/work/E-Track/E-Track/app/bluetooth_flutter_Trace/test/ota/ota_ble_transport_test.dart: transfer BEGIN 门禁：target_vcode 不高于当前版本 → ERR_VERSION（RC3-03⑤）
OTA_MONO MONO_BUDGET_START monoUs=2411803 wallUs=1789513788734959
00:33 +224: /home/runner/work/E-Track/E-Track/app/bluetooth_flutter_Trace/test/ota/ota_ble_transport_test.dart: transfer BEGIN 门禁：ETU 头内容与 CRC 不符 → ERR_HDR（RC3-03⑤）
OTA_MONO MONO_BUDGET_START monoUs=2414896 wallUs=1789513788738049
00:33 +225: /home/runner/work/E-Track/E-Track/app/bluetooth_flutter_Trace/test/ota/ota_ble_transport_test.dart: transfer BEGIN 门禁：patch 的 base_vcode 不匹配设备当前版本 → ERR_BASE（RC3-03）
OTA_MONO MONO_BUDGET_START monoUs=2417964 wallUs=1789513788741118
00:33 +226: /home/runner/work/E-Track/E-Track/app/bluetooth_flutter_Trace/test/ota/ota_ble_transport_test.dart: transfer BEGIN 门禁：patch 的 base_sha8 与设备镜像摘要不符 → ERR_BASE（RC3-03）
OTA_MONO MONO_BUDGET_START monoUs=2421005 wallUs=1789513788744159
00:33 +227: /home/runner/work/E-Track/E-Track/app/bluetooth_flutter_Trace/test/ota/ota_ble_transport_test.dart: transfer BEGIN 门禁：patch payload_len 不大于内层头 40B → ERR_LEN（RC3-03）
OTA_MONO MONO_BUDGET_START monoUs=2424151 wallUs=1789513788747304
00:33 +228: /home/runner/work/E-Track/E-Track/app/bluetooth_flutter_Trace/test/ota/ota_ble_transport_test.dart: transfer BEGIN 门禁：patch base 域与长度全部合法 → 放行（RC3-03 反向）
OTA_MONO MONO_BUDGET_START monoUs=2426525 wallUs=1789513788749678
OTA_MONO MONO_BUDGET_RESET monoUs=2433890 wallUs=1789513788757042 durable=4096
OTA_MONO MONO_END_ACK_OK monoUs=2434565 wallUs=1789513788757717 durable=4096
00:33 +229: /home/runner/work/E-Track/E-Track/app/bluetooth_flutter_Trace/test/ota/ota_ble_transport_test.dart: transfer BEGIN 门禁：full 的 payload_len=0 落 ERR_LEN 而非 ERR_BASE（RC3-03）
OTA_MONO MONO_BUDGET_START monoUs=2437274 wallUs=1789513788760426
00:33 +230: /home/runner/work/E-Track/E-Track/app/bluetooth_flutter_Trace/test/ota/ota_ble_transport_test.dart: transfer BEGIN 门禁：full 携带非零 base_sha8 仍是 ERR_BASE（RC3-03 反向）
OTA_MONO MONO_BUDGET_START monoUs=2439665 wallUs=1789513788762817
00:33 +231: /home/runner/work/E-Track/E-Track/app/bluetooth_flutter_Trace/test/ota/ota_ble_transport_test.dart: transfer fake 门禁：越当前 4KB 窗的段 → ERR_OFFSET（RC3-03⑤）
00:33 +232: /home/runner/work/E-Track/E-Track/app/bluetooth_flutter_Trace/test/ota/ota_ble_transport_test.dart: transfer 未知 ACK status → ACK 解析失败（fail closed）
OTA_MONO MONO_BUDGET_START monoUs=2444583 wallUs=1789513788767735
OTA_MONO MONO_BUDGET_RESET monoUs=4454301 wallUs=1789513790777458 durable=4096
00:35 +233: /home/runner/work/E-Track/E-Track/app/bluetooth_flutter_Trace/test/ota/ota_ble_transport_test.dart: transfer 全丢 ACK：DATA 照常提交，内部 ABORT+BEGIN 用 journal 恢复后 END 合法成功（RC3-02⑤）
OTA_MONO MONO_BUDGET_START monoUs=4457656 wallUs=1789513790780809
OTA_MONO MONO_BUDGET_RESET monoUs=4591913 wallUs=1789513790915069 durable=4096
OTA_MONO MONO_END_ACK_OK monoUs=4592639 wallUs=1789513790915793 durable=4096
00:35 +234: /home/runner/work/E-Track/E-Track/app/bluetooth_flutter_Trace/test/ota/ota_ble_transport_test.dart: transfer 无 ACK 且无 resume 余量（retries=0）：重发超限抛 TIMEOUT，journal 保留可续传（RC3-02⑤）
OTA_MONO MONO_BUDGET_START monoUs=4595699 wallUs=1789513790918853
OTA_MONO MONO_BUDGET_START monoUs=4665595 wallUs=1789513790988754
OTA_MONO MONO_BUDGET_RESET monoUs=4666481 wallUs=1789513790989646 durable=4096
OTA_MONO MONO_END_ACK_OK monoUs=4667091 wallUs=1789513790990244 durable=4096
00:35 +235: /home/runner/work/E-Track/E-Track/app/bluetooth_flutter_Trace/test/ota/ota_ble_transport_test.dart: transfer 无 durable 进展超时：NO_DURABLE_PROGRESS 中止
OTA_MONO MONO_BUDGET_START monoUs=4669861 wallUs=1789513790993014
OTA_MONO MONO_FAIL_AT monoUs=4970038 wallUs=1789513791293192 code=NO_DURABLE_PROGRESS
00:36 +236: /home/runner/work/E-Track/E-Track/app/bluetooth_flutter_Trace/test/ota/ota_ble_transport_test.dart: transfer 取消 mid-transfer：抛 CANCELLED 且停止发送循环
OTA_MONO MONO_BUDGET_START monoUs=4973139 wallUs=1789513791296293
OTA_MONO MONO_WRITE_STOP monoUs=5075474 wallUs=1789513791398634
00:36 +237: /home/runner/work/E-Track/E-Track/app/bluetooth_flutter_Trace/test/ota/ota_ble_transport_test.dart: transfer END ACK 非 OK（ERR_SHA）→ isOk false
OTA_MONO MONO_BUDGET_START monoUs=5181461 wallUs=1789513791504619
OTA_MONO MONO_BUDGET_RESET monoUs=5186396 wallUs=1789513791509549 durable=4096
OTA_MONO MONO_END_ACK_OK monoUs=5187134 wallUs=1789513791510287 durable=4096
00:36 +238: /home/runner/work/E-Track/E-Track/app/bluetooth_flutter_Trace/test/ota/ota_ble_transport_test.dart: transfer abortBestEffort：连接断开时静默失败不抛
OTA_MONO MONO_WRITE_STOP monoUs=5189191 wallUs=1789513791512344
00:36 +239: /home/runner/work/E-Track/E-Track/app/bluetooth_flutter_Trace/test/ota/ota_ble_transport_test.dart: transfer dispose 后复用抛 DISPOSED
00:36 +240: /home/runner/work/E-Track/E-Track/app/bluetooth_flutter_Trace/test/ota/ota_ble_transport_test.dart: MCU 会话真值对照（RC2-05/06） DATA 回 ERR_SEQ（expected_seq 失配）：ABORT+BEGIN 重对齐后续传成功
OTA_MONO MONO_BUDGET_START monoUs=5193962 wallUs=1789513791517115
OTA_MONO MONO_BUDGET_RESET monoUs=5412621 wallUs=1789513791735776 durable=4096
OTA_MONO MONO_END_ACK_OK monoUs=5413434 wallUs=1789513791736588 durable=4096
00:36 +241: /home/runner/work/E-Track/E-Track/app/bluetooth_flutter_Trace/test/ota/ota_ble_transport_test.dart: MCU 会话真值对照（RC2-05/06） 同一发窗内连环 ERR_SEQ 只消耗一次恢复预算（retries=1 仍成功，RC3-06）
OTA_MONO MONO_BUDGET_START monoUs=5424485 wallUs=1789513791747637
OTA_MONO MONO_BUDGET_RESET monoUs=5635146 wallUs=1789513791958302 durable=4096
OTA_MONO MONO_END_ACK_OK monoUs=5636329 wallUs=1789513791959485 durable=4096
00:36 +242: /home/runner/work/E-Track/E-Track/app/bluetooth_flutter_Trace/test/ota/ota_ble_transport_test.dart: MCU 会话真值对照（RC2-05/06） 恢复预算耗尽后不再重新 BEGIN：第二次 ERR_SEQ 抛 ACK_STATUS（RC3-06）
OTA_MONO MONO_BUDGET_START monoUs=5639847 wallUs=1789513791963002
00:37 +243: /home/runner/work/E-Track/E-Track/app/bluetooth_flutter_Trace/test/ota/ota_ble_transport_test.dart: MCU 会话真值对照（RC2-05/06） BEGIN ACK 丢失：重试复用同一 seq，MCU 幂等回进度（expected_seq 未重置）后传输成功
OTA_MONO MONO_BUDGET_START monoUs=6057041 wallUs=1789513792380197
OTA_MONO MONO_BUDGET_RESET monoUs=6114552 wallUs=1789513792437707 durable=4096
OTA_MONO MONO_END_ACK_OK monoUs=6115268 wallUs=1789513792438422 durable=4096
00:37 +244: /home/runner/work/E-Track/E-Track/app/bluetooth_flutter_Trace/test/ota/ota_ble_transport_test.dart: MCU 会话真值对照（RC2-05/06） 丢部分 DATA ACK：MCU 位图权威置位，窗口按位图回收不重发（RC2-05）
OTA_MONO MONO_BUDGET_START monoUs=6118048 wallUs=1789513792441202
OTA_MONO MONO_BUDGET_RESET monoUs=6123194 wallUs=1789513792446347 durable=4096
OTA_MONO MONO_END_ACK_OK monoUs=6123777 wallUs=1789513792446930 durable=4096
00:37 +245: /home/runner/work/E-Track/E-Track/app/bluetooth_flutter_Trace/test/ota/ota_ble_transport_test.dart: MCU 会话真值对照（RC2-05/06） 未知 seq 的 ACK_DATA 到达：整帧忽略，不覆盖权威进度（RC2-06）
OTA_MONO MONO_BUDGET_START monoUs=6126267 wallUs=1789513792449419
OTA_MONO MONO_BUDGET_RESET monoUs=6130956 wallUs=1789513792454108 durable=4096
OTA_MONO MONO_END_ACK_OK monoUs=6131512 wallUs=1789513792454664 durable=4096
00:37 +246: /home/runner/work/E-Track/E-Track/app/bluetooth_flutter_Trace/test/ota/ota_ble_transport_test.dart: MCU 会话真值对照（RC2-05/06） durable 倒退的 ACK：fail closed 抛 ACK_MALFORMED（RC2-06）
OTA_MONO MONO_BUDGET_START monoUs=6133752 wallUs=1789513792456904
OTA_MONO MONO_BUDGET_RESET monoUs=6139788 wallUs=1789513792462949 durable=4096
OTA_MONO MONO_BUDGET_RESET monoUs=6144356 wallUs=1789513792467508 durable=8192
00:37 +247: /home/runner/work/E-Track/E-Track/app/bluetooth_flutter_Trace/test/ota/ota_ble_transport_test.dart: MCU 会话真值对照（RC2-05/06） abortBestEffort 连接正常：MCU 回 ACK ABORTED 并 teardown，此后无 DATA/END 帧
OTA_MONO MONO_WRITE_STOP monoUs=6147148 wallUs=1789513792470301
00:37 +248: /home/runner/work/E-Track/E-Track/app/bluetooth_flutter_Trace/test/ota/ota_ble_transport_test.dart: MCU 会话真值对照（RC2-05/06） MCU 真值自检：同包重复 BEGIN 不重置 expected_seq
00:37 +249: /home/runner/work/E-Track/E-Track/app/bluetooth_flutter_Trace/test/ota/ota_ble_transport_test.dart: RC3 忠实模型与 fail closed 回归 块尾段 ACK 丢失：重发触发幂等 ACK 携带 durable 前移，跨块回收在途窗口（RC3-06）
OTA_MONO MONO_BUDGET_START monoUs=6205022 wallUs=1789513792528179
OTA_MONO MONO_BUDGET_RESET monoUs=8211550 wallUs=1789513794534707 durable=4096
OTA_MONO MONO_BUDGET_RESET monoUs=8218088 wallUs=1789513794541241 durable=8192
OTA_MONO MONO_END_ACK_OK monoUs=8218851 wallUs=1789513794542004 durable=8192
00:39 +250: /home/runner/work/E-Track/E-Track/app/bluetooth_flutter_Trace/test/ota/ota_ble_transport_test.dart: RC3 忠实模型与 fail closed 回归 BEGIN ACK durable 伪跳跃（> total）：fail closed 抛 ACK_MALFORMED（RC3-06）
OTA_MONO MONO_BUDGET_START monoUs=8222216 wallUs=1789513794545369
00:39 +251: /home/runner/work/E-Track/E-Track/app/bluetooth_flutter_Trace/test/ota/ota_ble_transport_test.dart: RC3 忠实模型与 fail closed 回归 BEGIN ACK bitmap 越出所属块有效位：fail closed 抛 ACK_MALFORMED（RC3-06）
OTA_MONO MONO_BUDGET_START monoUs=8225462 wallUs=1789513794548614
00:39 +252: /home/runner/work/E-Track/E-Track/app/bluetooth_flutter_Trace/test/ota/ota_ble_transport_test.dart: RC3 忠实模型与 fail closed 回归 END ACK 报 OK 但 durable != total：fail closed 抛 ACK_MALFORMED（RC3-06）
OTA_MONO MONO_BUDGET_START monoUs=8227934 wallUs=1789513794551087
OTA_MONO MONO_BUDGET_RESET monoUs=8232786 wallUs=1789513794555955 durable=4096
00:39 +253: /home/runner/work/E-Track/E-Track/app/bluetooth_flutter_Trace/test/ota/ota_ble_transport_test.dart: RC3 忠实模型与 fail closed 回归 MCU 会话超时主动 teardown：异步 rspAckAbort ABORTED → terminal（RC3-06）
OTA_MONO MONO_BUDGET_START monoUs=8237295 wallUs=1789513794560448
00:41 +254: /home/runner/work/E-Track/E-Track/app/bluetooth_flutter_Trace/test/ota/ota_ble_transport_test.dart: RC3 忠实模型与 fail closed 回归 BEGIN ACK 全丢：无 durable 进展预算优先于重试空转（RC3-07）
OTA_MONO MONO_BUDGET_START monoUs=10246419 wallUs=1789513796569577
OTA_MONO MONO_FAIL_AT monoUs=10546460 wallUs=1789513796869617 code=NO_DURABLE_PROGRESS
00:41 +255: /home/runner/work/E-Track/E-Track/app/bluetooth_flutter_Trace/test/ota/ota_ble_transport_test.dart: RC3 忠实模型与 fail closed 回归 MTU=23 下取消：在途 DATA 写完后 ABORT 从帧边界发出，无半帧残留（RC3-05⑤）
OTA_MONO MONO_BUDGET_START monoUs=10549679 wallUs=1789513796872833
OTA_MONO MONO_WRITE_STOP monoUs=10651040 wallUs=1789513796974195
00:41 +256: /home/runner/work/E-Track/E-Track/app/bluetooth_flutter_Trace/test/ota/ota_ble_transport_test.dart: RC3 忠实模型与 fail closed 回归 快速重连 MCU 仍 ACTIVE：低 seq BEGIN 幂等不重置 expected_seq，落后 DATA 幂等 ACK 不带写入确认 → ERR_STATE 立即 resume 重对齐（RC3-08）
OTA_MONO MONO_BUDGET_START monoUs=10655353 wallUs=1789513796978503
OTA_MONO MONO_BUDGET_RESET monoUs=10764757 wallUs=1789513797087908 durable=4096
OTA_MONO MONO_END_ACK_OK monoUs=10765611 wallUs=1789513797088762 durable=4096
00:42 +257: /home/runner/work/E-Track/E-Track/app/bluetooth_flutter_Trace/test/ota/ota_ble_transport_test.dart: RC3 忠实模型与 fail closed 回归 慢 ACK（单片接近 ackTimeout）不误杀：整包正常完成（RC3-07）
OTA_MONO MONO_BUDGET_START monoUs=10768479 wallUs=1789513797091629
OTA_MONO MONO_BUDGET_RESET monoUs=11418007 wallUs=1789513797741160 durable=4096
OTA_MONO MONO_END_ACK_OK monoUs=11418785 wallUs=1789513797741936 durable=4096
00:42 +258: /home/runner/work/E-Track/E-Track/app/bluetooth_flutter_Trace/test/ota/ota_ble_transport_test.dart: RC3 忠实模型与 fail closed 回归 DATA ACK durable 跨块伪跳跃：8192B 包首块在途 ACK 报 durable=8192 → fail closed ACK_MALFORMED（RC3-06）
OTA_MONO MONO_BUDGET_START monoUs=11421489 wallUs=1789513797744639
OTA_MONO MONO_BUDGET_RESET monoUs=11426272 wallUs=1789513797749422 durable=4096
00:42 +259: /home/runner/work/E-Track/E-Track/app/bluetooth_flutter_Trace/test/ota/ota_ble_transport_test.dart: RC3 忠实模型与 fail closed 回归 合法 durable 前移（一个块跨度）不被误杀：块尾 ACK 携带提交（RC3-06 反例）
OTA_MONO MONO_BUDGET_START monoUs=11428628 wallUs=1789513797751778
OTA_MONO MONO_BUDGET_RESET monoUs=11434476 wallUs=1789513797757626 durable=4096
OTA_MONO MONO_BUDGET_RESET monoUs=11440212 wallUs=1789513797763361 durable=8192
OTA_MONO MONO_END_ACK_OK monoUs=11440823 wallUs=1789513797763973 durable=8192
00:42 +260: /home/runner/work/E-Track/E-Track/app/bluetooth_flutter_Trace/test/ota/ota_ble_transport_test.dart: RC3 忠实模型与 fail closed 回归 块尾提交不得掩盖在途畸形 ACK：块结束消费锁存错误，不进 END（RC3-06⑤）
OTA_MONO MONO_BUDGET_START monoUs=11442979 wallUs=1789513797766128
OTA_MONO MONO_BUDGET_RESET monoUs=11446779 wallUs=1789513797769928 durable=4096
00:42 +261: /home/runner/work/E-Track/E-Track/app/bluetooth_flutter_Trace/test/ota/ota_ble_transport_test.dart: RC3 忠实模型与 fail closed 回归 BEGIN ACK 帧头 session 与 payload session 不一致：fail closed ACK_MALFORMED（RC3-06）
OTA_MONO MONO_BUDGET_START monoUs=11448904 wallUs=1789513797772053
00:42 +262: /home/runner/work/E-Track/E-Track/app/bluetooth_flutter_Trace/test/ota/ota_ble_transport_test.dart: RC3 忠实模型与 fail closed 回归 END ACK OK 但 bitmap 越出尾块有效位：fail closed ACK_MALFORMED（RC3-06）
OTA_MONO MONO_BUDGET_START monoUs=11451398 wallUs=1789513797774548
OTA_MONO MONO_BUDGET_RESET monoUs=11454168 wallUs=1789513797777317 durable=2560
00:42 +263: /home/runner/work/E-Track/E-Track/app/bluetooth_flutter_Trace/test/ota/ota_ble_transport_test.dart: RC3 忠实模型与 fail closed 回归 内容级流式摘要：复述一致但 BEGIN sha 与内容不符 → END ERR_SHA（RC3-03 oracle 鉴别力）
OTA_MONO MONO_BUDGET_START monoUs=11456455 wallUs=1789513797779604
OTA_MONO MONO_BUDGET_RESET monoUs=11460499 wallUs=1789513797783648 durable=4096
OTA_MONO MONO_END_ACK_OK monoUs=11461043 wallUs=1789513797784193 durable=4096
00:42 +264: /home/runner/work/E-Track/E-Track/app/bluetooth_flutter_Trace/test/ota/ota_ble_transport_test.dart: RC3 忠实模型与 fail closed 回归 ERR_DATA：同 offset 不同内容 → ABORTED + teardown，不喂摘要（RC3-03 fake 真值自检）
00:42 +265: /home/runner/work/E-Track/E-Track/app/bluetooth_flutter_Trace/test/ota/ota_ble_transport_test.dart: RC3 忠实模型与 fail closed 回归 慢写 + 小 MTU：单片不超写超时、累计超预算在片间被 cap 拦截（RC3-07⑤）
OTA_MONO MONO_BUDGET_START monoUs=11464982 wallUs=1789513797788131
OTA_MONO MONO_FAIL_AT monoUs=11985111 wallUs=1789513798308263 code=WRITE_TIMEOUT
00:43 +266: /home/runner/work/E-Track/E-Track/app/bluetooth_flutter_Trace/test/ota/ota_ble_transport_test.dart: RC3 忠实模型与 fail closed 回归 接近预算耗尽的写挂起：终止发布不得超出 durable 预算（RC3-07⑤）
OTA_MONO MONO_BUDGET_START monoUs=12140287 wallUs=1789513798463438
OTA_MONO MONO_FAIL_AT monoUs=13641141 wallUs=1789513799964293 code=WRITE_TIMEOUT
00:44 +267: /home/runner/work/E-Track/E-Track/app/bluetooth_flutter_Trace/test/ota/ota_ble_transport_test.dart: RC3 忠实模型与 fail closed 回归 写超时后迟到成功：仍抛 WRITE_TIMEOUT，终止发布等到迟到写落地（RC3-07⑤）
OTA_MONO MONO_BUDGET_START monoUs=13645243 wallUs=1789513799968394
OTA_MONO MONO_FAIL_AT monoUs=13847256 wallUs=1789513800170408 code=WRITE_TIMEOUT
00:45 +268: /home/runner/work/E-Track/E-Track/app/bluetooth_flutter_Trace/test/ota/ota_ble_transport_test.dart: RC3 忠实模型与 fail closed 回归 写超时后迟到错误：迟到错误不覆盖本帧 WRITE_TIMEOUT 语义（RC3-07⑤）
OTA_MONO MONO_BUDGET_START monoUs=13850901 wallUs=1789513800174051
OTA_MONO MONO_FAIL_AT monoUs=14052451 wallUs=1789513800375603 code=WRITE_TIMEOUT
00:45 +269: /home/runner/work/E-Track/E-Track/app/bluetooth_flutter_Trace/test/ota/ota_ble_transport_test.dart: RC3 忠实模型与 fail closed 回归 预算耗尽前取消交错：settle 宽限被预算截断，提前放行的 ABORT 不得与迟到半帧交错（RC3-07⑤）
OTA_MONO MONO_BUDGET_START monoUs=14056098 wallUs=1789513800379249
OTA_MONO MONO_WRITE_STOP monoUs=14107030 wallUs=1789513800430182
OTA_MONO MONO_FAIL_AT monoUs=14656090 wallUs=1789513800979243 code=WRITE_TIMEOUT
00:46 +270: /home/runner/work/E-Track/E-Track/app/bluetooth_flutter_Trace/test/ota/ota_ble_transport_test.dart: RC3 忠实模型与 fail closed 回归 半帧后排队的写在启动时复核通道：取消提前入队的 ABORT 不得写进悬空帧（RC3-05⑤）
OTA_MONO MONO_BUDGET_START monoUs=15661686 wallUs=1789513801984837
OTA_MONO MONO_WRITE_STOP monoUs=15703002 wallUs=1789513802026154
OTA_MONO MONO_FAIL_AT monoUs=15844102 wallUs=1789513802167254 code=WRITE_TIMEOUT
00:47 +271: /home/runner/work/E-Track/E-Track/app/bluetooth_flutter_Trace/test/ota/ota_ble_transport_test.dart: RC3 忠实模型与 fail closed 回归 分片写底层报错同样留下半帧：写通道废弃，尽力 ABORT 被拒（RC3-05⑤）
OTA_MONO MONO_BUDGET_START monoUs=16099445 wallUs=1789513802422596
OTA_MONO MONO_WRITE_STOP monoUs=16100635 wallUs=1789513802423785
00:47 +272: /home/runner/work/E-Track/E-Track/app/bluetooth_flutter_Trace/test/ota/ota_ble_transport_test.dart: RC3 忠实模型与 fail closed 回归 迟到写不污染后来的会话：同设备换包装对象与真实重连都仍拒写，GET_INFO 探针证明重新同步后才放行（RC3-05⑤）
OTA_MONO MONO_BUDGET_START monoUs=16104179 wallUs=1789513802427330
00:48 +273: /home/runner/work/E-Track/E-Track/app/bluetooth_flutter_Trace/test/ota/ota_ble_transport_test.dart: RC3 忠实模型与 fail closed 回归 设备复位后重新同步：本端仍 fail-closed，探针一次即成且不产生坏帧（RC3-05⑤）
OTA_MONO MONO_BUDGET_START monoUs=17715021 wallUs=1789513804038173
00:48 +274: /home/runner/work/E-Track/E-Track/app/bluetooth_flutter_Trace/test/ota/ota_ble_transport_test.dart: RC3 忠实模型与 fail closed 回归 在途旧物理写未结算时，INFO 应答不得解除隔离（RC3-05⑤ 迟到写）
OTA_MONO MONO_BUDGET_START monoUs=17719436 wallUs=1789513804042586
OTA_MONO MONO_FAIL_AT monoUs=18323171 wallUs=1789513804646323 code=WRITE_TIMEOUT
OTA_MONO MONO_WRITE_STOP monoUs=20226378 wallUs=1789513806549531
00:51 +275: /home/runner/work/E-Track/E-Track/app/bluetooth_flutter_Trace/test/ota/ota_ble_transport_test.dart: RC3 忠实模型与 fail closed 回归 隔离前发出的旧 INFO 重放不得解除隔离：查询 seq 按设备分配（RC3-05⑤ 跨实例串号）
OTA_MONO MONO_BUDGET_START monoUs=20230569 wallUs=1789513806553720
OTA_MONO MONO_WRITE_STOP monoUs=20333388 wallUs=1789513806656541
00:51 +276: /home/runner/work/E-Track/E-Track/app/bluetooth_flutter_Trace/test/ota/ota_ble_transport_test.dart: RC3 忠实模型与 fail closed 回归 恢复探针写卡死：端到端预算封顶写/结算等待，到期退休且不解除隔离（RC3-07 黑洞）
OTA_MONO MONO_BUDGET_START monoUs=20338154 wallUs=1789513806661305
OTA_MONO MONO_FAIL_AT monoUs=36340079 wallUs=1789513822663232 code=WRITE_TIMEOUT
01:07 +277: /home/runner/work/E-Track/E-Track/app/bluetooth_flutter_Trace/test/ota/ota_ble_transport_test.dart: RC3 忠实模型与 fail closed 回归 探针写完成但 INFO 迟到于恢复预算：到期退休后迟到 INFO 不解除隔离（RC3-07 迟应答）
OTA_MONO MONO_BUDGET_START monoUs=36345787 wallUs=1789513822668954
01:29 +278: /home/runner/work/E-Track/E-Track/app/bluetooth_flutter_Trace/test/ota/ota_ble_transport_test.dart: RC3 忠实模型与 fail closed 回归 后台暂停/恢复：发窗在帧边界挂起，恢复后传输完成（RC3-08）
OTA_MONO MONO_BUDGET_START monoUs=58351354 wallUs=1789513844674505
OTA_MONO MONO_PAUSE monoUs=58552199 wallUs=1789513844875351
OTA_MONO MONO_RESUME monoUs=59754302 wallUs=1789513846077454
OTA_MONO MONO_BUDGET_RESET monoUs=60362923 wallUs=1789513846686075 durable=4096
OTA_MONO MONO_END_ACK_OK monoUs=60363740 wallUs=1789513846686891 durable=4096
01:31 +279: /home/runner/work/E-Track/E-Track/app/bluetooth_flutter_Trace/test/ota/ota_ble_transport_test.dart: RC3 忠实模型与 fail closed 回归 传输在途 GET_INFO 复核不占会话 seq：DATA 连续不被 ERR_SEQ 打断（RC3-08⑦）
OTA_MONO MONO_BUDGET_START monoUs=60366607 wallUs=1789513846689757
OTA_MONO MONO_BUDGET_RESET monoUs=60422916 wallUs=1789513846746066 durable=4096
OTA_MONO MONO_END_ACK_OK monoUs=60423508 wallUs=1789513846746658 durable=4096
01:31 +280: /home/runner/work/E-Track/E-Track/app/bluetooth_flutter_Trace/test/ota/ota_ble_transport_test.dart: RC3 忠实模型与 fail closed 回归 暂停挂起中取消：闸门解除不死锁，CANCELLED 立即返回（RC3-08）
OTA_MONO MONO_BUDGET_START monoUs=60425932 wallUs=1789513846749081
OTA_MONO MONO_PAUSE monoUs=60476956 wallUs=1789513846800106
OTA_MONO MONO_WRITE_STOP monoUs=61078082 wallUs=1789513847401233
01:32 +281: /home/runner/work/E-Track/E-Track/app/bluetooth_flutter_Trace/test/ota/ota_ble_transport_test.dart: RC3 忠实模型与 fail closed 回归 延迟写期间取消：命令等待者错误不逃逸为 uncaught async error（RC3-02/04⑦）
OTA_MONO MONO_WRITE_STOP monoUs=61087955 wallUs=1789513847411105
01:32 +282: /home/runner/work/E-Track/E-Track/app/bluetooth_flutter_Trace/test/ota/ota_ble_transport_test.dart: RC3 忠实模型与 fail closed 回归 延迟写期间释放：命令等待者错误不逃逸为 uncaught async error（RC3-02/04⑦）
01:32 +283: /home/runner/work/E-Track/E-Track/app/bluetooth_flutter_Trace/test/ota/ota_ble_transport_test.dart: RC3 忠实模型与 fail closed 回归 延迟写期间通知流报错：命令等待者错误不逃逸为 uncaught async error（RC3-02/04⑦）
01:32 +284: /home/runner/work/E-Track/E-Track/app/bluetooth_flutter_Trace/test/ota/ota_ble_transport_test.dart: P3-4 链路观测接线（OtaLinkStats） clean run 8192：每唯一段恰一 ACK 样本，摘要完整、outcome=ok
OTA_MONO MONO_BUDGET_START monoUs=61325247 wallUs=1789513847648398
OTA_LINK_SAMPLE label=upgrade kind=durable us=1383 off=0
OTA_LINK_SAMPLE label=upgrade kind=segment_first_send us=2096 off=0 len=128
OTA_LINK_SAMPLE label=upgrade kind=segment_first_send us=2501 off=128 len=128
OTA_LINK_SAMPLE label=upgrade kind=segment_first_send us=2826 off=256 len=128
OTA_LINK_SAMPLE label=upgrade kind=segment_first_send us=3118 off=384 len=128
OTA_LINK_SAMPLE label=upgrade kind=segment_first_send us=3407 off=512 len=128
OTA_LINK_SAMPLE label=upgrade kind=segment_first_send us=3667 off=640 len=128
OTA_LINK_SAMPLE label=upgrade kind=segment_first_send us=3980 off=768 len=128
OTA_LINK_SAMPLE label=upgrade kind=segment_first_send us=4267 off=896 len=128
OTA_LINK_SAMPLE label=upgrade kind=segment_first_send us=4530 off=1024 len=128
OTA_LINK_SAMPLE label=upgrade kind=segment_first_send us=4820 off=1152 len=128
OTA_LINK_SAMPLE label=upgrade kind=segment_first_send us=5082 off=1280 len=128
OTA_LINK_SAMPLE label=upgrade kind=segment_first_send us=5349 off=1408 len=128
OTA_LINK_SAMPLE label=upgrade kind=segment_first_send us=5614 off=1536 len=128
OTA_LINK_SAMPLE label=upgrade kind=segment_first_send us=5890 off=1664 len=128
OTA_LINK_SAMPLE label=upgrade kind=segment_first_send us=6163 off=1792 len=128
OTA_LINK_SAMPLE label=upgrade kind=segment_first_send us=6432 off=1920 len=128
OTA_LINK_SAMPLE label=upgrade kind=segment_first_send us=6689 off=2048 len=128
OTA_LINK_SAMPLE label=upgrade kind=segment_first_send us=6974 off=2176 len=128
OTA_LINK_SAMPLE label=upgrade kind=segment_first_send us=7253 off=2304 len=128
OTA_LINK_SAMPLE label=upgrade kind=segment_first_send us=7525 off=2432 len=128
OTA_LINK_SAMPLE label=upgrade kind=segment_first_send us=7811 off=2560 len=128
OTA_LINK_SAMPLE label=upgrade kind=segment_first_send us=8084 off=2688 len=128
OTA_LINK_SAMPLE label=upgrade kind=segment_first_send us=8360 off=2816 len=128
OTA_LINK_SAMPLE label=upgrade kind=segment_first_send us=8643 off=2944 len=128
OTA_LINK_SAMPLE label=upgrade kind=segment_first_send us=8920 off=3072 len=128
OTA_LINK_SAMPLE label=upgrade kind=segment_first_send us=9187 off=3200 len=128
OTA_LINK_SAMPLE label=upgrade kind=segment_first_send us=9443 off=3328 len=128
OTA_LINK_SAMPLE label=upgrade kind=segment_first_send us=9727 off=3456 len=128
OTA_LINK_SAMPLE label=upgrade kind=segment_first_send us=10244 off=3584 len=128
OTA_LINK_SAMPLE label=upgrade kind=segment_first_send us=10565 off=3712 len=128
OTA_LINK_SAMPLE label=upgrade kind=segment_first_send us=11239 off=3840 len=128
OTA_LINK_SAMPLE label=upgrade kind=segment_first_send us=11781 off=3968 len=128
OTA_LINK_SAMPLE label=upgrade kind=ack_latency us=10461 off=0
OTA_LINK_SAMPLE label=upgrade kind=ack_latency us=10712 off=128
OTA_LINK_SAMPLE label=upgrade kind=ack_latency us=10763 off=256
OTA_LINK_SAMPLE label=upgrade kind=ack_latency us=10787 off=384
OTA_LINK_SAMPLE label=upgrade kind=ack_latency us=10697 off=512
OTA_LINK_SAMPLE label=upgrade kind=ack_latency us=10605 off=640
OTA_LINK_SAMPLE label=upgrade kind=ack_latency us=10463 off=768
OTA_LINK_SAMPLE label=upgrade kind=ack_latency us=10328 off=896
OTA_LINK_SAMPLE label=upgrade kind=ack_latency us=10217 off=1024
OTA_LINK_SAMPLE label=upgrade kind=ack_latency us=10110 off=1152
OTA_LINK_SAMPLE label=upgrade kind=ack_latency us=10030 off=1280
OTA_LINK_SAMPLE label=upgrade kind=ack_latency us=9930 off=1408
OTA_LINK_SAMPLE label=upgrade kind=ack_latency us=9844 off=1536
OTA_LINK_SAMPLE label=upgrade kind=ack_latency us=9763 off=1664
OTA_LINK_SAMPLE label=upgrade kind=ack_latency us=9662 off=1792
OTA_LINK_SAMPLE label=upgrade kind=ack_latency us=9558 off=1920
OTA_LINK_SAMPLE label=upgrade kind=ack_latency us=9446 off=2048
OTA_LINK_SAMPLE label=upgrade kind=ack_latency us=9273 off=2176
OTA_LINK_SAMPLE label=upgrade kind=ack_latency us=9091 off=2304
OTA_LINK_SAMPLE label=upgrade kind=ack_latency us=8925 off=2432
OTA_LINK_SAMPLE label=upgrade kind=ack_latency us=8743 off=2560
OTA_LINK_SAMPLE label=upgrade kind=ack_latency us=8561 off=2688
OTA_LINK_SAMPLE label=upgrade kind=ack_latency us=8367 off=2816
OTA_LINK_SAMPLE label=upgrade kind=ack_latency us=8186 off=2944
OTA_LINK_SAMPLE label=upgrade kind=ack_latency us=8019 off=3072
OTA_LINK_SAMPLE label=upgrade kind=ack_latency us=7830 off=3200
OTA_LINK_SAMPLE label=upgrade kind=ack_latency us=7652 off=3328
OTA_LINK_SAMPLE label=upgrade kind=ack_latency us=7445 off=3456
OTA_LINK_SAMPLE label=upgrade kind=ack_latency us=7010 off=3584
OTA_LINK_SAMPLE label=upgrade kind=ack_latency us=6898 off=3712
OTA_LINK_SAMPLE label=upgrade kind=ack_latency us=6584 off=3840
OTA_LINK_SAMPLE label=upgrade kind=ack_latency us=6261 off=3968
OTA_LINK_SAMPLE label=upgrade kind=durable us=18155 off=4096
OTA_MONO MONO_BUDGET_RESET monoUs=61343271 wallUs=1789513847666421 durable=4096
OTA_LINK_SAMPLE label=upgrade kind=segment_first_send us=18583 off=4096 len=128
OTA_LINK_SAMPLE label=upgrade kind=segment_first_send us=18922 off=4224 len=128
OTA_LINK_SAMPLE label=upgrade kind=segment_first_send us=19193 off=4352 len=128
OTA_LINK_SAMPLE label=upgrade kind=segment_first_send us=19451 off=4480 len=128
OTA_LINK_SAMPLE label=upgrade kind=segment_first_send us=19733 off=4608 len=128
OTA_LINK_SAMPLE label=upgrade kind=segment_first_send us=20010 off=4736 len=128
OTA_LINK_SAMPLE label=upgrade kind=segment_first_send us=20252 off=4864 len=128
OTA_LINK_SAMPLE label=upgrade kind=segment_first_send us=20545 off=4992 len=128
OTA_LINK_SAMPLE label=upgrade kind=segment_first_send us=20842 off=5120 len=128
OTA_LINK_SAMPLE label=upgrade kind=segment_first_send us=21121 off=5248 len=128
OTA_LINK_SAMPLE label=upgrade kind=segment_first_send us=21373 off=5376 len=128
OTA_LINK_SAMPLE label=upgrade kind=segment_first_send us=21620 off=5504 len=128
OTA_LINK_SAMPLE label=upgrade kind=segment_first_send us=21886 off=5632 len=128
OTA_LINK_SAMPLE label=upgrade kind=segment_first_send us=22144 off=5760 len=128
OTA_LINK_SAMPLE label=upgrade kind=segment_first_send us=22396 off=5888 len=128
OTA_LINK_SAMPLE label=upgrade kind=segment_first_send us=22652 off=6016 len=128
OTA_LINK_SAMPLE label=upgrade kind=segment_first_send us=22923 off=6144 len=128
OTA_LINK_SAMPLE label=upgrade kind=segment_first_send us=23212 off=6272 len=128
OTA_LINK_SAMPLE label=upgrade kind=segment_first_send us=23463 off=6400 len=128
OTA_LINK_SAMPLE label=upgrade kind=segment_first_send us=23717 off=6528 len=128
OTA_LINK_SAMPLE label=upgrade kind=segment_first_send us=23998 off=6656 len=128
OTA_LINK_SAMPLE label=upgrade kind=segment_first_send us=24258 off=6784 len=128
OTA_LINK_SAMPLE label=upgrade kind=segment_first_send us=24520 off=6912 len=128
OTA_LINK_SAMPLE label=upgrade kind=segment_first_send us=24774 off=7040 len=128
OTA_LINK_SAMPLE label=upgrade kind=segment_first_send us=25132 off=7168 len=128
OTA_LINK_SAMPLE label=upgrade kind=segment_first_send us=25415 off=7296 len=128
OTA_LINK_SAMPLE label=upgrade kind=segment_first_send us=25667 off=7424 len=128
OTA_LINK_SAMPLE label=upgrade kind=segment_first_send us=25927 off=7552 len=128
OTA_LINK_SAMPLE label=upgrade kind=segment_first_send us=26180 off=7680 len=128
OTA_LINK_SAMPLE label=upgrade kind=segment_first_send us=26969 off=7808 len=128
OTA_LINK_SAMPLE label=upgrade kind=segment_first_send us=27309 off=7936 len=128
OTA_LINK_SAMPLE label=upgrade kind=segment_first_send us=28463 off=8064 len=128
OTA_LINK_SAMPLE label=upgrade kind=ack_latency us=10471 off=4096
OTA_LINK_SAMPLE label=upgrade kind=ack_latency us=10384 off=4224
OTA_LINK_SAMPLE label=upgrade kind=ack_latency us=10310 off=4352
OTA_LINK_SAMPLE label=upgrade kind=ack_latency us=10172 off=4480
OTA_LINK_SAMPLE label=upgrade kind=ack_latency us=9981 off=4608
OTA_LINK_SAMPLE label=upgrade kind=ack_latency us=9815 off=4736
OTA_LINK_SAMPLE label=upgrade kind=ack_latency us=9708 off=4864
OTA_LINK_SAMPLE label=upgrade kind=ack_latency us=9512 off=4992
OTA_LINK_SAMPLE label=upgrade kind=ack_latency us=9308 off=5120
OTA_LINK_SAMPLE label=upgrade kind=ack_latency us=9160 off=5248
OTA_LINK_SAMPLE label=upgrade kind=ack_latency us=9048 off=5376
OTA_LINK_SAMPLE label=upgrade kind=ack_latency us=8956 off=5504
OTA_LINK_SAMPLE label=upgrade kind=ack_latency us=8834 off=5632
OTA_LINK_SAMPLE label=upgrade kind=ack_latency us=8762 off=5760
OTA_LINK_SAMPLE label=upgrade kind=ack_latency us=8655 off=5888
OTA_LINK_SAMPLE label=upgrade kind=ack_latency us=8518 off=6016
OTA_LINK_SAMPLE label=upgrade kind=ack_latency us=8345 off=6144
OTA_LINK_SAMPLE label=upgrade kind=ack_latency us=8161 off=6272
OTA_LINK_SAMPLE label=upgrade kind=ack_latency us=8014 off=6400
OTA_LINK_SAMPLE label=upgrade kind=ack_latency us=7846 off=6528
OTA_LINK_SAMPLE label=upgrade kind=ack_latency us=7645 off=6656
OTA_LINK_SAMPLE label=upgrade kind=ack_latency us=7492 off=6784
OTA_LINK_SAMPLE label=upgrade kind=ack_latency us=7371 off=6912
OTA_LINK_SAMPLE label=upgrade kind=ack_latency us=7239 off=7040
OTA_LINK_SAMPLE label=upgrade kind=ack_latency us=6970 off=7168
OTA_LINK_SAMPLE label=upgrade kind=ack_latency us=6766 off=7296
OTA_LINK_SAMPLE label=upgrade kind=ack_latency us=6593 off=7424
OTA_LINK_SAMPLE label=upgrade kind=ack_latency us=6416 off=7552
OTA_LINK_SAMPLE label=upgrade kind=ack_latency us=6241 off=7680
OTA_LINK_SAMPLE label=upgrade kind=ack_latency us=5717 off=7808
OTA_LINK_SAMPLE label=upgrade kind=ack_latency us=5564 off=7936
OTA_LINK_SAMPLE label=upgrade kind=ack_latency us=4514 off=8064
OTA_LINK_SAMPLE label=upgrade kind=durable us=33025 off=8192
OTA_MONO MONO_BUDGET_RESET monoUs=61358066 wallUs=1789513847681216 durable=8192
OTA_MONO MONO_END_ACK_OK monoUs=61359487 wallUs=1789513847682637 durable=8192
01:32 +285: /home/runner/work/E-Track/E-Track/app/bluetooth_flutter_Trace/test/ota/ota_ble_transport_test.dart: P3-4 链路观测接线（OtaLinkStats） 丢部分 DATA ACK：位图确认回收，样本仍每段恰一个
OTA_MONO MONO_BUDGET_START monoUs=61368591 wallUs=1789513847691742
OTA_LINK_SAMPLE label=upgrade kind=durable us=801 off=0
OTA_LINK_SAMPLE label=upgrade kind=segment_first_send us=1178 off=0 len=128
OTA_LINK_SAMPLE label=upgrade kind=segment_first_send us=1531 off=128 len=128
OTA_LINK_SAMPLE label=upgrade kind=segment_first_send us=1898 off=256 len=128
OTA_LINK_SAMPLE label=upgrade kind=segment_first_send us=2281 off=384 len=128
OTA_LINK_SAMPLE label=upgrade kind=ack_latency us=1717 off=256
OTA_LINK_SAMPLE label=upgrade kind=ack_latency us=2437 off=0
OTA_LINK_SAMPLE label=upgrade kind=ack_latency us=2084 off=128
OTA_LINK_SAMPLE label=upgrade kind=ack_latency us=1875 off=384
OTA_LINK_SAMPLE label=upgrade kind=segment_first_send us=4608 off=512 len=128
OTA_LINK_SAMPLE label=upgrade kind=segment_first_send us=4945 off=640 len=128
OTA_LINK_SAMPLE label=upgrade kind=segment_first_send us=5383 off=768 len=128
OTA_LINK_SAMPLE label=upgrade kind=segment_first_send us=5735 off=896 len=128
OTA_LINK_SAMPLE label=upgrade kind=ack_latency us=2020 off=512
OTA_LINK_SAMPLE label=upgrade kind=ack_latency us=2000 off=640
OTA_LINK_SAMPLE label=upgrade kind=ack_latency us=1770 off=768
OTA_LINK_SAMPLE label=upgrade kind=segment_first_send us=7645 off=1024 len=128
OTA_LINK_SAMPLE label=upgrade kind=segment_first_send us=8096 off=1152 len=128
OTA_LINK_SAMPLE label=upgrade kind=segment_first_send us=8496 off=1280 len=128
OTA_LINK_SAMPLE label=upgrade kind=ack_latency us=3100 off=896
OTA_LINK_SAMPLE label=upgrade kind=segment_first_send us=9259 off=1408 len=128
OTA_LINK_SAMPLE label=upgrade kind=ack_latency us=2049 off=1024
OTA_LINK_SAMPLE label=upgrade kind=ack_latency us=1832 off=1152
OTA_LINK_SAMPLE label=upgrade kind=ack_latency us=1616 off=1280
OTA_LINK_SAMPLE label=upgrade kind=segment_first_send us=10536 off=1536 len=128
OTA_LINK_SAMPLE label=upgrade kind=segment_first_send us=10895 off=1664 len=128
OTA_LINK_SAMPLE label=upgrade kind=segment_first_send us=11243 off=1792 len=128
OTA_LINK_SAMPLE label=upgrade kind=ack_latency us=2345 off=1408
OTA_LINK_SAMPLE label=upgrade kind=segment_first_send us=12049 off=1920 len=128
OTA_LINK_SAMPLE label=upgrade kind=ack_latency us=2096 off=1536
OTA_LINK_SAMPLE label=upgrade kind=ack_latency us=1974 off=1664
OTA_LINK_SAMPLE label=upgrade kind=ack_latency us=1770 off=1792
OTA_LINK_SAMPLE label=upgrade kind=segment_first_send us=13354 off=2048 len=128
OTA_LINK_SAMPLE label=upgrade kind=segment_first_send us=13765 off=2176 len=128
OTA_LINK_SAMPLE label=upgrade kind=segment_first_send us=14115 off=2304 len=128
OTA_LINK_SAMPLE label=upgrade kind=ack_latency us=2438 off=1920
OTA_LINK_SAMPLE label=upgrade kind=segment_first_send us=14984 off=2432 len=128
01:32 +286: /home/runner/work/E-Track/E-Track/app/bluetooth_flutter_Trace/test/ota/ota_ble_transport_test.dart: P3-4 链路观测接线（OtaLinkStats） 块尾段 ACK 丢后重发：重传计入计数，样本不新增（冻结语义）
01:33 +286: /home/runner/work/E-Track/E-Track/app/bluetooth_flutter_Trace/test/ota/ota_ble_transport_test.dart: P3-4 链路观测接线（OtaLinkStats） 丢部分 DATA ACK：位图确认回收，样本仍每段恰一个
OTA_LINK_SAMPLE label=upgrade kind=ack_latency us=1985 off=2048
OTA_LINK_SAMPLE label=upgrade kind=segment_first_send us=15773 off=2560 len=128
OTA_LINK_SAMPLE label=upgrade kind=ack_latency us=2192 off=2176
OTA_LINK_SAMPLE label=upgrade kind=ack_latency us=1908 off=2304
OTA_LINK_SAMPLE label=upgrade kind=segment_first_send us=16294 off=2688 len=128
OTA_LINK_SAMPLE label=upgrade kind=segment_first_send us=16501 off=2816 len=128
OTA_LINK_SAMPLE label=upgrade kind=ack_latency us=1695 off=2432
OTA_LINK_SAMPLE label=upgrade kind=segment_first_send us=17127 off=2944 len=128
OTA_LINK_SAMPLE label=upgrade kind=ack_latency us=2478 off=2560
OTA_LINK_SAMPLE label=upgrade kind=ack_latency us=2035 off=2688
OTA_LINK_SAMPLE label=upgrade kind=ack_latency us=1860 off=2816
OTA_LINK_SAMPLE label=upgrade kind=segment_first_send us=18694 off=3072 len=128
OTA_LINK_SAMPLE label=upgrade kind=segment_first_send us=18841 off=3200 len=128
OTA_LINK_SAMPLE label=upgrade kind=segment_first_send us=19024 off=3328 len=128
OTA_LINK_SAMPLE label=upgrade kind=ack_latency us=2061 off=2944
OTA_LINK_SAMPLE label=upgrade kind=segment_first_send us=19522 off=3456 len=128
OTA_LINK_SAMPLE label=upgrade kind=ack_latency us=1931 off=3072
OTA_LINK_SAMPLE label=upgrade kind=ack_latency us=1866 off=3200
OTA_LINK_SAMPLE label=upgrade kind=ack_latency us=1709 off=3328
OTA_LINK_SAMPLE label=upgrade kind=segment_first_send us=21136 off=3584 len=128
OTA_LINK_SAMPLE label=upgrade kind=segment_first_send us=21342 off=3712 len=128
OTA_LINK_SAMPLE label=upgrade kind=segment_first_send us=21547 off=3840 len=128
OTA_LINK_SAMPLE label=upgrade kind=ack_latency us=2202 off=3456
OTA_LINK_SAMPLE label=upgrade kind=segment_first_send us=22256 off=3968 len=128
OTA_LINK_SAMPLE label=upgrade kind=ack_latency us=1451 off=3584
OTA_LINK_SAMPLE label=upgrade kind=ack_latency us=1319 off=3712
OTA_LINK_SAMPLE label=upgrade kind=ack_latency us=2177 off=3840
OTA_LINK_SAMPLE label=upgrade kind=ack_latency us=1607 off=3968
OTA_LINK_SAMPLE label=upgrade kind=durable us=23878 off=4096
OTA_MONO MONO_BUDGET_RESET monoUs=61392254 wallUs=1789513847715403 durable=4096
OTA_MONO MONO_END_ACK_OK monoUs=61392717 wallUs=1789513847715867 durable=4096
OTA_MONO MONO_BUDGET_START monoUs=61396102 wallUs=1789513847719252
OTA_LINK_SAMPLE label=upgrade kind=durable us=491 off=0
OTA_LINK_SAMPLE label=upgrade kind=segment_first_send us=634 off=0 len=128
OTA_LINK_SAMPLE label=upgrade kind=segment_first_send us=740 off=128 len=128
OTA_LINK_SAMPLE label=upgrade kind=segment_first_send us=821 off=256 len=128
OTA_LINK_SAMPLE label=upgrade kind=segment_first_send us=900 off=384 len=128
OTA_LINK_SAMPLE label=upgrade kind=segment_first_send us=1021 off=512 len=128
OTA_LINK_SAMPLE label=upgrade kind=segment_first_send us=1105 off=640 len=128
OTA_LINK_SAMPLE label=upgrade kind=segment_first_send us=1186 off=768 len=128
OTA_LINK_SAMPLE label=upgrade kind=segment_first_send us=1305 off=896 len=128
OTA_LINK_SAMPLE label=upgrade kind=segment_first_send us=1392 off=1024 len=128
OTA_LINK_SAMPLE label=upgrade kind=segment_first_send us=1472 off=1152 len=128
OTA_LINK_SAMPLE label=upgrade kind=segment_first_send us=1549 off=1280 len=128
OTA_LINK_SAMPLE label=upgrade kind=segment_first_send us=1622 off=1408 len=128
OTA_LINK_SAMPLE label=upgrade kind=segment_first_send us=1694 off=1536 len=128
OTA_LINK_SAMPLE label=upgrade kind=segment_first_send us=1769 off=1664 len=128
OTA_LINK_SAMPLE label=upgrade kind=segment_first_send us=1844 off=1792 len=128
OTA_LINK_SAMPLE label=upgrade kind=segment_first_send us=1959 off=1920 len=128
OTA_LINK_SAMPLE label=upgrade kind=segment_first_send us=2055 off=2048 len=128
OTA_LINK_SAMPLE label=upgrade kind=segment_first_send us=2137 off=2176 len=128
OTA_LINK_SAMPLE label=upgrade kind=segment_first_send us=2215 off=2304 len=128
OTA_LINK_SAMPLE label=upgrade kind=segment_first_send us=2314 off=2432 len=128
OTA_LINK_SAMPLE label=upgrade kind=segment_first_send us=2413 off=2560 len=128
OTA_LINK_SAMPLE label=upgrade kind=segment_first_send us=2495 off=2688 len=128
OTA_LINK_SAMPLE label=upgrade kind=segment_first_send us=2575 off=2816 len=128
OTA_LINK_SAMPLE label=upgrade kind=segment_first_send us=2653 off=2944 len=128
OTA_LINK_SAMPLE label=upgrade kind=segment_first_send us=2731 off=3072 len=128
OTA_LINK_SAMPLE label=upgrade kind=segment_first_send us=2808 off=3200 len=128
OTA_LINK_SAMPLE label=upgrade kind=segment_first_send us=2887 off=3328 len=128
OTA_LINK_SAMPLE label=upgrade kind=segment_first_send us=3005 off=3456 len=128
OTA_LINK_SAMPLE label=upgrade kind=segment_first_send us=3117 off=3584 len=128
OTA_LINK_SAMPLE label=upgrade kind=segment_first_send us=3286 off=3712 len=128
OTA_LINK_SAMPLE label=upgrade kind=segment_first_send us=3401 off=3840 len=128
OTA_LINK_SAMPLE label=upgrade kind=segment_first_send us=3633 off=3968 len=128
OTA_LINK_SAMPLE label=upgrade kind=ack_latency us=3266 off=0
OTA_LINK_SAMPLE label=upgrade kind=ack_latency us=3241 off=128
OTA_LINK_SAMPLE label=upgrade kind=ack_latency us=3183 off=256
OTA_LINK_SAMPLE label=upgrade kind=ack_latency us=3123 off=384
OTA_LINK_SAMPLE label=upgrade kind=ack_latency us=3022 off=512
OTA_LINK_SAMPLE label=upgrade kind=ack_latency us=2955 off=640
OTA_LINK_SAMPLE label=upgrade kind=ack_latency us=2891 off=768
OTA_LINK_SAMPLE label=upgrade kind=ack_latency us=2788 off=896
OTA_LINK_SAMPLE label=upgrade kind=ack_latency us=2719 off=1024
OTA_LINK_SAMPLE label=upgrade kind=ack_latency us=2657 off=1152
OTA_LINK_SAMPLE label=upgrade kind=ack_latency us=2597 off=1280
OTA_LINK_SAMPLE label=upgrade kind=ack_latency us=2541 off=1408
OTA_LINK_SAMPLE label=upgrade kind=ack_latency us=2485 off=1536
OTA_LINK_SAMPLE label=upgrade kind=ack_latency us=2426 off=1664
OTA_LINK_SAMPLE label=upgrade kind=ack_latency us=2369 off=1792
OTA_LINK_SAMPLE label=upgrade kind=ack_latency us=2440 off=1920
OTA_LINK_SAMPLE label=upgrade kind=ack_latency us=2402 off=2048
OTA_LINK_SAMPLE label=upgrade kind=ack_latency us=2347 off=2176
OTA_LINK_SAMPLE label=upgrade kind=ack_latency us=2287 off=2304
OTA_LINK_SAMPLE label=upgrade kind=ack_latency us=2205 off=2432
OTA_LINK_SAMPLE label=upgrade kind=ack_latency us=2123 off=2560
OTA_LINK_SAMPLE label=upgrade kind=ack_latency us=2057 off=2688
OTA_LINK_SAMPLE label=upgrade kind=ack_latency us=1994 off=2816
OTA_LINK_SAMPLE label=upgrade kind=ack_latency us=1933 off=2944
OTA_LINK_SAMPLE label=upgrade kind=ack_latency us=1872 off=3072
OTA_LINK_SAMPLE label=upgrade kind=ack_latency us=1812 off=3200
OTA_LINK_SAMPLE label=upgrade kind=ack_latency us=1750 off=3328
OTA_LINK_SAMPLE label=upgrade kind=ack_latency us=2003 off=3456
OTA_LINK_SAMPLE label=upgrade kind=ack_latency us=1931 off=3584
OTA_LINK_SAMPLE label=upgrade kind=ack_latency us=1779 off=3712
OTA_LINK_SAMPLE label=upgrade kind=ack_latency us=1681 off=3840
01:34 +286: /home/runner/work/E-Track/E-Track/app/bluetooth_flutter_Trace/test/ota/ota_ble_transport_test.dart: P3-4 链路观测接线（OtaLinkStats） 块尾段 ACK 丢后重发：重传计入计数，样本不新增（冻结语义）
OTA_LINK_SAMPLE label=upgrade kind=segment_retransmit us=2006562 off=3968 len=128
OTA_LINK_SAMPLE label=upgrade kind=ack_latency us=2004519 off=3968
OTA_LINK_SAMPLE label=upgrade kind=durable us=2008370 off=4096
OTA_MONO MONO_BUDGET_RESET monoUs=63404402 wallUs=1789513849727554 durable=4096
OTA_LINK_SAMPLE label=upgrade kind=segment_first_send us=2008816 off=4096 len=128
OTA_LINK_SAMPLE label=upgrade kind=segment_first_send us=2009183 off=4224 len=128
OTA_LINK_SAMPLE label=upgrade kind=segment_first_send us=2009481 off=4352 len=128
OTA_LINK_SAMPLE label=upgrade kind=segment_first_send us=2009763 off=4480 len=128
OTA_LINK_SAMPLE label=upgrade kind=segment_first_send us=2010045 off=4608 len=128
OTA_LINK_SAMPLE label=upgrade kind=segment_first_send us=2010319 off=4736 len=128
OTA_LINK_SAMPLE label=upgrade kind=segment_first_send us=2010576 off=4864 len=128
OTA_LINK_SAMPLE label=upgrade kind=segment_first_send us=2010818 off=4992 len=128
OTA_LINK_SAMPLE label=upgrade kind=segment_first_send us=2011161 off=5120 len=128
OTA_LINK_SAMPLE label=upgrade kind=segment_first_send us=2011409 off=5248 len=128
OTA_LINK_SAMPLE label=upgrade kind=segment_first_send us=2011649 off=5376 len=128
OTA_LINK_SAMPLE label=upgrade kind=segment_first_send us=2011940 off=5504 len=128
OTA_LINK_SAMPLE label=upgrade kind=segment_first_send us=2012210 off=5632 len=128
OTA_LINK_SAMPLE label=upgrade kind=segment_first_send us=2012456 off=5760 len=128
OTA_LINK_SAMPLE label=upgrade kind=segment_first_send us=2012748 off=5888 len=128
OTA_LINK_SAMPLE label=upgrade kind=segment_first_send us=2013085 off=6016 len=128
OTA_LINK_SAMPLE label=upgrade kind=segment_first_send us=2013360 off=6144 len=128
OTA_LINK_SAMPLE label=upgrade kind=segment_first_send us=2013608 off=6272 len=128
OTA_LINK_SAMPLE label=upgrade kind=segment_first_send us=2013856 off=6400 len=128
OTA_LINK_SAMPLE label=upgrade kind=segment_first_send us=2014157 off=6528 len=128
OTA_LINK_SAMPLE label=upgrade kind=segment_first_send us=2014407 off=6656 len=128
OTA_LINK_SAMPLE label=upgrade kind=segment_first_send us=2014661 off=6784 len=128
OTA_LINK_SAMPLE label=upgrade kind=segment_first_send us=2014919 off=6912 len=128
OTA_LINK_SAMPLE label=upgrade kind=segment_first_send us=2015161 off=7040 len=128
OTA_LINK_SAMPLE label=upgrade kind=segment_first_send us=2015420 off=7168 len=128
OTA_LINK_SAMPLE label=upgrade kind=segment_first_send us=2015669 off=7296 len=128
OTA_LINK_SAMPLE label=upgrade kind=segment_first_send us=2015918 off=7424 len=128
OTA_LINK_SAMPLE label=upgrade kind=segment_first_send us=2016154 off=7552 len=128
OTA_LINK_SAMPLE label=upgrade kind=segment_first_send us=2016416 off=7680 len=128
OTA_LINK_SAMPLE label=upgrade kind=segment_first_send us=2016683 off=7808 len=128
OTA_LINK_SAMPLE label=upgrade kind=segment_first_send us=2016952 off=7936 len=128
OTA_LINK_SAMPLE label=upgrade kind=segment_first_send us=2017404 off=8064 len=128
OTA_LINK_SAMPLE label=upgrade kind=ack_latency us=9019 off=4096
OTA_LINK_SAMPLE label=upgrade kind=ack_latency us=8887 off=4224
OTA_LINK_SAMPLE label=upgrade kind=ack_latency us=8764 off=4352
OTA_LINK_SAMPLE label=upgrade kind=ack_latency us=8628 off=4480
OTA_LINK_SAMPLE label=upgrade kind=ack_latency us=8483 off=4608
OTA_LINK_SAMPLE label=upgrade kind=ack_latency us=8342 off=4736
OTA_LINK_SAMPLE label=upgrade kind=ack_latency us=8198 off=4864
OTA_LINK_SAMPLE label=upgrade kind=ack_latency us=8062 off=4992
OTA_LINK_SAMPLE label=upgrade kind=ack_latency us=7920 off=5120
OTA_LINK_SAMPLE label=upgrade kind=ack_latency us=7836 off=5248
OTA_LINK_SAMPLE label=upgrade kind=ack_latency us=7701 off=5376
OTA_LINK_SAMPLE label=upgrade kind=ack_latency us=7482 off=5504
OTA_LINK_SAMPLE label=upgrade kind=ack_latency us=7290 off=5632
OTA_LINK_SAMPLE label=upgrade kind=ack_latency us=7118 off=5760
OTA_LINK_SAMPLE label=upgrade kind=ack_latency us=6897 off=5888
OTA_LINK_SAMPLE label=upgrade kind=ack_latency us=6633 off=6016
OTA_LINK_SAMPLE label=upgrade kind=ack_latency us=6428 off=6144
OTA_LINK_SAMPLE label=upgrade kind=ack_latency us=6255 off=6272
OTA_LINK_SAMPLE label=upgrade kind=ack_latency us=6100 off=6400
OTA_LINK_SAMPLE label=upgrade kind=ack_latency us=5884 off=6528
OTA_LINK_SAMPLE label=upgrade kind=ack_latency us=5720 off=6656
OTA_LINK_SAMPLE label=upgrade kind=ack_latency us=5587 off=6784
OTA_LINK_SAMPLE label=upgrade kind=ack_latency us=5420 off=6912
OTA_LINK_SAMPLE label=upgrade kind=ack_latency us=5343 off=7040
OTA_LINK_SAMPLE label=upgrade kind=ack_latency us=5171 off=7168
OTA_LINK_SAMPLE label=upgrade kind=ack_latency us=5000 off=7296
OTA_LINK_SAMPLE label=upgrade kind=ack_latency us=4825 off=7424
OTA_LINK_SAMPLE label=upgrade kind=ack_latency us=4882 off=7552
OTA_LINK_SAMPLE label=upgrade kind=ack_latency us=4806 off=7680
OTA_LINK_SAMPLE label=upgrade kind=ack_latency us=4661 off=7808
OTA_LINK_SAMPLE label=upgrade kind=ack_latency us=4492 off=7936
OTA_LINK_SAMPLE label=upgrade kind=ack_latency us=4114 off=8064
OTA_LINK_SAMPLE label=upgrade kind=durable us=2021567 off=8192
OTA_MONO MONO_BUDGET_RESET monoUs=63417505 wallUs=1789513849740655 durable=8192
OTA_MONO MONO_END_ACK_OK monoUs=63419158 wallUs=1789513849742308 durable=8192
01:34 +287: /home/runner/work/E-Track/E-Track/app/bluetooth_flutter_Trace/test/ota/ota_ble_transport_test.dart: P3-4 链路观测接线（OtaLinkStats） 重复 DATA ACK：duplicate 计数，样本数不变
OTA_MONO MONO_BUDGET_START monoUs=63424843 wallUs=1789513849747993
OTA_LINK_SAMPLE label=upgrade kind=durable us=1412 off=0
OTA_LINK_SAMPLE label=upgrade kind=segment_first_send us=2133 off=0 len=128
OTA_LINK_SAMPLE label=upgrade kind=segment_first_send us=2825 off=128 len=128
OTA_LINK_SAMPLE label=upgrade kind=segment_first_send us=3257 off=256 len=128
OTA_LINK_SAMPLE label=upgrade kind=segment_first_send us=4103 off=384 len=128
OTA_LINK_SAMPLE label=upgrade kind=segment_first_send us=4784 off=512 len=128
OTA_LINK_SAMPLE label=upgrade kind=segment_first_send us=5562 off=640 len=128
OTA_LINK_SAMPLE label=upgrade kind=segment_first_send us=6233 off=768 len=128
OTA_LINK_SAMPLE label=upgrade kind=segment_first_send us=7393 off=896 len=128
OTA_LINK_SAMPLE label=upgrade kind=segment_first_send us=7829 off=1024 len=128
OTA_LINK_SAMPLE label=upgrade kind=segment_first_send us=8209 off=1152 len=128
OTA_LINK_SAMPLE label=upgrade kind=segment_first_send us=8536 off=1280 len=128
OTA_LINK_SAMPLE label=upgrade kind=segment_first_send us=8834 off=1408 len=128
OTA_LINK_SAMPLE label=upgrade kind=segment_first_send us=9103 off=1536 len=128
OTA_LINK_SAMPLE label=upgrade kind=segment_first_send us=9811 off=1664 len=128
OTA_LINK_SAMPLE label=upgrade kind=segment_first_send us=10428 off=1792 len=128
OTA_LINK_SAMPLE label=upgrade kind=segment_first_send us=11081 off=1920 len=128
OTA_LINK_SAMPLE label=upgrade kind=segment_first_send us=11744 off=2048 len=128
OTA_LINK_SAMPLE label=upgrade kind=segment_first_send us=12419 off=2176 len=128
OTA_LINK_SAMPLE label=upgrade kind=segment_first_send us=13287 off=2304 len=128
OTA_LINK_SAMPLE label=upgrade kind=segment_first_send us=14089 off=2432 len=128
OTA_LINK_SAMPLE label=upgrade kind=segment_first_send us=14610 off=2560 len=128
OTA_LINK_SAMPLE label=upgrade kind=segment_first_send us=15037 off=2688 len=128
OTA_LINK_SAMPLE label=upgrade kind=segment_first_send us=15501 off=2816 len=128
OTA_LINK_SAMPLE label=upgrade kind=segment_first_send us=15797 off=2944 len=128
OTA_LINK_SAMPLE label=upgrade kind=segment_first_send us=16087 off=3072 len=128
OTA_LINK_SAMPLE label=upgrade kind=segment_first_send us=16420 off=3200 len=128
OTA_LINK_SAMPLE label=upgrade kind=segment_first_send us=16707 off=3328 len=128
OTA_LINK_SAMPLE label=upgrade kind=segment_first_send us=16980 off=3456 len=128
OTA_LINK_SAMPLE label=upgrade kind=segment_first_send us=17276 off=3584 len=128
OTA_LINK_SAMPLE label=upgrade kind=segment_first_send us=17574 off=3712 len=128
OTA_LINK_SAMPLE label=upgrade kind=segment_first_send us=17860 off=3840 len=128
OTA_LINK_SAMPLE label=upgrade kind=segment_first_send us=18283 off=3968 len=128
OTA_LINK_SAMPLE label=upgrade kind=ack_latency us=16930 off=0
OTA_LINK_SAMPLE label=upgrade kind=ack_latency us=16751 off=128
OTA_LINK_SAMPLE label=upgrade kind=ack_latency us=16553 off=256
OTA_LINK_SAMPLE label=upgrade kind=ack_latency us=15899 off=384
OTA_LINK_SAMPLE label=upgrade kind=ack_latency us=15387 off=512
OTA_LINK_SAMPLE label=upgrade kind=ack_latency us=14763 off=640
OTA_LINK_SAMPLE label=upgrade kind=ack_latency us=14274 off=768
OTA_LINK_SAMPLE label=upgrade kind=ack_latency us=13248 off=896
OTA_LINK_SAMPLE label=upgrade kind=ack_latency us=12934 off=1024
OTA_LINK_SAMPLE label=upgrade kind=ack_latency us=12669 off=1152
OTA_LINK_SAMPLE label=upgrade kind=ack_latency us=12438 off=1280
OTA_LINK_SAMPLE label=upgrade kind=ack_latency us=12231 off=1408
OTA_LINK_SAMPLE label=upgrade kind=ack_latency us=12051 off=1536
OTA_LINK_SAMPLE label=upgrade kind=ack_latency us=11431 off=1664
OTA_LINK_SAMPLE label=upgrade kind=ack_latency us=10938 off=1792
OTA_LINK_SAMPLE label=upgrade kind=ack_latency us=10457 off=1920
OTA_LINK_SAMPLE label=upgrade kind=ack_latency us=10216 off=2048
OTA_LINK_SAMPLE label=upgrade kind=ack_latency us=9815 off=2176
OTA_LINK_SAMPLE label=upgrade kind=ack_latency us=9677 off=2304
OTA_LINK_SAMPLE label=upgrade kind=ack_latency us=9055 off=2432
OTA_LINK_SAMPLE label=upgrade kind=ack_latency us=9377 off=2560
OTA_LINK_SAMPLE label=upgrade kind=ack_latency us=9437 off=2688
OTA_LINK_SAMPLE label=upgrade kind=ack_latency us=9622 off=2816
OTA_LINK_SAMPLE label=upgrade kind=ack_latency us=9488 off=2944
OTA_LINK_SAMPLE label=upgrade kind=ack_latency us=9339 off=3072
OTA_LINK_SAMPLE label=upgrade kind=ack_latency us=9122 off=3200
OTA_LINK_SAMPLE label=upgrade kind=ack_latency us=8933 off=3328
OTA_LINK_SAMPLE label=upgrade kind=ack_latency us=8727 off=3456
OTA_LINK_SAMPLE label=upgrade kind=ack_latency us=8486 off=3584
OTA_LINK_SAMPLE label=upgrade kind=ack_latency us=8411 off=3712
OTA_LINK_SAMPLE label=upgrade kind=ack_latency us=8253 off=3840
OTA_LINK_SAMPLE label=upgrade kind=ack_latency us=7915 off=3968
OTA_LINK_SAMPLE label=upgrade kind=durable us=26233 off=4096
OTA_MONO MONO_BUDGET_RESET monoUs=63450764 wallUs=1789513849773913 durable=4096
OTA_MONO MONO_END_ACK_OK monoUs=63451163 wallUs=1789513849774312 durable=4096
01:34 +288: loading /home/runner/work/E-Track/E-Track/app/bluetooth_flutter_Trace/test/ota/ota_upgrade_page_test.dart
01:36 +288: /home/runner/work/E-Track/E-Track/app/bluetooth_flutter_Trace/test/ota/ota_upgrade_page_test.dart: 连接与身份卡 未连接设备：显示未连接，检查更新按钮禁用
01:36 +289: /home/runner/work/E-Track/E-Track/app/bluetooth_flutter_Trace/test/ota/ota_upgrade_page_test.dart: 连接与身份卡 传入设备且 GET_INFO 成功：身份确认卡 + 检查按钮可用
01:36 +290: /home/runner/work/E-Track/E-Track/app/bluetooth_flutter_Trace/test/ota/ota_upgrade_page_test.dart: 连接与身份卡 传入设备但身份读取失败：待确认 + 重试读取入口
01:36 +291: /home/runner/work/E-Track/E-Track/app/bluetooth_flutter_Trace/test/ota/ota_upgrade_page_test.dart: 升级进度卡（phase 驱动，PR16） downloading：下载进度 + 网络下载行 + 取消下载
01:36 +292: /home/runner/work/E-Track/E-Track/app/bluetooth_flutter_Trace/test/ota/ota_upgrade_page_test.dart: 升级进度卡（phase 驱动，PR16） transferring：传输卡 + durable/网络双行 + 取消升级
01:36 +293: /home/runner/work/E-Track/E-Track/app/bluetooth_flutter_Trace/test/ota/ota_upgrade_page_test.dart: 升级进度卡（phase 驱动，PR16） waitingReboot：仍按传输样式渲染等待重启
01:37 +294: /home/runner/work/E-Track/E-Track/app/bluetooth_flutter_Trace/test/ota/ota_upgrade_page_test.dart: 升级进度卡（phase 驱动，PR16） reconnectVerify：复核阶段按传输样式渲染
01:37 +295: /home/runner/work/E-Track/E-Track/app/bluetooth_flutter_Trace/test/ota/ota_upgrade_page_test.dart: 升级进度卡（phase 驱动，PR16） readyToInstall：固件就绪 + 开始 BLE 传输入口
01:37 +296: /home/runner/work/E-Track/E-Track/app/bluetooth_flutter_Trace/test/ota/ota_upgrade_page_test.dart: 升级进度卡（phase 驱动，PR16） cancelled：显示取消状态卡
01:37 +297: /home/runner/work/E-Track/E-Track/app/bluetooth_flutter_Trace/test/ota/ota_upgrade_page_test.dart: 升级进度卡（phase 驱动，PR16） completed：完成卡显示目标版本与设备 vcode（PR07）
01:37 +298: /home/runner/work/E-Track/E-Track/app/bluetooth_flutter_Trace/test/ota/ota_upgrade_page_test.dart: 终止态卡（PR11） CLIENT_TOO_OLD：无法升级 + 门槛文案
01:37 +299: /home/runner/work/E-Track/E-Track/app/bluetooth_flutter_Trace/test/ota/ota_upgrade_page_test.dart: 终止态卡（PR11） retryableLater 终止态：暂不可更新样式
01:37 +300: /home/runner/work/E-Track/E-Track/app/bluetooth_flutter_Trace/test/ota/ota_upgrade_page_test.dart: 终止态卡（PR11） requestId 透出便于排查
01:37 +301: /home/runner/work/E-Track/E-Track/app/bluetooth_flutter_Trace/test/ota/ota_upgrade_page_test.dart: 固件信息卡（发现新版本） hasUpdate 时渲染版本/大小/类型/SHA
01:37 +302: /home/runner/work/E-Track/E-Track/app/bluetooth_flutter_Trace/test/ota/ota_upgrade_page_test.dart: 取消对话框（RC3-05① 冻结删除策略） BLE 阶段取消：保留固件包选项传递 keepPackage=true
01:37 +303: /home/runner/work/E-Track/E-Track/app/bluetooth_flutter_Trace/test/ota/ota_upgrade_page_test.dart: 取消对话框（RC3-05① 冻结删除策略） BLE 阶段取消：删除固件包选项传递 keepPackage=false
01:37 +304: /home/runner/work/E-Track/E-Track/app/bluetooth_flutter_Trace/test/ota/ota_upgrade_page_test.dart: 取消对话框（RC3-05① 冻结删除策略） 下载阶段取消：无保留 partial 选项，确认取消保留已校验包
01:37 +305: /home/runner/work/E-Track/E-Track/app/bluetooth_flutter_Trace/test/ota/ota_upgrade_page_test.dart: 取消对话框（RC3-05① 冻结删除策略） cancelled 保留验证包：仍提供开始传输入口
01:37 +306: /home/runner/work/E-Track/E-Track/app/bluetooth_flutter_Trace/test/ota/ota_upgrade_page_test.dart: 忽略与清理（RC3-12②） readyToInstall 点忽略：清包后传输入口消失、下载入口恢复
01:38 +307: /home/runner/work/E-Track/E-Track/app/bluetooth_flutter_Trace/test/ota/ota_upgrade_page_test.dart: 忽略与清理（RC3-12②） 忙碌时点忽略：清理被拒绝，不崩溃不转换
01:38 +308: /home/runner/work/E-Track/E-Track/app/bluetooth_flutter_Trace/test/ota/ota_upgrade_page_test.dart: 终止态入口闭锁（RC3-12③） 非 retryableLater 终止态：检查按钮禁用 + 解锁提示
01:38 +309: /home/runner/work/E-Track/E-Track/app/bluetooth_flutter_Trace/test/ota/ota_upgrade_page_test.dart: 终止态入口闭锁（RC3-12③） retryableLater 终止态：检查按钮仍可用
01:38 +310: /home/runner/work/E-Track/E-Track/app/bluetooth_flutter_Trace/test/ota/ota_upgrade_page_test.dart: 终止态入口闭锁（RC3-12③） 终止闭锁但身份快照仍在：提供可执行的重新读取身份解锁入口（RC3-12③）
01:38 +311: /home/runner/work/E-Track/E-Track/app/bluetooth_flutter_Trace/test/ota/ota_upgrade_page_test.dart: 终止态入口闭锁（RC3-12③） 窄屏终止闭锁：检查更新与解锁按钮换行共存不截断（O4 整改）
01:38 +312: /home/runner/work/E-Track/E-Track/app/bluetooth_flutter_Trace/test/ota/ota_upgrade_page_test.dart: 连接与生命周期（RC3-08④） 显式设备参数变化：重新解析并读取新地址身份
01:38 +313: /home/runner/work/E-Track/E-Track/app/bluetooth_flutter_Trace/test/ota/ota_upgrade_page_test.dart: 连接与生命周期（RC3-08④） 后台暂停恢复：回前台重新读取设备身份
01:38 +314: loading /home/runner/work/E-Track/E-Track/app/bluetooth_flutter_Trace/test/ota/ota_device_info_test.dart
01:39 +314: /home/runner/work/E-Track/E-Track/app/bluetooth_flutter_Trace/test/ota/ota_device_info_test.dart: DeviceOtaInfo.fromInfoPayload（正向） 精确 E-Track\0 → e-track-at32f435，全字段映射
01:39 +315: /home/runner/work/E-Track/E-Track/app/bluetooth_flutter_Trace/test/ota/ota_device_info_test.dart: DeviceOtaInfo.fromInfoPayload（正向） versionName 按契约 §0.6 反解（major*10000+minor*100+patch）
01:39 +316: /home/runner/work/E-Track/E-Track/app/bluetooth_flutter_Trace/test/ota/ota_device_info_test.dart: DeviceOtaInfo 负例（必须 fail closed） 未知 model → UNKNOWN_DEVICE_MODEL
01:39 +317: /home/runner/work/E-Track/E-Track/app/bluetooth_flutter_Trace/test/ota/ota_device_info_test.dart: DeviceOtaInfo 负例（必须 fail closed） model 无 NUL 终止（8B 全满）→ UNKNOWN_DEVICE_MODEL
01:39 +318: /home/runner/work/E-Track/E-Track/app/bluetooth_flutter_Trace/test/ota/ota_device_info_test.dart: DeviceOtaInfo 负例（必须 fail closed） model NUL 前有非可打印字节 → UNKNOWN_DEVICE_MODEL
01:39 +319: /home/runner/work/E-Track/E-Track/app/bluetooth_flutter_Trace/test/ota/ota_device_info_test.dart: DeviceOtaInfo 负例（必须 fail closed） 不支持 proto_ver → UNSUPPORTED_PROTOCOL
01:39 +320: /home/runner/work/E-Track/E-Track/app/bluetooth_flutter_Trace/test/ota/ota_device_info_test.dart: DeviceOtaInfo 负例（必须 fail closed） INFO 长度非法 → MALFORMED_INFO
01:39 +321: /home/runner/work/E-Track/E-Track/app/bluetooth_flutter_Trace/test/ota/ota_device_info_test.dart: deviceIdentityMatches（重连身份复核） 同身份 → true
01:39 +322: /home/runner/work/E-Track/E-Track/app/bluetooth_flutter_Trace/test/ota/ota_device_info_test.dart: deviceIdentityMatches（重连身份复核） vcode 漂移 → false（不得静默换设备续传）
01:39 +323: /home/runner/work/E-Track/E-Track/app/bluetooth_flutter_Trace/test/ota/ota_device_info_test.dart: deviceIdentityMatches（重连身份复核） 镜像 sha 漂移 → false
01:39 +324: /home/runner/work/E-Track/E-Track/app/bluetooth_flutter_Trace/test/ota/ota_device_info_test.dart: deviceIdentityMatches（重连身份复核） layoutId/boot/hwRev 漂移 → false
01:39 +325: /home/runner/work/E-Track/E-Track/app/bluetooth_flutter_Trace/test/ota/ota_device_info_test.dart: deviceHardwareMatches（升级后硬件身份复核） 版本/镜像变化（升级成功）→ 仍 true
01:39 +326: /home/runner/work/E-Track/E-Track/app/bluetooth_flutter_Trace/test/ota/ota_device_info_test.dart: deviceHardwareMatches（升级后硬件身份复核） 硬件字段漂移 → false（视为换设备）
01:39 +327: /home/runner/work/E-Track/E-Track/app/bluetooth_flutter_Trace/test/ota/ota_device_info_test.dart: buildInfoPayload（组装辅助） 非法 model/sha 长度拒绝
01:39 +328: /home/runner/work/E-Track/E-Track/app/bluetooth_flutter_Trace/test/ota/ota_device_info_test.dart: buildInfoPayload（组装辅助） 往返：build → parse → build
01:39 +329: loading /home/runner/work/E-Track/E-Track/app/bluetooth_flutter_Trace/test/ota/bluetooth_adapter_notify_test.dart
01:39 +329: /home/runner/work/E-Track/E-Track/app/bluetooth_flutter_Trace/test/ota/bluetooth_adapter_notify_test.dart: subscribeOtaNotifyByAddress（Windows 通知路径，RC3-09） notify-only 特征：订阅成功且通知事件透传（不读特征）
01:39 +330: /home/runner/work/E-Track/E-Track/app/bluetooth_flutter_Trace/test/ota/bluetooth_adapter_notify_test.dart: subscribeOtaNotifyByAddress（Windows 通知路径，RC3-09） 连续多片：按序全部送达（轮询读版会丢片）
01:39 +331: /home/runner/work/E-Track/E-Track/app/bluetooth_flutter_Trace/test/ota/bluetooth_adapter_notify_test.dart: subscribeOtaNotifyByAddress（Windows 通知路径，RC3-09） 重复片：不去重（同值通知是有效重发，由协议层幂等）
01:39 +332: /home/runner/work/E-Track/E-Track/app/bluetooth_flutter_Trace/test/ota/bluetooth_adapter_notify_test.dart: subscribeOtaNotifyByAddress（Windows 通知路径，RC3-09） 流取消：取消底层监听并退订特征
01:39 +333: /home/runner/work/E-Track/E-Track/app/bluetooth_flutter_Trace/test/ota/bluetooth_adapter_notify_test.dart: subscribeOtaNotifyByAddress（Windows 通知路径，RC3-09） 订阅失败：返回 null（不静默吞掉）
OTA订阅特征失败(11:22:33:44:55:66/fff1): PlatformException(subscribe_failed, null, null, null)
01:39 +334: /home/runner/work/E-Track/E-Track/app/bluetooth_flutter_Trace/test/ota/bluetooth_adapter_notify_test.dart: subscribeNotifyByAddress（遥控透传 Windows 通知路径，RC3-09） notify-only 特征：初始读失败被忽略，通知正常透传
01:39 +335: /home/runner/work/E-Track/E-Track/app/bluetooth_flutter_Trace/test/ota/bluetooth_adapter_notify_test.dart: subscribeNotifyByAddress（遥控透传 Windows 通知路径，RC3-09） 可读特征：初始读给出当前值，后续值来自通知且不去重
01:39 +336: /home/runner/work/E-Track/E-Track/app/bluetooth_flutter_Trace/test/ota/bluetooth_adapter_notify_test.dart: findExactOtaCharacteristicsByAddress（真实 win_ble 对象形态，RC3-09） 真实 BleCharacteristic（无 getField）：能力从 Properties 字段读取，精确选择 FFF2/FFF1（RC3-09 修复鉴别）
  Skip: Windows 对象形态发现链，由 Windows CI 执行
01:39 +336 ~1: /home/runner/work/E-Track/E-Track/app/bluetooth_flutter_Trace/test/ota/bluetooth_adapter_notify_test.dart: findExactOtaCharacteristicsByAddress（真实 win_ble 对象形态，RC3-09） FFF2 仅 writeWithoutResponse：writeMode 绑定为 without
  Skip: Windows 对象形态发现链，由 Windows CI 执行
01:39 +336 ~2: /home/runner/work/E-Track/E-Track/app/bluetooth_flutter_Trace/test/ota/bluetooth_adapter_notify_test.dart: findExactOtaCharacteristicsByAddress（真实 win_ble 对象形态，RC3-09） FFF2 无任何写能力：整体发现失败，不降级取其他可写特征
  Skip: Windows 对象形态发现链，由 Windows CI 执行
01:39 +336 ~3: /home/runner/work/E-Track/E-Track/app/bluetooth_flutter_Trace/test/ota/bluetooth_adapter_notify_test.dart: findExactOtaCharacteristicsByAddress（真实 win_ble 对象形态，RC3-09） FFF1 无通知能力：整体发现失败（indicate 不满足时同理）
  Skip: Windows 对象形态发现链，由 Windows CI 执行
01:39 +336 ~4: /home/runner/work/E-Track/E-Track/app/bluetooth_flutter_Trace/test/ota/bluetooth_adapter_notify_test.dart: findExactOtaCharacteristicsByAddress（真实 win_ble 对象形态，RC3-09） 发现→写入：writeOtaCharacteristicByAddress 按发现结果精确转发
  Skip: Windows 对象形态发现链，由 Windows CI 执行
01:39 +336 ~5: /home/runner/work/E-Track/E-Track/app/bluetooth_flutter_Trace/test/ota/bluetooth_adapter_notify_test.dart: findExactOtaCharacteristicsByAddress（真实 win_ble 对象形态，RC3-09） 发现→订阅→通知：真实三元组贯通，通知片按序透传
  Skip: Windows 对象形态发现链，由 Windows CI 执行
01:39 +336 ~6: /home/runner/work/E-Track/E-Track/app/bluetooth_flutter_Trace/test/ota/bluetooth_adapter_notify_test.dart: 重新绑定资源所有权（RC3-09） 取消旧流后再订阅：旧流关闭不再吐值，退订与订阅一一对应
01:39 +337 ~6: /home/runner/work/E-Track/E-Track/app/bluetooth_flutter_Trace/test/ota/bluetooth_adapter_notify_test.dart: 重新绑定资源所有权（RC3-09） 订阅失败后再重试：失败不留残留状态，重试可成功
OTA订阅特征失败(11:22:33:44:55:66/fff1): PlatformException(subscribe_failed, null, null, null)
01:39 +338 ~6: /home/runner/work/E-Track/E-Track/app/bluetooth_flutter_Trace/test/ota/bluetooth_adapter_notify_test.dart: 共享 CCCD 所有权（RC3-08⑦） 迟到的旧订阅取消：不得关闭新 owner 的共享 CCCD
01:39 +339 ~6: /home/runner/work/E-Track/E-Track/app/bluetooth_flutter_Trace/test/ota/bluetooth_adapter_notify_test.dart: 共享 CCCD 所有权（RC3-08⑦） 发起顺序决定所有权：先发起、后完成的旧订阅不得接管新 owner（RC3-08⑦）
01:39 +340 ~6: /home/runner/work/E-Track/E-Track/app/bluetooth_flutter_Trace/test/ota/bluetooth_adapter_notify_test.dart: 共享 CCCD 所有权（RC3-08⑦） 所有权转移后再重订：owner 归属跟随最新一次订阅
01:39 +341 ~6: /home/runner/work/E-Track/E-Track/app/bluetooth_flutter_Trace/test/ota/bluetooth_adapter_notify_test.dart: 晚到的断开完成不得拆掉新链路资源（RC3-08⑦） 断开在途期间代次已前进：迟到完成不清新链路设备、不重复前进代次
  Skip: Windows 平台断开分支，由 Windows CI 执行
01:39 +341 ~7: loading /home/runner/work/E-Track/E-Track/app/bluetooth_flutter_Trace/test/ota/ota_service_session_test.dart
01:40 +341 ~7: /home/runner/work/E-Track/E-Track/app/bluetooth_flutter_Trace/test/ota/ota_service_session_test.dart: 双击防重入：挂起下载期间 checkFirmwareUpdate 不发新请求
01:40 +342 ~7: /home/runner/work/E-Track/E-Track/app/bluetooth_flutter_Trace/test/ota/ota_service_session_test.dart: 注册前取消：请求未发出（计数断言），取消终态且可重新下载
OTA_MONO MONO_ABORT_BEGIN monoUs=2 wallUs=1789513855763287 code=USER_CANCEL
OTA_MONO MONO_WRITE_STOP monoUs=1777 wallUs=1789513855765064
OTA_MONO MONO_ABORT_DONE monoUs=3058 wallUs=1789513855766344 code=USER_CANCEL
OTA_MONO MONO_TERMINAL monoUs=3318 wallUs=1789513855766603 code=USER_CANCEL
01:40 +343 ~7: /home/runner/work/E-Track/E-Track/app/bluetooth_flutter_Trace/test/ota/ota_service_session_test.dart: 在途取消：adapter 已进入（entered barrier）后取消 → CANCELLED
OTA_MONO MONO_ABORT_BEGIN monoUs=27785 wallUs=1789513855791071 code=USER_CANCEL
OTA_MONO MONO_WRITE_STOP monoUs=28001 wallUs=1789513855791286
OTA_MONO MONO_ABORT_DONE monoUs=31149 wallUs=1789513855794437 code=USER_CANCEL
OTA_MONO MONO_TERMINAL monoUs=34236 wallUs=1789513855797523 code=USER_CANCEL
01:40 +344 ~7: /home/runner/work/E-Track/E-Track/app/bluetooth_flutter_Trace/test/ota/ota_service_session_test.dart: 取消清理已校验完成包：keepPackage=false 删文件，true 保留
OTA_MONO MONO_ABORT_BEGIN monoUs=75437 wallUs=1789513855838724 code=USER_CANCEL
OTA_MONO MONO_WRITE_STOP monoUs=75722 wallUs=1789513855839007
OTA_MONO MONO_ABORT_DONE monoUs=76201 wallUs=1789513855839487 code=USER_CANCEL
OTA_MONO MONO_TERMINAL monoUs=78712 wallUs=1789513855841998 code=USER_CANCEL
OTA_MONO MONO_TERMINAL monoUs=125289 wallUs=1789513855888577 code=USER_CANCEL
01:40 +345 ~7: /home/runner/work/E-Track/E-Track/app/bluetooth_flutter_Trace/test/ota/ota_service_session_test.dart: 刷新时取消：URL_EXPIRED → 重新 latest 在途时取消，旧清单不发布
OTA_MONO MONO_ABORT_BEGIN monoUs=139140 wallUs=1789513855902428 code=USER_CANCEL
OTA_MONO MONO_WRITE_STOP monoUs=139355 wallUs=1789513855902640
OTA_MONO MONO_ABORT_DONE monoUs=140491 wallUs=1789513855903777 code=USER_CANCEL
OTA_MONO MONO_TERMINAL monoUs=143042 wallUs=1789513855906328 code=USER_CANCEL
01:40 +346 ~7: /home/runner/work/E-Track/E-Track/app/bluetooth_flutter_Trace/test/ota/ota_service_session_test.dart: URL_EXPIRED 刷新路径：401 TOKEN_EXPIRED → 重新 latest → 重下成功
01:40 +347 ~7: /home/runner/work/E-Track/E-Track/app/bluetooth_flutter_Trace/test/ota/ota_service_session_test.dart: BACKEND_UNAVAILABLE 三次尝试耗尽 → retryableLater 终态并清资产
01:42 +348 ~7: All tests passed!
