### configure (CI 对齐: Ninja/Release/SOURCE_DATE_EPOCH=1786320000/OBJECT_PATH_MAX=1024)
-- The C compiler identification is GNU 13.3.1
-- The CXX compiler identification is GNU 13.3.1
-- The ASM compiler identification is GNU
-- Found assembler: D:/singlechip/gcc+gdb+openocd/tools/arm-gnu-toolchain-13.3.rel1-ming/bin/arm-none-eabi-gcc.exe
-- Check for working C compiler: D:/singlechip/gcc+gdb+openocd/tools/arm-gnu-toolchain-13.3.rel1-ming/bin/arm-none-eabi-gcc.exe - skipped
-- Detecting C compile features
-- Detecting C compile features - done
-- Check for working CXX compiler: D:/singlechip/gcc+gdb+openocd/tools/arm-gnu-toolchain-13.3.rel1-ming/bin/arm-none-eabi-g++.exe - skipped
-- Detecting CXX compile features
-- Detecting CXX compile features - done
-- Configuring done (9.3s)
-- Generating done (1.5s)
-- Build files have been written to: D:/github/my/E-Track/.cache/p3-1-acceptance/build-verify
configure_exit=0

### build X_Track_App_GCC X_Track_Boot (全量，独立于生产 build 目录)
[1/409] Preprocessing controlled OTA App linker script
[2/409] Preprocessing controlled OTA Boot linker script
[3/409] Building C object CMakeFiles/X_Track_App_GCC.dir/D_/github/my/E-Track/ArduinoAPI/Arduino.c.obj
[4/409] Building CXX object CMakeFiles/X_Track_App_GCC.dir/D_/github/my/E-Track/ArduinoAPI/Print.cpp.obj
[5/409] Building CXX object CMakeFiles/X_Track_App_GCC.dir/D_/github/my/E-Track/ArduinoAPI/WMath.cpp.obj
[6/409] Building CXX object CMakeFiles/X_Track_App_GCC.dir/D_/github/my/E-Track/ArduinoAPI/Stream.cpp.obj
[7/409] Building CXX object CMakeFiles/X_Track_App_GCC.dir/D_/github/my/E-Track/ArduinoAPI/Wire.cpp.obj
[8/409] Building C object CMakeFiles/X_Track_App_GCC.dir/D_/github/my/E-Track/ArduinoAPI/dtostrf.c.obj
[9/409] Building C object CMakeFiles/X_Track_App_GCC.dir/D_/github/my/E-Track/ArduinoAPI/itoa.c.obj
[10/409] Building CXX object CMakeFiles/X_Track_App_GCC.dir/D_/github/my/E-Track/ArduinoAPI/WString.cpp.obj
D:/github/my/E-Track/ArduinoAPI/WString.cpp: In member function 'void String::remove(unsigned int, unsigned int)':
D:/github/my/E-Track/ArduinoAPI/WString.cpp:738:12: warning: 'char* strncpy(char*, const char*, size_t)' accessing 0 or more bytes at offsets [-1073741824, 1073741823] and [-1073741824, 1073741823] may overlap up to 4294967295 bytes at offset [-1073741824, 3221225470] [-Wrestrict]
  738 |     strncpy(writeTo, buffer + index + count, len - index);
      |     ~~~~~~~^~~~~~~~~~~~~~~~~~~~~~~~~~~~~~~~~~~~~~~~~~~~~~
[11/409] Building CXX object CMakeFiles/X_Track_App_GCC.dir/D_/github/my/E-Track/ArduinoAPI/WireBase.cpp.obj
D:/github/my/E-Track/ArduinoAPI/WireBase.cpp: In member function 'void WireBase::begin(uint8_t)':
D:/github/my/E-Track/ArduinoAPI/WireBase.cpp:43:30: warning: unused parameter 'self_addr' [-Wunused-parameter]
   43 | void WireBase::begin(uint8_t self_addr)
      |                      ~~~~~~~~^~~~~~~~~
D:/github/my/E-Track/ArduinoAPI/WireBase.cpp: In member function 'void WireBase::setClock(uint32_t)':
D:/github/my/E-Track/ArduinoAPI/WireBase.cpp:51:34: warning: unused parameter 'clock' [-Wunused-parameter]
   51 | void WireBase::setClock(uint32_t clock)
      |                         ~~~~~~~~~^~~~~
[12/409] Building C object CMakeFiles/X_Track_App_GCC.dir/D_/github/my/E-Track/Libraries/EEPROM/eeprom_bcb.c.obj
[13/409] Building CXX object CMakeFiles/X_Track_App_GCC.dir/D_/github/my/E-Track/Libraries/Adafruit_ST7789/Adafruit_ST7789.cpp.obj
[14/409] Building CXX object CMakeFiles/X_Track_App_GCC.dir/D_/github/my/E-Track/Libraries/ButtonEvent/ButtonEvent.cpp.obj
[15/409] Building CXX object CMakeFiles/X_Track_App_GCC.dir/D_/github/my/E-Track/Libraries/Bluetooth/Bluetooth.cpp.obj
[16/409] Building CXX object CMakeFiles/X_Track_App_GCC.dir/D_/github/my/E-Track/Libraries/EEPROM/EEPROM.cpp.obj
D:/github/my/E-Track/Libraries/EEPROM/EEPROM.cpp: In member function 'bool EEPROM::ReadBytes(uint8_t, uint8_t*, uint16_t)':
D:/github/my/E-Track/Libraries/EEPROM/EEPROM.cpp:173:37: warning: comparison of integer expressions of different signedness: 'int' and 'unsigned int' [-Wsign-compare]
  173 |         uint16_t chunk = (len - off > 32u) ? 32u : (len - off);
      |                           ~~~~~~~~~~^~~~~
[17/409] Building CXX object CMakeFiles/X_Track_App_GCC.dir/D_/github/my/E-Track/Libraries/Adafruit_GFX_Library/Adafruit_GFX.cpp.obj
In file included from D:/github/my/E-Track/MDK-ARM_F435/cmake-generated/cmake/compat-includes/Arduino.h:30,
                 from D:/github/my/E-Track/Libraries/Adafruit_GFX_Library/Adafruit_GFX.h:4,
                 from D:/github/my/E-Track/Libraries/Adafruit_GFX_Library/Adafruit_GFX.cpp:34:
D:/github/my/E-Track/Libraries/Adafruit_GFX_Library/Adafruit_GFX.cpp: In member function 'void Adafruit_GFX::drawChar(int16_t, int16_t, unsigned char, uint16_t, uint16_t, uint8_t)':
D:/github/my/E-Track/ArduinoAPI/avr/pgmspace.h:32:32: warning: dereferencing type-punned pointer will break strict-aliasing rules [-Wstrict-aliasing]
   32 | #define pgm_read_dword(addr) (*(const unsigned long *)(addr))
      |                                ^~~~~~~~~~~~~~~~~~~~~~~~~~~~~
D:/github/my/E-Track/Libraries/Adafruit_GFX_Library/Adafruit_GFX.cpp:60:42: note: in expansion of macro 'pgm_read_dword'
   60 |  #define pgm_read_pointer(addr) ((void *)pgm_read_dword(addr))
      |                                          ^~~~~~~~~~~~~~
D:/github/my/E-Track/Libraries/Adafruit_GFX_Library/Adafruit_GFX.cpp:753:43: note: in expansion of macro 'pgm_read_pointer'
  753 |         GFXglyph *glyph  = &(((GFXglyph *)pgm_read_pointer(&gfxFont->glyph))[c]);
      |                                           ^~~~~~~~~~~~~~~~
D:/github/my/E-Track/ArduinoAPI/avr/pgmspace.h:32:32: warning: dereferencing type-punned pointer will break strict-aliasing rules [-Wstrict-aliasing]
   32 | #define pgm_read_dword(addr) (*(const unsigned long *)(addr))
      |                                ^~~~~~~~~~~~~~~~~~~~~~~~~~~~~
D:/github/my/E-Track/Libraries/Adafruit_GFX_Library/Adafruit_GFX.cpp:60:42: note: in expansion of macro 'pgm_read_dword'
   60 |  #define pgm_read_pointer(addr) ((void *)pgm_read_dword(addr))
      |                                          ^~~~~~~~~~~~~~
D:/github/my/E-Track/Libraries/Adafruit_GFX_Library/Adafruit_GFX.cpp:754:39: note: in expansion of macro 'pgm_read_pointer'
  754 |         uint8_t  *bitmap = (uint8_t *)pgm_read_pointer(&gfxFont->bitmap);
      |                                       ^~~~~~~~~~~~~~~~
D:/github/my/E-Track/Libraries/Adafruit_GFX_Library/Adafruit_GFX.cpp: In member function 'virtual size_t Adafruit_GFX::write(uint8_t)':
D:/github/my/E-Track/ArduinoAPI/avr/pgmspace.h:32:32: warning: dereferencing type-punned pointer will break strict-aliasing rules [-Wstrict-aliasing]
   32 | #define pgm_read_dword(addr) (*(const unsigned long *)(addr))
      |                                ^~~~~~~~~~~~~~~~~~~~~~~~~~~~~
D:/github/my/E-Track/Libraries/Adafruit_GFX_Library/Adafruit_GFX.cpp:60:42: note: in expansion of macro 'pgm_read_dword'
   60 |  #define pgm_read_pointer(addr) ((void *)pgm_read_dword(addr))
      |                                          ^~~~~~~~~~~~~~
D:/github/my/E-Track/Libraries/Adafruit_GFX_Library/Adafruit_GFX.cpp:837:50: note: in expansion of macro 'pgm_read_pointer'
  837 |                 GFXglyph *glyph = &(((GFXglyph *)pgm_read_pointer(
      |                                                  ^~~~~~~~~~~~~~~~
D:/github/my/E-Track/Libraries/Adafruit_GFX_Library/Adafruit_GFX.cpp: In member function 'void Adafruit_GFX::charBounds(char, int16_t*, int16_t*, int16_t*, int16_t*, int16_t*, int16_t*)':
D:/github/my/E-Track/ArduinoAPI/avr/pgmspace.h:32:32: warning: dereferencing type-punned pointer will break strict-aliasing rules [-Wstrict-aliasing]
   32 | #define pgm_read_dword(addr) (*(const unsigned long *)(addr))
      |                                ^~~~~~~~~~~~~~~~~~~~~~~~~~~~~
D:/github/my/E-Track/Libraries/Adafruit_GFX_Library/Adafruit_GFX.cpp:60:42: note: in expansion of macro 'pgm_read_dword'
   60 |  #define pgm_read_pointer(addr) ((void *)pgm_read_dword(addr))
      |                                          ^~~~~~~~~~~~~~
D:/github/my/E-Track/Libraries/Adafruit_GFX_Library/Adafruit_GFX.cpp:952:50: note: in expansion of macro 'pgm_read_pointer'
  952 |                 GFXglyph *glyph = &(((GFXglyph *)pgm_read_pointer(
      |                                                  ^~~~~~~~~~~~~~~~
D:/github/my/E-Track/Libraries/Adafruit_GFX_Library/Adafruit_GFX.cpp: In member function 'virtual void Adafruit_GFX::invertDisplay(bool)':
D:/github/my/E-Track/Libraries/Adafruit_GFX_Library/Adafruit_GFX.cpp:1055:42: warning: unused parameter 'i' [-Wunused-parameter]
 1055 | void Adafruit_GFX::invertDisplay(boolean i) {
[18/409] Building CXX object CMakeFiles/X_Track_App_GCC.dir/D_/github/my/E-Track/Libraries/MillisTaskManager/MillisTaskManager.cpp.obj
[19/409] Building CXX object CMakeFiles/X_Track_App_GCC.dir/D_/github/my/E-Track/Libraries/LIS3MDL/LIS3MDL.cpp.obj
[20/409] Building CXX object CMakeFiles/X_Track_App_GCC.dir/D_/github/my/E-Track/Libraries/LSM6DSM/LSM6DSM.cpp.obj
[21/409] Building CXX object CMakeFiles/X_Track_App_GCC.dir/D_/github/my/E-Track/Libraries/SdFat/src/FatLib/FatFileLFN.cpp.obj
D:/github/my/E-Track/Libraries/SdFat/src/FatLib/FatFileLFN.cpp: In member function 'bool FatFile::open(FatFile*, fname_t*, oflag_t)':
D:/github/my/E-Track/Libraries/SdFat/src/FatLib/FatFileLFN.cpp:478:16: warning: taking address of packed member of 'directoryEntry' may result in an unaligned pointer value [-Waddress-of-packed-member]
  478 |     m_dateTime(&dir->creationDate, &dir->creationTime);
      |                ^~~~~~~~~~~~~~~~~~
D:/github/my/E-Track/Libraries/SdFat/src/FatLib/FatFileLFN.cpp:478:16: warning: taking address of packed member of 'directoryEntry' may result in an unaligned pointer value [-Waddress-of-packed-member]
D:/github/my/E-Track/Libraries/SdFat/src/FatLib/FatFileLFN.cpp:478:36: warning: taking address of packed member of 'directoryEntry' may result in an unaligned pointer value [-Waddress-of-packed-member]
  478 |     m_dateTime(&dir->creationDate, &dir->creationTime);
      |                                    ^~~~~~~~~~~~~~~~~~
D:/github/my/E-Track/Libraries/SdFat/src/FatLib/FatFileLFN.cpp:478:36: warning: taking address of packed member of 'directoryEntry' may result in an unaligned pointer value [-Waddress-of-packed-member]
[22/409] Building CXX object CMakeFiles/X_Track_App_GCC.dir/D_/github/my/E-Track/Libraries/SdFat/src/FatLib/FatFilePrint.cpp.obj
[23/409] Building CXX object CMakeFiles/X_Track_App_GCC.dir/D_/github/my/E-Track/Libraries/SdFat/src/FatLib/FatFile.cpp.obj
D:/github/my/E-Track/Libraries/SdFat/src/FatLib/FatFile.cpp: In member function 'bool FatFile::openParent(FatFile*)':
D:/github/my/E-Track/Libraries/SdFat/src/FatLib/FatFile.cpp:668:11: warning: 'void* memset(void*, int, size_t)' clearing an object of non-trivial type 'class FatFile'; use assignment or value-initialization instead [-Wclass-memaccess]
  668 |     memset(&dotdot, 0, sizeof(FatFile));
      |     ~~~~~~^~~~~~~~~~~~~~~~~~~~~~~~~~~~~
In file included from D:/github/my/E-Track/Libraries/SdFat/src/FatLib/FatFile.cpp:25:
D:/github/my/E-Track/Libraries/SdFat/src/FatLib/FatFile.h:110:7: note: 'class FatFile' declared here
  110 | class FatFile {
      |       ^~~~~~~
D:/github/my/E-Track/Libraries/SdFat/src/FatLib/FatFile.cpp: In member function 'bool FatFile::sync()':
D:/github/my/E-Track/Libraries/SdFat/src/FatLib/FatFile.cpp:1219:18: warning: taking address of packed member of 'directoryEntry' may result in an unaligned pointer value [-Waddress-of-packed-member]
 1219 |       m_dateTime(&dir->lastWriteDate, &dir->lastWriteTime);
      |                  ^~~~~~~~~~~~~~~~~~~
D:/github/my/E-Track/Libraries/SdFat/src/FatLib/FatFile.cpp:1219:18: warning: taking address of packed member of 'directoryEntry' may result in an unaligned pointer value [-Waddress-of-packed-member]
D:/github/my/E-Track/Libraries/SdFat/src/FatLib/FatFile.cpp:1219:39: warning: taking address of packed member of 'directoryEntry' may result in an unaligned pointer value [-Waddress-of-packed-member]
 1219 |       m_dateTime(&dir->lastWriteDate, &dir->lastWriteTime);
      |                                       ^~~~~~~~~~~~~~~~~~~
D:/github/my/E-Track/Libraries/SdFat/src/FatLib/FatFile.cpp:1219:39: warning: taking address of packed member of 'directoryEntry' may result in an unaligned pointer value [-Waddress-of-packed-member]
[24/409] Building CXX object CMakeFiles/X_Track_App_GCC.dir/D_/github/my/E-Track/Libraries/SdFat/src/FatLib/FatFileSFN.cpp.obj
[25/409] Building CXX object CMakeFiles/X_Track_App_GCC.dir/D_/github/my/E-Track/Libraries/SdFat/src/FatLib/FmtNumber.cpp.obj
[26/409] Building CXX object CMakeFiles/X_Track_App_GCC.dir/D_/github/my/E-Track/Libraries/SdFat/src/FatLib/FatVolume.cpp.obj
[27/409] Building CXX object CMakeFiles/X_Track_App_GCC.dir/D_/github/my/E-Track/Libraries/SdFat/src/FatLib/StdioStream.cpp.obj
[28/409] Building CXX object CMakeFiles/X_Track_App_GCC.dir/D_/github/my/E-Track/Libraries/SdFat/src/FatLib/istream.cpp.obj
[29/409] Building CXX object CMakeFiles/X_Track_App_GCC.dir/D_/github/my/E-Track/Libraries/SdFat/src/FatLib/fstream.cpp.obj
[30/409] Building CXX object CMakeFiles/X_Track_App_GCC.dir/D_/github/my/E-Track/Libraries/SdFat/src/MinimumSerial.cpp.obj
[31/409] Building CXX object CMakeFiles/X_Track_App_GCC.dir/D_/github/my/E-Track/Libraries/SdFat/src/FatLib/ostream.cpp.obj
[32/409] Building C object CMakeFiles/X_Track_App_GCC.dir/D_/github/my/E-Track/Libraries/StackInfo/StackInfo.c.obj
[33/409] Building CXX object CMakeFiles/X_Track_App_GCC.dir/D_/github/my/E-Track/Libraries/SdFat/src/SdCard/SdSpiCard.cpp.obj
[34/409] Building CXX object CMakeFiles/X_Track_App_GCC.dir/D_/github/my/E-Track/Libraries/SdFat/src/SdCard/SdSpiCardEX.cpp.obj
[35/409] Building CXX object CMakeFiles/X_Track_App_GCC.dir/D_/github/my/E-Track/Libraries/SdFat/src/SpiDriver/SdSpiSTM32.cpp.obj
[36/409] Building CXX object CMakeFiles/X_Track_App_GCC.dir/D_/github/my/E-Track/Libraries/SdFat/src/SdCard/SdioCard_AT32.cpp.obj
D:/github/my/E-Track/Libraries/SdFat/src/SdCard/SdioCard_AT32.cpp: In member function 'bool SdioCard::readData(uint8_t*)':
D:/github/my/E-Track/Libraries/SdFat/src/SdCard/SdioCard_AT32.cpp:116:34: warning: unused parameter 'dst' [-Wunused-parameter]
  116 | bool SdioCard::readData(uint8_t *dst) {
      |                         ~~~~~~~~~^~~
D:/github/my/E-Track/Libraries/SdFat/src/SdCard/SdioCard_AT32.cpp: In member function 'bool SdioCard::readStart(uint32_t)':
D:/github/my/E-Track/Libraries/SdFat/src/SdCard/SdioCard_AT32.cpp:126:35: warning: unused parameter 'lba' [-Wunused-parameter]
  126 | bool SdioCard::readStart(uint32_t lba) {
      |                          ~~~~~~~~~^~~
D:/github/my/E-Track/Libraries/SdFat/src/SdCard/SdioCard_AT32.cpp: In member function 'bool SdioCard::readStart(uint32_t, uint32_t)':
D:/github/my/E-Track/Libraries/SdFat/src/SdCard/SdioCard_AT32.cpp:131:35: warning: unused parameter 'lba' [-Wunused-parameter]
  131 | bool SdioCard::readStart(uint32_t lba, uint32_t count) {
      |                          ~~~~~~~~~^~~
D:/github/my/E-Track/Libraries/SdFat/src/SdCard/SdioCard_AT32.cpp:131:49: warning: unused parameter 'count' [-Wunused-parameter]
  131 | bool SdioCard::readStart(uint32_t lba, uint32_t count) {
      |                                        ~~~~~~~~~^~~~~
D:/github/my/E-Track/Libraries/SdFat/src/SdCard/SdioCard_AT32.cpp: In member function 'bool SdioCard::writeData(const uint8_t*)':
D:/github/my/E-Track/Libraries/SdFat/src/SdCard/SdioCard_AT32.cpp:169:41: warning: unused parameter 'src' [-Wunused-parameter]
  169 | bool SdioCard::writeData(const uint8_t* src) {
      |                          ~~~~~~~~~~~~~~~^~~
D:/github/my/E-Track/Libraries/SdFat/src/SdCard/SdioCard_AT32.cpp: In member function 'bool SdioCard::writeStart(uint32_t)':
D:/github/my/E-Track/Libraries/SdFat/src/SdCard/SdioCard_AT32.cpp:174:36: warning: unused parameter 'lba' [-Wunused-parameter]
  174 | bool SdioCard::writeStart(uint32_t lba) {
      |                           ~~~~~~~~~^~~
D:/github/my/E-Track/Libraries/SdFat/src/SdCard/SdioCard_AT32.cpp: In member function 'bool SdioCard::writeStart(uint32_t, uint32_t)':
D:/github/my/E-Track/Libraries/SdFat/src/SdCard/SdioCard_AT32.cpp:179:36: warning: unused parameter 'lba' [-Wunused-parameter]
  179 | bool SdioCard::writeStart(uint32_t lba, uint32_t count) {
      |                           ~~~~~~~~~^~~
D:/github/my/E-Track/Libraries/SdFat/src/SdCard/SdioCard_AT32.cpp:179:50: warning: unused parameter 'count' [-Wunused-parameter]
  179 | bool SdioCard::writeStart(uint32_t lba, uint32_t count) {
      |                                         ~~~~~~~~~^~~~~
[37/409] Building C object CMakeFiles/X_Track_App_GCC.dir/D_/github/my/E-Track/Libraries/USB_MSC/msc_class/msc_class.c.obj
D:/github/my/E-Track/Libraries/USB_MSC/msc_class/msc_class.c: In function 'class_ept0_tx_handler':
D:/github/my/E-Track/Libraries/USB_MSC/msc_class/msc_class.c:187:49: warning: unused parameter 'udev' [-Wunused-parameter]
  187 | static usb_sts_type class_ept0_tx_handler(void *udev)
      |                                           ~~~~~~^~~~
D:/github/my/E-Track/Libraries/USB_MSC/msc_class/msc_class.c: In function 'class_ept0_rx_handler':
D:/github/my/E-Track/Libraries/USB_MSC/msc_class/msc_class.c:205:12: warning: unused variable 'recv_len' [-Wunused-variable]
  205 |   uint32_t recv_len = usbd_get_recv_len(pudev, 0);
      |            ^~~~~~~~
D:/github/my/E-Track/Libraries/USB_MSC/msc_class/msc_class.c: In function 'class_sof_handler':
D:/github/my/E-Track/Libraries/USB_MSC/msc_class/msc_class.c:244:45: warning: unused parameter 'udev' [-Wunused-parameter]
  244 | static usb_sts_type class_sof_handler(void *udev)
      |                                       ~~~~~~^~~~
D:/github/my/E-Track/Libraries/USB_MSC/msc_class/msc_class.c: In function 'class_event_handler':
D:/github/my/E-Track/Libraries/USB_MSC/msc_class/msc_class.c:259:47: warning: unused parameter 'udev' [-Wunused-parameter]
  259 | static usb_sts_type class_event_handler(void *udev, usbd_event_type event)
      |                                         ~~~~~~^~~~
[38/409] Building CXX object CMakeFiles/X_Track_App_GCC.dir/D_/github/my/E-Track/Libraries/TinyGPSPlus/src/TinyGPS++.cpp.obj
D:/github/my/E-Track/Libraries/TinyGPSPlus/src/TinyGPS++.cpp: In member function 'bool TinyGPSPlus::encode(char)':
D:/github/my/E-Track/Libraries/TinyGPSPlus/src/TinyGPS++.cpp:75:12: warning: this statement may fall through [-Wimplicit-fallthrough=]
   75 |     parity ^= (uint8_t)c;
      |     ~~~~~~~^~~~~~~~~~~~~
D:/github/my/E-Track/Libraries/TinyGPSPlus/src/TinyGPS++.cpp:76:3: note: here
   76 |   case '\r':
      |   ^~~~
[39/409] Building C object CMakeFiles/X_Track_App_GCC.dir/D_/github/my/E-Track/Libraries/USB_MSC/msc_class/msc_bot_scsi.c.obj
D:/github/my/E-Track/Libraries/USB_MSC/msc_class/msc_bot_scsi.c: In function 'bot_scsi_datain_handler':
D:/github/my/E-Track/Libraries/USB_MSC/msc_class/msc_bot_scsi.c:145:50: warning: unused parameter 'ept_num' [-Wunused-parameter]
  145 | void bot_scsi_datain_handler(void *udev, uint8_t ept_num)
      |                                          ~~~~~~~~^~~~~~~
D:/github/my/E-Track/Libraries/USB_MSC/msc_class/msc_bot_scsi.c: In function 'bot_scsi_dataout_handler':
D:/github/my/E-Track/Libraries/USB_MSC/msc_class/msc_bot_scsi.c:174:51: warning: unused parameter 'ept_num' [-Wunused-parameter]
  174 | void bot_scsi_dataout_handler(void *udev, uint8_t ept_num)
      |                                           ~~~~~~~~^~~~~~~
D:/github/my/E-Track/Libraries/USB_MSC/msc_class/msc_bot_scsi.c: In function 'bot_scsi_sense_code':
D:/github/my/E-Track/Libraries/USB_MSC/msc_class/msc_bot_scsi.c:290:32: warning: unused parameter 'udev' [-Wunused-parameter]
  290 | void bot_scsi_sense_code(void *udev, uint8_t sense_key, uint8_t asc)
      |                          ~~~~~~^~~~
D:/github/my/E-Track/Libraries/USB_MSC/msc_class/msc_bot_scsi.c: In function 'bot_scsi_test_unit':
D:/github/my/E-Track/Libraries/USB_MSC/msc_class/msc_bot_scsi.c:348:53: warning: unused parameter 'lun' [-Wunused-parameter]
  348 | usb_sts_type bot_scsi_test_unit(void *udev, uint8_t lun)
      |                                             ~~~~~~~~^~~
D:/github/my/E-Track/Libraries/USB_MSC/msc_class/msc_bot_scsi.c: In function 'bot_scsi_start_stop':
D:/github/my/E-Track/Libraries/USB_MSC/msc_class/msc_bot_scsi.c:411:54: warning: unused parameter 'lun' [-Wunused-parameter]
  411 | usb_sts_type bot_scsi_start_stop(void *udev, uint8_t lun)
      |                                              ~~~~~~~~^~~
D:/github/my/E-Track/Libraries/USB_MSC/msc_class/msc_bot_scsi.c: In function 'bot_scsi_allow_medium_removal':
D:/github/my/E-Track/Libraries/USB_MSC/msc_class/msc_bot_scsi.c:425:64: warning: unused parameter 'lun' [-Wunused-parameter]
  425 | usb_sts_type bot_scsi_allow_medium_removal(void *udev, uint8_t lun)
      |                                                        ~~~~~~~~^~~
D:/github/my/E-Track/Libraries/USB_MSC/msc_class/msc_bot_scsi.c: In function 'bot_scsi_mode_sense6':
D:/github/my/E-Track/Libraries/USB_MSC/msc_class/msc_bot_scsi.c:439:55: warning: unused parameter 'lun' [-Wunused-parameter]
  439 | usb_sts_type bot_scsi_mode_sense6(void *udev, uint8_t lun)
      |                                               ~~~~~~~~^~~
D:/github/my/E-Track/Libraries/USB_MSC/msc_class/msc_bot_scsi.c: In function 'bot_scsi_mode_sense10':
D:/github/my/E-Track/Libraries/USB_MSC/msc_class/msc_bot_scsi.c:459:56: warning: unused parameter 'lun' [-Wunused-parameter]
  459 | usb_sts_type bot_scsi_mode_sense10(void *udev, uint8_t lun)
      |                                                ~~~~~~~~^~~
D:/github/my/E-Track/Libraries/USB_MSC/msc_class/msc_bot_scsi.c: In function 'bot_scsi_request_sense':
D:/github/my/E-Track/Libraries/USB_MSC/msc_class/msc_bot_scsi.c:541:57: warning: unused parameter 'lun' [-Wunused-parameter]
  541 | usb_sts_type bot_scsi_request_sense(void *udev, uint8_t lun)
      |                                                 ~~~~~~~~^~~
[40/409] Building CXX object CMakeFiles/X_Track_App_GCC.dir/D_/github/my/E-Track/Libraries/USB_MSC/UsbMsc.cpp.obj
[41/409] Building C object CMakeFiles/X_Track_App_GCC.dir/D_/github/my/E-Track/Libraries/USB_MSC/msc_class/msc_desc.c.obj
[42/409] Building C object CMakeFiles/X_Track_App_GCC.dir/D_/github/my/E-Track/Libraries/cm_backtrace/cm_backtrace.c.obj
[43/409] Building CXX object CMakeFiles/X_Track_App_GCC.dir/D_/github/my/E-Track/Libraries/USB_MSC/msc_diskio.cpp.obj
[44/409] Building CXX object CMakeFiles/X_Track_App_GCC.dir/D_/github/my/E-Track/Libraries/XPT2046/XPT2046.cpp.obj
[45/409] Building CXX object CMakeFiles/X_Track_App_GCC.dir/D_/github/my/E-Track/Libraries/W25Q128/qspi_cmd_en25qh128a.cpp.obj
[46/409] Building CXX object CMakeFiles/X_Track_App_GCC.dir/D_/github/my/E-Track/MDK-ARM_F435/Platform/Core/HardwareSerial.cpp.obj
[47/409] Building CXX object CMakeFiles/X_Track_App_GCC.dir/D_/github/my/E-Track/MDK-ARM_F435/Platform/Core/SPI.cpp.obj
In file included from D:/github/my/E-Track/MDK-ARM_F435/Platform/Core/SPI.cpp:23:
D:/github/my/E-Track/MDK-ARM_F435/Platform/Core/SPI.cpp: In member function 'void SPIClass::read(uint8_t*, uint32_t)':
D:/github/my/E-Track/MDK-ARM_F435/Platform/Core/SPI.h:47:64: warning: unused variable 'vn' [-Wunused-variable]
   47 | #define SPI_I2S_RXDATA_VOLATILE(spix)        volatile uint16_t vn = SPI_I2S_RXDATA(spix)
      |                                                                ^~
D:/github/my/E-Track/MDK-ARM_F435/Platform/Core/SPI.cpp:339:5: note: in expansion of macro 'SPI_I2S_RXDATA_VOLATILE'
  339 |     SPI_I2S_RXDATA_VOLATILE(SPIx);
      |     ^~~~~~~~~~~~~~~~~~~~~~~
D:/github/my/E-Track/MDK-ARM_F435/Platform/Core/SPI.cpp: In member function 'uint8_t SPIClass::transfer(uint8_t) const':
D:/github/my/E-Track/MDK-ARM_F435/Platform/Core/SPI.h:47:64: warning: unused variable 'vn' [-Wunused-variable]
   47 | #define SPI_I2S_RXDATA_VOLATILE(spix)        volatile uint16_t vn = SPI_I2S_RXDATA(spix)
      |                                                                ^~
D:/github/my/E-Track/MDK-ARM_F435/Platform/Core/SPI.cpp:397:5: note: in expansion of macro 'SPI_I2S_RXDATA_VOLATILE'
  397 |     SPI_I2S_RXDATA_VOLATILE(SPIx);
      |     ^~~~~~~~~~~~~~~~~~~~~~~
D:/github/my/E-Track/MDK-ARM_F435/Platform/Core/SPI.cpp: In member function 'uint16_t SPIClass::transfer16(uint16_t) const':
D:/github/my/E-Track/MDK-ARM_F435/Platform/Core/SPI.h:47:64: warning: unused variable 'vn' [-Wunused-variable]
   47 | #define SPI_I2S_RXDATA_VOLATILE(spix)        volatile uint16_t vn = SPI_I2S_RXDATA(spix)
      |                                                                ^~
D:/github/my/E-Track/MDK-ARM_F435/Platform/Core/SPI.cpp:406:5: note: in expansion of macro 'SPI_I2S_RXDATA_VOLATILE'
  406 |     SPI_I2S_RXDATA_VOLATILE(SPIx);
      |     ^~~~~~~~~~~~~~~~~~~~~~~
[48/409] Building C object CMakeFiles/X_Track_App_GCC.dir/D_/github/my/E-Track/MDK-ARM_F435/Platform/Core/adc.c.obj
[49/409] Building C object CMakeFiles/X_Track_App_GCC.dir/D_/github/my/E-Track/MDK-ARM_F435/Platform/Core/at32f435_437_clock.c.obj
[50/409] Building C object CMakeFiles/X_Track_App_GCC.dir/D_/github/my/E-Track/MDK-ARM_F435/Platform/Core/delay.c.obj
[51/409] Building CXX object CMakeFiles/X_Track_App_GCC.dir/D_/github/my/E-Track/MDK-ARM_F435/Platform/Core/Tone.cpp.obj
[52/409] Building C object CMakeFiles/X_Track_App_GCC.dir/D_/github/my/E-Track/MDK-ARM_F435/Platform/Core/exti.c.obj
[53/409] Building C object CMakeFiles/X_Track_App_GCC.dir/D_/github/my/E-Track/MDK-ARM_F435/Platform/Core/at32_sdio.c.obj
[54/409] Building C object CMakeFiles/X_Track_App_GCC.dir/D_/github/my/E-Track/MDK-ARM_F435/Platform/Core/gpio.c.obj
[55/409] Building C object CMakeFiles/X_Track_App_GCC.dir/D_/github/my/E-Track/MDK-ARM_F435/Platform/Core/mcu_core.c.obj
[56/409] Building C object CMakeFiles/X_Track_App_GCC.dir/D_/github/my/E-Track/MDK-ARM_F435/Platform/Core/pwm.c.obj
[57/409] Building C object CMakeFiles/X_Track_App_GCC.dir/D_/github/my/E-Track/MDK-ARM_F435/Platform/Core/rtc.c.obj
D:/github/my/E-Track/MDK-ARM_F435/Platform/Core/rtc.c: In function 'RTC_SetAlarm':
D:/github/my/E-Track/MDK-ARM_F435/Platform/Core/rtc.c:159:28: warning: unused parameter 'year' [-Wunused-parameter]
  159 | bool RTC_SetAlarm(uint16_t year, uint8_t mon, uint8_t day, uint8_t hour, uint8_t min, uint8_t sec)
      |                   ~~~~~~~~~^~~~
D:/github/my/E-Track/MDK-ARM_F435/Platform/Core/rtc.c:159:42: warning: unused parameter 'mon' [-Wunused-parameter]
  159 | bool RTC_SetAlarm(uint16_t year, uint8_t mon, uint8_t day, uint8_t hour, uint8_t min, uint8_t sec)
      |                                  ~~~~~~~~^~~
D:/github/my/E-Track/MDK-ARM_F435/Platform/Core/rtc.c:159:55: warning: unused parameter 'day' [-Wunused-parameter]
  159 | bool RTC_SetAlarm(uint16_t year, uint8_t mon, uint8_t day, uint8_t hour, uint8_t min, uint8_t sec)
      |                                               ~~~~~~~~^~~
D:/github/my/E-Track/MDK-ARM_F435/Platform/Core/rtc.c:159:68: warning: unused parameter 'hour' [-Wunused-parameter]
  159 | bool RTC_SetAlarm(uint16_t year, uint8_t mon, uint8_t day, uint8_t hour, uint8_t min, uint8_t sec)
      |                                                            ~~~~~~~~^~~~
D:/github/my/E-Track/MDK-ARM_F435/Platform/Core/rtc.c:159:82: warning: unused parameter 'min' [-Wunused-parameter]
  159 | bool RTC_SetAlarm(uint16_t year, uint8_t mon, uint8_t day, uint8_t hour, uint8_t min, uint8_t sec)
      |                                                                          ~~~~~~~~^~~
D:/github/my/E-Track/MDK-ARM_F435/Platform/Core/rtc.c:159:95: warning: unused parameter 'sec' [-Wunused-parameter]
  159 | bool RTC_SetAlarm(uint16_t year, uint8_t mon, uint8_t day, uint8_t hour, uint8_t min, uint8_t sec)
      |                                                                                       ~~~~~~~~^~~
[58/409] Building C object CMakeFiles/X_Track_App_GCC.dir/D_/github/my/E-Track/MDK-ARM_F435/Platform/Core/wdg.c.obj
D:/github/my/E-Track/MDK-ARM_F435/Platform/Core/wdg.c: In function 'WDG_Init':
D:/github/my/E-Track/MDK-ARM_F435/Platform/Core/wdg.c:49:22: warning: comparison of integer expressions of different signedness: 'int' and 'unsigned int' [-Wsign-compare]
   49 |     for(int i = 0; i < sizeof(div_map) / sizeof(wdt_division_type); i++)
      |                      ^
[59/409] Building C object CMakeFiles/X_Track_App_GCC.dir/D_/github/my/E-Track/MDK-ARM_F435/Platform/Core/timer.c.obj
D:/github/my/E-Track/MDK-ARM_F435/Platform/Core/timer.c: In function 'Timer_ClockCmd':
D:/github/my/E-Track/MDK-ARM_F435/Platform/Core/timer.c:71:26: warning: comparison of integer expressions of different signedness: 'int' and 'unsigned int' [-Wsign-compare]
   71 |     for(index = 0; index < sizeof(clock_map) / sizeof(crm_tmr_clock_map_t); index++)
      |                          ^
D:/github/my/E-Track/MDK-ARM_F435/Platform/Core/timer.c: In function 'Qsqrt':
D:/github/my/E-Track/MDK-ARM_F435/Platform/Core/timer.c:87:11: warning: dereferencing type-punned pointer will break strict-aliasing rules [-Wstrict-aliasing]
   87 |     i  = *(long*)&y;
      |           ^~~~~~~~~
D:/github/my/E-Track/MDK-ARM_F435/Platform/Core/timer.c:89:11: warning: dereferencing type-punned pointer will break strict-aliasing rules [-Wstrict-aliasing]
   89 |     y  = *(float*)&i;
      |           ^~~~~~~~~~
D:/github/my/E-Track/MDK-ARM_F435/Platform/Core/timer.c: In function 'Timer_GetClockMax':
D:/github/my/E-Track/MDK-ARM_F435/Platform/Core/timer.c:293:38: warning: unused parameter 'TIMx' [-Wunused-parameter]
  293 | uint32_t Timer_GetClockMax(tmr_type* TIMx)
      |                            ~~~~~~~~~~^~~~
D:/github/my/E-Track/MDK-ARM_F435/Platform/Core/timer.c: In function 'Qsqrt':
D:/github/my/E-Track/MDK-ARM_F435/Platform/Core/timer.c:87:10: warning: 'y' is used uninitialized [-Wuninitialized]
   87 |     i  = *(long*)&y;
      |          ^~~~~~~~~~
D:/github/my/E-Track/MDK-ARM_F435/Platform/Core/timer.c:83:15: note: 'y' declared here
   83 |     float x2, y;
      |               ^
[60/409] Building CXX object CMakeFiles/X_Track_App_GCC.dir/D_/github/my/E-Track/MDK-ARM_F435/Platform/HAL/HAL_Display.cpp.obj
[61/409] Building C object CMakeFiles/X_Track_App_GCC.dir/D_/github/my/E-Track/MDK-ARM_F435/Platform/middlewares/usb_drivers/src/usb_core.c.obj
[62/409] Building CXX object CMakeFiles/X_Track_App_GCC.dir/D_/github/my/E-Track/MDK-ARM_F435/Platform/HAL/HAL_Power.cpp.obj
[63/409] Building CXX object CMakeFiles/X_Track_App_GCC.dir/D_/github/my/E-Track/MDK-ARM_F435/Platform/HAL/HAL_Touch.cpp.obj
[64/409] Building C object CMakeFiles/X_Track_App_GCC.dir/D_/github/my/E-Track/MDK-ARM_F435/Platform/middlewares/usb_drivers/src/usbd_core.c.obj
D:/github/my/E-Track/MDK-ARM_F435/Platform/middlewares/usb_drivers/src/usbd_core.c: In function 'usbd_core_setup_handler':
D:/github/my/E-Track/MDK-ARM_F435/Platform/middlewares/usb_drivers/src/usbd_core.c:139:60: warning: unused parameter 'ept_num' [-Wunused-parameter]
  139 | void usbd_core_setup_handler(usbd_core_type *udev, uint8_t ept_num)
      |                                                    ~~~~~~~~^~~~~~~
D:/github/my/E-Track/MDK-ARM_F435/Platform/middlewares/usb_drivers/src/usbd_core.c: In function 'usbd_core_init':
D:/github/my/E-Track/MDK-ARM_F435/Platform/middlewares/usb_drivers/src/usbd_core.c:771:37: warning: unused parameter 'core_id' [-Wunused-parameter]
  771 |                             uint8_t core_id)
      |                             ~~~~~~~~^~~~~~~
[65/409] Building CXX object CMakeFiles/X_Track_App_GCC.dir/D_/github/my/E-Track/MDK-ARM_F435/Platform/lv_port/lv_port_disp.cpp.obj
D:/github/my/E-Track/MDK-ARM_F435/Platform/lv_port/lv_port_disp.cpp: In function 'void disp_wait_cb(lv_disp_drv_t*)':
D:/github/my/E-Track/MDK-ARM_F435/Platform/lv_port/lv_port_disp.cpp:56:41: warning: unused parameter 'disp_drv' [-Wunused-parameter]
   56 | static void disp_wait_cb(lv_disp_drv_t* disp_drv)
      |                          ~~~~~~~~~~~~~~~^~~~~~~~
[66/409] Building C object CMakeFiles/X_Track_App_GCC.dir/D_/github/my/E-Track/MDK-ARM_F435/Platform/middlewares/usb_drivers/src/usbd_int.c.obj
[67/409] Building C object CMakeFiles/X_Track_App_GCC.dir/D_/github/my/E-Track/MDK-ARM_F435/RTE/Device/-AT32F435RGT7/at32f435_437_acc.c.obj
[68/409] Building C object CMakeFiles/X_Track_App_GCC.dir/D_/github/my/E-Track/MDK-ARM_F435/Platform/middlewares/usb_drivers/src/usbd_sdr.c.obj
[69/409] Building C object CMakeFiles/X_Track_App_GCC.dir/D_/github/my/E-Track/MDK-ARM_F435/RTE/Device/-AT32F435RGT7/at32f435_437_adc.c.obj
[70/409] Building C object CMakeFiles/X_Track_App_GCC.dir/D_/github/my/E-Track/MDK-ARM_F435/RTE/Device/-AT32F435RGT7/at32f435_437_crm.c.obj
[71/409] Building C object CMakeFiles/X_Track_App_GCC.dir/D_/github/my/E-Track/MDK-ARM_F435/RTE/Device/-AT32F435RGT7/at32f435_437_dma.c.obj
[72/409] Building C object CMakeFiles/X_Track_App_GCC.dir/D_/github/my/E-Track/MDK-ARM_F435/RTE/Device/-AT32F435RGT7/at32f435_437_exint.c.obj
[73/409] Building C object CMakeFiles/X_Track_App_GCC.dir/D_/github/my/E-Track/MDK-ARM_F435/RTE/Device/-AT32F435RGT7/at32f435_437_edma.c.obj
[74/409] Building C object CMakeFiles/X_Track_App_GCC.dir/D_/github/my/E-Track/MDK-ARM_F435/RTE/Device/-AT32F435RGT7/at32f435_437_ertc.c.obj
[75/409] Building C object CMakeFiles/X_Track_App_GCC.dir/D_/github/my/E-Track/MDK-ARM_F435/RTE/Device/-AT32F435RGT7/at32f435_437_flash.c.obj
[76/409] Building C object CMakeFiles/X_Track_App_GCC.dir/D_/github/my/E-Track/MDK-ARM_F435/RTE/Device/-AT32F435RGT7/at32f435_437_gpio.c.obj
[77/409] Building C object CMakeFiles/X_Track_App_GCC.dir/D_/github/my/E-Track/MDK-ARM_F435/RTE/Device/-AT32F435RGT7/at32f435_437_misc.c.obj
[78/409] Building C object CMakeFiles/X_Track_App_GCC.dir/D_/github/my/E-Track/MDK-ARM_F435/RTE/Device/-AT32F435RGT7/at32f435_437_pwc.c.obj
[79/409] Building C object CMakeFiles/X_Track_App_GCC.dir/D_/github/my/E-Track/MDK-ARM_F435/RTE/Device/-AT32F435RGT7/at32f435_437_qspi.c.obj
[80/409] Building C object CMakeFiles/X_Track_App_GCC.dir/D_/github/my/E-Track/MDK-ARM_F435/RTE/Device/-AT32F435RGT7/at32f435_437_scfg.c.obj
[81/409] Building C object CMakeFiles/X_Track_App_GCC.dir/D_/github/my/E-Track/MDK-ARM_F435/RTE/Device/-AT32F435RGT7/at32f435_437_sdio.c.obj
[82/409] Building C object CMakeFiles/X_Track_App_GCC.dir/D_/github/my/E-Track/MDK-ARM_F435/RTE/Device/-AT32F435RGT7/at32f435_437_spi.c.obj
[83/409] Building C object CMakeFiles/X_Track_App_GCC.dir/D_/github/my/E-Track/MDK-ARM_F435/RTE/Device/-AT32F435RGT7/at32f435_437_tmr.c.obj
[84/409] Building ASM object CMakeFiles/X_Track_App_GCC.dir/cmake/sources/startup_at32f435_437_gcc.S.obj
[85/409] Building C object CMakeFiles/X_Track_App_GCC.dir/D_/github/my/E-Track/MDK-ARM_F435/RTE/Device/-AT32F435RGT7/at32f435_437_usart.c.obj
[86/409] Building C object CMakeFiles/X_Track_App_GCC.dir/D_/github/my/E-Track/MDK-ARM_F435/RTE/Device/-AT32F435RGT7/at32f435_437_wdt.c.obj
[87/409] Building C object CMakeFiles/X_Track_App_GCC.dir/D_/github/my/E-Track/MDK-ARM_F435/RTE/Device/-AT32F435RGT7/at32f435_437_usb.c.obj
[88/409] Building C object CMakeFiles/X_Track_App_GCC.dir/D_/github/my/E-Track/Simulator/LVGL.Simulator/lvgl/demos/benchmark/assets/img_benchmark_cogwheel_alpha16.c.obj
[89/409] Building C object CMakeFiles/X_Track_App_GCC.dir/D_/github/my/E-Track/MDK-ARM_F435/RTE/Device/-AT32F435RGT7/system_at32f435_437.c.obj
[90/409] Building C object CMakeFiles/X_Track_App_GCC.dir/D_/github/my/E-Track/Simulator/LVGL.Simulator/lvgl/demos/benchmark/assets/img_benchmark_cogwheel_argb.c.obj
[91/409] Building C object CMakeFiles/X_Track_App_GCC.dir/D_/github/my/E-Track/Simulator/LVGL.Simulator/lvgl/demos/benchmark/assets/img_benchmark_cogwheel_chroma_keyed.c.obj
[92/409] Building C object CMakeFiles/X_Track_App_GCC.dir/D_/github/my/E-Track/Simulator/LVGL.Simulator/lvgl/demos/benchmark/assets/img_benchmark_cogwheel_indexed16.c.obj
[93/409] Building C object CMakeFiles/X_Track_App_GCC.dir/D_/github/my/E-Track/Simulator/LVGL.Simulator/lvgl/demos/benchmark/assets/img_benchmark_cogwheel_rgb.c.obj
[94/409] Building C object CMakeFiles/X_Track_App_GCC.dir/D_/github/my/E-Track/Simulator/LVGL.Simulator/lvgl/demos/benchmark/assets/lv_font_bechmark_montserrat_12_compr_az.c.c.obj
[95/409] Building C object CMakeFiles/X_Track_App_GCC.dir/D_/github/my/E-Track/Simulator/LVGL.Simulator/lvgl/demos/benchmark/assets/lv_font_bechmark_montserrat_16_compr_az.c.c.obj
[96/409] Building C object CMakeFiles/X_Track_App_GCC.dir/D_/github/my/E-Track/Simulator/LVGL.Simulator/lvgl/demos/benchmark/assets/lv_font_bechmark_montserrat_28_compr_az.c.c.obj
[97/409] Building C object CMakeFiles/X_Track_App_GCC.dir/D_/github/my/E-Track/Simulator/LVGL.Simulator/lvgl/demos/benchmark/lv_demo_benchmark.c.obj
[98/409] Building C object CMakeFiles/X_Track_App_GCC.dir/D_/github/my/E-Track/Simulator/LVGL.Simulator/lvgl/src/core/lv_disp.c.obj
[99/409] Building C object CMakeFiles/X_Track_App_GCC.dir/D_/github/my/E-Track/Simulator/LVGL.Simulator/lvgl/src/core/lv_event.c.obj
[100/409] Building C object CMakeFiles/X_Track_App_GCC.dir/D_/github/my/E-Track/Simulator/LVGL.Simulator/lvgl/src/core/lv_group.c.obj
[101/409] Building C object CMakeFiles/X_Track_App_GCC.dir/D_/github/my/E-Track/Simulator/LVGL.Simulator/lvgl/src/core/lv_obj_class.c.obj
[102/409] Building C object CMakeFiles/X_Track_App_GCC.dir/D_/github/my/E-Track/Simulator/LVGL.Simulator/lvgl/src/core/lv_indev_scroll.c.obj
[103/409] Building C object CMakeFiles/X_Track_App_GCC.dir/D_/github/my/E-Track/Simulator/LVGL.Simulator/lvgl/src/core/lv_indev.c.obj
[104/409] Building C object CMakeFiles/X_Track_App_GCC.dir/D_/github/my/E-Track/Simulator/LVGL.Simulator/lvgl/src/core/lv_obj.c.obj
[105/409] Building C object CMakeFiles/X_Track_App_GCC.dir/D_/github/my/E-Track/Simulator/LVGL.Simulator/lvgl/src/core/lv_obj_draw.c.obj
[106/409] Building C object CMakeFiles/X_Track_App_GCC.dir/D_/github/my/E-Track/Simulator/LVGL.Simulator/lvgl/src/core/lv_obj_pos.c.obj
[107/409] Building C object CMakeFiles/X_Track_App_GCC.dir/D_/github/my/E-Track/Simulator/LVGL.Simulator/lvgl/src/core/lv_obj_scroll.c.obj
[108/409] Building C object CMakeFiles/X_Track_App_GCC.dir/D_/github/my/E-Track/Simulator/LVGL.Simulator/lvgl/src/core/lv_obj_style_gen.c.obj
[109/409] Building C object CMakeFiles/X_Track_App_GCC.dir/D_/github/my/E-Track/Simulator/LVGL.Simulator/lvgl/src/core/lv_obj_tree.c.obj
[110/409] Building C object CMakeFiles/X_Track_App_GCC.dir/D_/github/my/E-Track/Simulator/LVGL.Simulator/lvgl/src/core/lv_obj_style.c.obj
[111/409] Building C object CMakeFiles/X_Track_App_GCC.dir/D_/github/my/E-Track/Simulator/LVGL.Simulator/lvgl/src/core/lv_refr.c.obj
[112/409] Building C object CMakeFiles/X_Track_App_GCC.dir/D_/github/my/E-Track/Simulator/LVGL.Simulator/lvgl/src/draw/lv_draw.c.obj
[113/409] Building C object CMakeFiles/X_Track_App_GCC.dir/D_/github/my/E-Track/Simulator/LVGL.Simulator/lvgl/src/core/lv_theme.c.obj
[114/409] Building C object CMakeFiles/X_Track_App_GCC.dir/D_/github/my/E-Track/Simulator/LVGL.Simulator/lvgl/src/draw/lv_draw_arc.c.obj
[115/409] Building C object CMakeFiles/X_Track_App_GCC.dir/D_/github/my/E-Track/Simulator/LVGL.Simulator/lvgl/src/draw/lv_draw_img.c.obj
[116/409] Building C object CMakeFiles/X_Track_App_GCC.dir/D_/github/my/E-Track/Simulator/LVGL.Simulator/lvgl/src/draw/lv_draw_label.c.obj
[117/409] Building C object CMakeFiles/X_Track_App_GCC.dir/D_/github/my/E-Track/Simulator/LVGL.Simulator/lvgl/src/draw/lv_draw_line.c.obj
[118/409] Building C object CMakeFiles/X_Track_App_GCC.dir/D_/github/my/E-Track/Simulator/LVGL.Simulator/lvgl/src/draw/lv_draw_rect.c.obj
[119/409] Building C object CMakeFiles/X_Track_App_GCC.dir/D_/github/my/E-Track/Simulator/LVGL.Simulator/lvgl/src/draw/lv_draw_transform.c.obj
[120/409] Building C object CMakeFiles/X_Track_App_GCC.dir/D_/github/my/E-Track/Simulator/LVGL.Simulator/lvgl/src/draw/lv_draw_triangle.c.obj
[121/409] Building C object CMakeFiles/X_Track_App_GCC.dir/D_/github/my/E-Track/Simulator/LVGL.Simulator/lvgl/src/draw/lv_img_buf.c.obj
[122/409] Building C object CMakeFiles/X_Track_App_GCC.dir/D_/github/my/E-Track/Simulator/LVGL.Simulator/lvgl/src/draw/lv_img_cache.c.obj
[123/409] Building C object CMakeFiles/X_Track_App_GCC.dir/D_/github/my/E-Track/Simulator/LVGL.Simulator/lvgl/src/draw/lv_draw_mask.c.obj
[124/409] Building C object CMakeFiles/X_Track_App_GCC.dir/D_/github/my/E-Track/Simulator/LVGL.Simulator/lvgl/src/draw/sw/lv_draw_sw.c.obj
[125/409] Building C object CMakeFiles/X_Track_App_GCC.dir/D_/github/my/E-Track/Simulator/LVGL.Simulator/lvgl/src/draw/lv_img_decoder.c.obj
[126/409] Building C object CMakeFiles/X_Track_App_GCC.dir/D_/github/my/E-Track/Simulator/LVGL.Simulator/lvgl/src/draw/sw/lv_draw_sw_arc.c.obj
[127/409] Building C object CMakeFiles/X_Track_App_GCC.dir/D_/github/my/E-Track/Simulator/LVGL.Simulator/lvgl/src/draw/sw/lv_draw_sw_gradient.c.obj
[128/409] Building C object CMakeFiles/X_Track_App_GCC.dir/D_/github/my/E-Track/Simulator/LVGL.Simulator/lvgl/src/draw/sw/lv_draw_sw_img.c.obj
[129/409] Building C object CMakeFiles/X_Track_App_GCC.dir/D_/github/my/E-Track/Simulator/LVGL.Simulator/lvgl/src/draw/sw/lv_draw_sw_blend.c.obj
[130/409] Building C object CMakeFiles/X_Track_App_GCC.dir/D_/github/my/E-Track/Simulator/LVGL.Simulator/lvgl/src/draw/sw/lv_draw_sw_letter.c.obj
[131/409] Building C object CMakeFiles/X_Track_App_GCC.dir/D_/github/my/E-Track/Simulator/LVGL.Simulator/lvgl/src/draw/sw/lv_draw_sw_line.c.obj
[132/409] Building C object CMakeFiles/X_Track_App_GCC.dir/D_/github/my/E-Track/Simulator/LVGL.Simulator/lvgl/src/draw/sw/lv_draw_sw_polygon.c.obj
[133/409] Building C object CMakeFiles/X_Track_App_GCC.dir/D_/github/my/E-Track/Simulator/LVGL.Simulator/lvgl/src/draw/sw/lv_draw_sw_transform.c.obj
[134/409] Building C object CMakeFiles/X_Track_App_GCC.dir/D_/github/my/E-Track/Simulator/LVGL.Simulator/lvgl/src/extra/layouts/flex/lv_flex.c.obj
[135/409] Building C object CMakeFiles/X_Track_App_GCC.dir/D_/github/my/E-Track/Simulator/LVGL.Simulator/lvgl/src/draw/sw/lv_draw_sw_rect.c.obj
[136/409] Building C object CMakeFiles/X_Track_App_GCC.dir/D_/github/my/E-Track/Simulator/LVGL.Simulator/lvgl/src/extra/lv_extra.c.obj
[137/409] Building C object CMakeFiles/X_Track_App_GCC.dir/D_/github/my/E-Track/Simulator/LVGL.Simulator/lvgl/src/extra/others/monkey/lv_monkey.c.obj
[138/409] Building C object CMakeFiles/X_Track_App_GCC.dir/D_/github/my/E-Track/Simulator/LVGL.Simulator/lvgl/src/extra/layouts/grid/lv_grid.c.obj
[139/409] Building C object CMakeFiles/X_Track_App_GCC.dir/D_/github/my/E-Track/Simulator/LVGL.Simulator/lvgl/src/extra/others/snapshot/lv_snapshot.c.obj
[140/409] Building C object CMakeFiles/X_Track_App_GCC.dir/D_/github/my/E-Track/Simulator/LVGL.Simulator/lvgl/src/extra/themes/basic/lv_theme_basic.c.obj
[141/409] Building C object CMakeFiles/X_Track_App_GCC.dir/D_/github/my/E-Track/Simulator/LVGL.Simulator/lvgl/src/extra/themes/default/lv_theme_default.c.obj
[142/409] Building C object CMakeFiles/X_Track_App_GCC.dir/D_/github/my/E-Track/Simulator/LVGL.Simulator/lvgl/src/extra/widgets/animimg/lv_animimg.c.obj
[143/409] Building C object CMakeFiles/X_Track_App_GCC.dir/D_/github/my/E-Track/Simulator/LVGL.Simulator/lvgl/src/extra/widgets/calendar/lv_calendar.c.obj
[144/409] Building C object CMakeFiles/X_Track_App_GCC.dir/D_/github/my/E-Track/Simulator/LVGL.Simulator/lvgl/src/extra/widgets/calendar/lv_calendar_header_arrow.c.obj
[145/409] Building C object CMakeFiles/X_Track_App_GCC.dir/D_/github/my/E-Track/Simulator/LVGL.Simulator/lvgl/src/extra/widgets/calendar/lv_calendar_header_dropdown.c.obj
[146/409] Building C object CMakeFiles/X_Track_App_GCC.dir/D_/github/my/E-Track/Simulator/LVGL.Simulator/lvgl/src/extra/widgets/colorwheel/lv_colorwheel.c.obj
[147/409] Building C object CMakeFiles/X_Track_App_GCC.dir/D_/github/my/E-Track/Simulator/LVGL.Simulator/lvgl/src/extra/widgets/imgbtn/lv_imgbtn.c.obj
[148/409] Building C object CMakeFiles/X_Track_App_GCC.dir/D_/github/my/E-Track/Simulator/LVGL.Simulator/lvgl/src/extra/widgets/keyboard/lv_keyboard.c.obj
[149/409] Building C object CMakeFiles/X_Track_App_GCC.dir/D_/github/my/E-Track/Simulator/LVGL.Simulator/lvgl/src/extra/widgets/led/lv_led.c.obj
[150/409] Building C object CMakeFiles/X_Track_App_GCC.dir/D_/github/my/E-Track/Simulator/LVGL.Simulator/lvgl/src/extra/widgets/list/lv_list.c.obj
[151/409] Building C object CMakeFiles/X_Track_App_GCC.dir/D_/github/my/E-Track/Simulator/LVGL.Simulator/lvgl/src/extra/widgets/chart/lv_chart.c.obj
[152/409] Building C object CMakeFiles/X_Track_App_GCC.dir/D_/github/my/E-Track/Simulator/LVGL.Simulator/lvgl/src/extra/widgets/msgbox/lv_msgbox.c.obj
[153/409] Building C object CMakeFiles/X_Track_App_GCC.dir/D_/github/my/E-Track/Simulator/LVGL.Simulator/lvgl/src/extra/widgets/spinner/lv_spinner.c.obj
[154/409] Building C object CMakeFiles/X_Track_App_GCC.dir/D_/github/my/E-Track/Simulator/LVGL.Simulator/lvgl/src/extra/widgets/meter/lv_meter.c.obj
[155/409] Building C object CMakeFiles/X_Track_App_GCC.dir/D_/github/my/E-Track/Simulator/LVGL.Simulator/lvgl/src/extra/widgets/spinbox/lv_spinbox.c.obj
[156/409] Building C object CMakeFiles/X_Track_App_GCC.dir/D_/github/my/E-Track/Simulator/LVGL.Simulator/lvgl/src/extra/widgets/span/lv_span.c.obj
[157/409] Building C object CMakeFiles/X_Track_App_GCC.dir/D_/github/my/E-Track/Simulator/LVGL.Simulator/lvgl/src/extra/widgets/tabview/lv_tabview.c.obj
[158/409] Building C object CMakeFiles/X_Track_App_GCC.dir/D_/github/my/E-Track/Simulator/LVGL.Simulator/lvgl/src/extra/widgets/tileview/lv_tileview.c.obj
[159/409] Building C object CMakeFiles/X_Track_App_GCC.dir/D_/github/my/E-Track/Simulator/LVGL.Simulator/lvgl/src/font/lv_font.c.obj
[160/409] Building C object CMakeFiles/X_Track_App_GCC.dir/D_/github/my/E-Track/Simulator/LVGL.Simulator/lvgl/src/extra/widgets/win/lv_win.c.obj
[161/409] Building C object CMakeFiles/X_Track_App_GCC.dir/D_/github/my/E-Track/Simulator/LVGL.Simulator/lvgl/src/font/lv_font_dejavu_16_persian_hebrew.c.obj
[162/409] Building C object CMakeFiles/X_Track_App_GCC.dir/D_/github/my/E-Track/Simulator/LVGL.Simulator/lvgl/src/font/lv_font_fmt_txt.c.obj
[163/409] Building C object CMakeFiles/X_Track_App_GCC.dir/D_/github/my/E-Track/Simulator/LVGL.Simulator/lvgl/src/font/lv_font_montserrat_10.c.obj
[164/409] Building C object CMakeFiles/X_Track_App_GCC.dir/D_/github/my/E-Track/Simulator/LVGL.Simulator/lvgl/src/font/lv_font_loader.c.obj
[165/409] Building C object CMakeFiles/X_Track_App_GCC.dir/D_/github/my/E-Track/Simulator/LVGL.Simulator/lvgl/src/font/lv_font_montserrat_12.c.obj
[166/409] Building C object CMakeFiles/X_Track_App_GCC.dir/D_/github/my/E-Track/Simulator/LVGL.Simulator/lvgl/src/font/lv_font_montserrat_12_subpx.c.obj
[167/409] Building C object CMakeFiles/X_Track_App_GCC.dir/D_/github/my/E-Track/Simulator/LVGL.Simulator/lvgl/src/font/lv_font_montserrat_14.c.obj
[168/409] Building C object CMakeFiles/X_Track_App_GCC.dir/D_/github/my/E-Track/Simulator/LVGL.Simulator/lvgl/src/font/lv_font_montserrat_16.c.obj
[169/409] Building C object CMakeFiles/X_Track_App_GCC.dir/D_/github/my/E-Track/Simulator/LVGL.Simulator/lvgl/src/font/lv_font_montserrat_18.c.obj
[170/409] Building C object CMakeFiles/X_Track_App_GCC.dir/D_/github/my/E-Track/Simulator/LVGL.Simulator/lvgl/src/font/lv_font_montserrat_20.c.obj
[171/409] Building C object CMakeFiles/X_Track_App_GCC.dir/D_/github/my/E-Track/Simulator/LVGL.Simulator/lvgl/src/font/lv_font_montserrat_22.c.obj
[172/409] Building C object CMakeFiles/X_Track_App_GCC.dir/D_/github/my/E-Track/Simulator/LVGL.Simulator/lvgl/src/font/lv_font_montserrat_24.c.obj
[173/409] Building C object CMakeFiles/X_Track_App_GCC.dir/D_/github/my/E-Track/Simulator/LVGL.Simulator/lvgl/src/font/lv_font_montserrat_26.c.obj
[174/409] Building C object CMakeFiles/X_Track_App_GCC.dir/D_/github/my/E-Track/Simulator/LVGL.Simulator/lvgl/src/font/lv_font_montserrat_28.c.obj
[175/409] Building C object CMakeFiles/X_Track_App_GCC.dir/D_/github/my/E-Track/Simulator/LVGL.Simulator/lvgl/src/font/lv_font_montserrat_28_compressed.c.obj
[176/409] Building C object CMakeFiles/X_Track_App_GCC.dir/D_/github/my/E-Track/Simulator/LVGL.Simulator/lvgl/src/font/lv_font_montserrat_30.c.obj
[177/409] Building C object CMakeFiles/X_Track_App_GCC.dir/D_/github/my/E-Track/Simulator/LVGL.Simulator/lvgl/src/font/lv_font_montserrat_32.c.obj
[178/409] Building C object CMakeFiles/X_Track_App_GCC.dir/D_/github/my/E-Track/Simulator/LVGL.Simulator/lvgl/src/font/lv_font_montserrat_34.c.obj
[179/409] Building C object CMakeFiles/X_Track_App_GCC.dir/D_/github/my/E-Track/Simulator/LVGL.Simulator/lvgl/src/font/lv_font_montserrat_36.c.obj
[180/409] Building C object CMakeFiles/X_Track_App_GCC.dir/D_/github/my/E-Track/Simulator/LVGL.Simulator/lvgl/src/font/lv_font_montserrat_38.c.obj
[181/409] Building C object CMakeFiles/X_Track_App_GCC.dir/D_/github/my/E-Track/Simulator/LVGL.Simulator/lvgl/src/font/lv_font_montserrat_40.c.obj
[182/409] Building C object CMakeFiles/X_Track_App_GCC.dir/D_/github/my/E-Track/Simulator/LVGL.Simulator/lvgl/src/font/lv_font_montserrat_42.c.obj
[183/409] Building C object CMakeFiles/X_Track_App_GCC.dir/D_/github/my/E-Track/Simulator/LVGL.Simulator/lvgl/src/font/lv_font_montserrat_46.c.obj
[184/409] Building C object CMakeFiles/X_Track_App_GCC.dir/D_/github/my/E-Track/Simulator/LVGL.Simulator/lvgl/src/font/lv_font_montserrat_44.c.obj
[185/409] Building C object CMakeFiles/X_Track_App_GCC.dir/D_/github/my/E-Track/Simulator/LVGL.Simulator/lvgl/src/font/lv_font_montserrat_48.c.obj
[186/409] Building C object CMakeFiles/X_Track_App_GCC.dir/D_/github/my/E-Track/Simulator/LVGL.Simulator/lvgl/src/font/lv_font_montserrat_8.c.obj
[187/409] Building C object CMakeFiles/X_Track_App_GCC.dir/D_/github/my/E-Track/Simulator/LVGL.Simulator/lvgl/src/font/lv_font_simsun_16_cjk.c.obj
[188/409] Building C object CMakeFiles/X_Track_App_GCC.dir/D_/github/my/E-Track/Simulator/LVGL.Simulator/lvgl/src/font/lv_font_unscii_16.c.obj
[189/409] Building C object CMakeFiles/X_Track_App_GCC.dir/D_/github/my/E-Track/Simulator/LVGL.Simulator/lvgl/src/font/lv_font_unscii_8.c.obj
[190/409] Building C object CMakeFiles/X_Track_App_GCC.dir/D_/github/my/E-Track/Simulator/LVGL.Simulator/lvgl/src/hal/lv_hal_indev.c.obj
[191/409] Building C object CMakeFiles/X_Track_App_GCC.dir/D_/github/my/E-Track/Simulator/LVGL.Simulator/lvgl/src/hal/lv_hal_disp.c.obj
[192/409] Building C object CMakeFiles/X_Track_App_GCC.dir/D_/github/my/E-Track/Simulator/LVGL.Simulator/lvgl/src/misc/lv_anim.c.obj
[193/409] Building C object CMakeFiles/X_Track_App_GCC.dir/D_/github/my/E-Track/Simulator/LVGL.Simulator/lvgl/src/hal/lv_hal_tick.c.obj
[194/409] Building C object CMakeFiles/X_Track_App_GCC.dir/D_/github/my/E-Track/Simulator/LVGL.Simulator/lvgl/src/misc/lv_anim_timeline.c.obj
[195/409] Building C object CMakeFiles/X_Track_App_GCC.dir/D_/github/my/E-Track/Simulator/LVGL.Simulator/lvgl/src/misc/lv_area.c.obj
[196/409] Building C object CMakeFiles/X_Track_App_GCC.dir/D_/github/my/E-Track/Simulator/LVGL.Simulator/lvgl/src/misc/lv_async.c.obj
[197/409] Building C object CMakeFiles/X_Track_App_GCC.dir/D_/github/my/E-Track/Simulator/LVGL.Simulator/lvgl/src/misc/lv_bidi.c.obj
[198/409] Building C object CMakeFiles/X_Track_App_GCC.dir/D_/github/my/E-Track/Simulator/LVGL.Simulator/lvgl/src/misc/lv_gc.c.obj
[199/409] Building C object CMakeFiles/X_Track_App_GCC.dir/D_/github/my/E-Track/Simulator/LVGL.Simulator/lvgl/src/misc/lv_color.c.obj
[200/409] Building C object CMakeFiles/X_Track_App_GCC.dir/D_/github/my/E-Track/Simulator/LVGL.Simulator/lvgl/src/misc/lv_log.c.obj
[201/409] Building C object CMakeFiles/X_Track_App_GCC.dir/D_/github/my/E-Track/Simulator/LVGL.Simulator/lvgl/src/misc/lv_fs.c.obj
[202/409] Building C object CMakeFiles/X_Track_App_GCC.dir/D_/github/my/E-Track/Simulator/LVGL.Simulator/lvgl/src/misc/lv_ll.c.obj
[203/409] Building C object CMakeFiles/X_Track_App_GCC.dir/D_/github/my/E-Track/Simulator/LVGL.Simulator/lvgl/src/misc/lv_math.c.obj
[204/409] Building C object CMakeFiles/X_Track_App_GCC.dir/D_/github/my/E-Track/Simulator/LVGL.Simulator/lvgl/src/misc/lv_mem.c.obj
[205/409] Building C object CMakeFiles/X_Track_App_GCC.dir/D_/github/my/E-Track/Simulator/LVGL.Simulator/lvgl/src/misc/lv_printf.c.obj
[206/409] Building C object CMakeFiles/X_Track_App_GCC.dir/D_/github/my/E-Track/Simulator/LVGL.Simulator/lvgl/src/misc/lv_templ.c.obj
[207/409] Building C object CMakeFiles/X_Track_App_GCC.dir/D_/github/my/E-Track/Simulator/LVGL.Simulator/lvgl/src/misc/lv_style.c.obj
[208/409] Building C object CMakeFiles/X_Track_App_GCC.dir/D_/github/my/E-Track/Simulator/LVGL.Simulator/lvgl/src/misc/lv_style_gen.c.obj
[209/409] Building C object CMakeFiles/X_Track_App_GCC.dir/D_/github/my/E-Track/Simulator/LVGL.Simulator/lvgl/src/misc/lv_timer.c.obj
[210/409] Building C object CMakeFiles/X_Track_App_GCC.dir/D_/github/my/E-Track/Simulator/LVGL.Simulator/lvgl/src/misc/lv_tlsf.c.obj
D:/github/my/E-Track/Simulator/LVGL.Simulator/lvgl/src/misc/lv_tlsf.c: In function 'default_walker':
D:/github/my/E-Track/Simulator/LVGL.Simulator/lvgl/src/misc/lv_tlsf.c:888:35: warning: unused parameter 'ptr' [-Wunused-parameter]
  888 | static void default_walker(void * ptr, size_t size, int used, void * user)
      |                            ~~~~~~~^~~
D:/github/my/E-Track/Simulator/LVGL.Simulator/lvgl/src/misc/lv_tlsf.c:888:47: warning: unused parameter 'size' [-Wunused-parameter]
  888 | static void default_walker(void * ptr, size_t size, int used, void * user)
      |                                        ~~~~~~~^~~~
D:/github/my/E-Track/Simulator/LVGL.Simulator/lvgl/src/misc/lv_tlsf.c:888:57: warning: unused parameter 'used' [-Wunused-parameter]
  888 | static void default_walker(void * ptr, size_t size, int used, void * user)
      |                                                     ~~~~^~~~
[211/409] Building C object CMakeFiles/X_Track_App_GCC.dir/D_/github/my/E-Track/Simulator/LVGL.Simulator/lvgl/src/misc/lv_utils.c.obj
[212/409] Building C object CMakeFiles/X_Track_App_GCC.dir/D_/github/my/E-Track/Simulator/LVGL.Simulator/lvgl/src/misc/lv_txt_ap.c.obj
[213/409] Building C object CMakeFiles/X_Track_App_GCC.dir/D_/github/my/E-Track/Simulator/LVGL.Simulator/lvgl/src/misc/lv_txt.c.obj
[214/409] Building C object CMakeFiles/X_Track_App_GCC.dir/D_/github/my/E-Track/Simulator/LVGL.Simulator/lvgl/src/widgets/lv_bar.c.obj
[215/409] Building C object CMakeFiles/X_Track_App_GCC.dir/D_/github/my/E-Track/Simulator/LVGL.Simulator/lvgl/src/widgets/lv_btn.c.obj
[216/409] Building C object CMakeFiles/X_Track_App_GCC.dir/D_/github/my/E-Track/Simulator/LVGL.Simulator/lvgl/src/widgets/lv_arc.c.obj
[217/409] Building C object CMakeFiles/X_Track_App_GCC.dir/D_/github/my/E-Track/Simulator/LVGL.Simulator/lvgl/src/widgets/lv_checkbox.c.obj
[218/409] Building C object CMakeFiles/X_Track_App_GCC.dir/D_/github/my/E-Track/Simulator/LVGL.Simulator/lvgl/src/widgets/lv_btnmatrix.c.obj
[219/409] Building C object CMakeFiles/X_Track_App_GCC.dir/D_/github/my/E-Track/Simulator/LVGL.Simulator/lvgl/src/widgets/lv_canvas.c.obj
[220/409] Building C object CMakeFiles/X_Track_App_GCC.dir/D_/github/my/E-Track/Simulator/LVGL.Simulator/lvgl/src/widgets/lv_img.c.obj
[221/409] Building C object CMakeFiles/X_Track_App_GCC.dir/D_/github/my/E-Track/Simulator/LVGL.Simulator/lvgl/src/widgets/lv_dropdown.c.obj
[222/409] Building C object CMakeFiles/X_Track_App_GCC.dir/D_/github/my/E-Track/Simulator/LVGL.Simulator/lvgl/src/widgets/lv_line.c.obj
[223/409] Building C object CMakeFiles/X_Track_App_GCC.dir/D_/github/my/E-Track/Simulator/LVGL.Simulator/lvgl/src/widgets/lv_objx_templ.c.obj
[224/409] Building C object CMakeFiles/X_Track_App_GCC.dir/D_/github/my/E-Track/Simulator/LVGL.Simulator/lvgl/src/widgets/lv_label.c.obj
[225/409] Building C object CMakeFiles/X_Track_App_GCC.dir/D_/github/my/E-Track/Simulator/LVGL.Simulator/lvgl/src/widgets/lv_roller.c.obj
[226/409] Building C object CMakeFiles/X_Track_App_GCC.dir/D_/github/my/E-Track/Simulator/LVGL.Simulator/lvgl/src/widgets/lv_slider.c.obj
[227/409] Building C object CMakeFiles/X_Track_App_GCC.dir/D_/github/my/E-Track/Simulator/LVGL.Simulator/lvgl/src/widgets/lv_switch.c.obj
[228/409] Building C object CMakeFiles/X_Track_App_GCC.dir/D_/github/my/E-Track/Simulator/LVGL.Simulator/lvgl/src/widgets/lv_table.c.obj
[229/409] Building C object CMakeFiles/X_Track_App_GCC.dir/D_/github/my/E-Track/Simulator/LVGL.Simulator/lvgl/src/widgets/lv_textarea.c.obj
[230/409] Building CXX object CMakeFiles/X_Track_App_GCC.dir/D_/github/my/E-Track/USER/App/App.cpp.obj
In file included from D:/github/my/E-Track/USER/App/Utils/PageManager/PageManager.h:27,
                 from D:/github/my/E-Track/USER/App/Pages/AppFactory.h:23,
                 from D:/github/my/E-Track/USER/App/App.cpp:26:
D:/github/my/E-Track/USER/App/Utils/PageManager/PageFactory.h: In member function 'virtual PageBase* PageFactory::CreatePage(const char*)':
D:/github/my/E-Track/USER/App/Utils/PageManager/PageFactory.h:32:46: warning: unused parameter 'name' [-Wunused-parameter]
   32 |     virtual PageBase* CreatePage(const char* name)
      |                                  ~~~~~~~~~~~~^~~~
[231/409] Building CXX object CMakeFiles/X_Track_App_GCC.dir/D_/github/my/E-Track/USER/App/Common/DataProc/DP_Clock.cpp.obj
D:/github/my/E-Track/USER/App/Common/DataProc/DP_Clock.cpp: In function 'const char* DataProc::MakeTimeString(uint64_t, char*, uint16_t)':
D:/github/my/E-Track/USER/App/Common/DataProc/DP_Clock.cpp:23:11: warning: format '%d' expects argument of type 'int', but argument 4 has type 'uint32_t' {aka 'long unsigned int'} [-Wformat=]
   23 |         "%d:%02d:%02d",
      |          ~^
      |           |
      |           int
      |          %ld
   24 |         hh,
      |         ~~ 
      |         |
      |         uint32_t {aka long unsigned int}
D:/github/my/E-Track/USER/App/Common/DataProc/DP_Clock.cpp:23:16: warning: format '%d' expects argument of type 'int', but argument 5 has type 'uint32_t' {aka 'long unsigned int'} [-Wformat=]
   23 |         "%d:%02d:%02d",
      |             ~~~^
      |                |
      |                int
      |             %02ld
   24 |         hh,
   25 |         (uint32_t)(mm % 60),
      |         ~~~~~~~~~~~~~~~~~~~
      |         |
      |         uint32_t {aka long unsigned int}
D:/github/my/E-Track/USER/App/Common/DataProc/DP_Clock.cpp:23:21: warning: format '%d' expects argument of type 'int', but argument 6 has type 'uint32_t' {aka 'long unsigned int'} [-Wformat=]
   23 |         "%d:%02d:%02d",
      |                  ~~~^
      |                     |
      |                     int
      |                  %02ld
......
   26 |         (uint32_t)(ss % 60)
      |         ~~~~~~~~~~~~~~~~~~~
      |         |
      |         uint32_t {aka long unsigned int}
[232/409] Building CXX object CMakeFiles/X_Track_App_GCC.dir/D_/github/my/E-Track/USER/App/Common/DataProc/DP_GPS.cpp.obj
[233/409] Building CXX object CMakeFiles/X_Track_App_GCC.dir/D_/github/my/E-Track/USER/App/Common/DataProc/DP_IMU.cpp.obj
[234/409] Building CXX object CMakeFiles/X_Track_App_GCC.dir/D_/github/my/E-Track/USER/App/Common/DataProc/DP_MAG.cpp.obj
[235/409] Building CXX object CMakeFiles/X_Track_App_GCC.dir/D_/github/my/E-Track/USER/App/Common/DataProc/DP_MusicPlayer.cpp.obj
D:/github/my/E-Track/USER/App/Common/DataProc/DP_MusicPlayer.cpp: In function 'int onEvent(Account*, Account::EventParam_t*)':
D:/github/my/E-Track/USER/App/Common/DataProc/DP_MusicPlayer.cpp:4:29: warning: unused parameter 'account' [-Wunused-parameter]
    4 | static int onEvent(Account* account, Account::EventParam_t* param)
      |                    ~~~~~~~~~^~~~~~~
[236/409] Building CXX object CMakeFiles/X_Track_App_GCC.dir/D_/github/my/E-Track/USER/App/Common/DataProc/DP_Power.cpp.obj
[237/409] Building CXX object CMakeFiles/X_Track_App_GCC.dir/D_/github/my/E-Track/USER/App/Common/DataProc/DP_Navigation.cpp.obj
D:/github/my/E-Track/USER/App/Common/DataProc/DP_Navigation.cpp: In function 'void ProcessImportByte(char)':
D:/github/my/E-Track/USER/App/Common/DataProc/DP_Navigation.cpp:404:36: warning: comparison of integer expressions of different signedness: 'int' and 'unsigned int' [-Wsign-compare]
  404 |         if (importState.tagLen + 1 < sizeof(importState.tag))
      |             ~~~~~~~~~~~~~~~~~~~~~~~^~~~~~~~~~~~~~~~~~~~~~~~~
[238/409] Building CXX object CMakeFiles/X_Track_App_GCC.dir/D_/github/my/E-Track/USER/App/Common/DataProc/DP_SportStatus.cpp.obj
[239/409] Building CXX object CMakeFiles/X_Track_App_GCC.dir/D_/github/my/E-Track/USER/App/Common/DataProc/DP_Storage.cpp.obj
[240/409] Building CXX object CMakeFiles/X_Track_App_GCC.dir/D_/github/my/E-Track/USER/App/Common/DataProc/DP_Recorder.cpp.obj
D:/github/my/E-Track/USER/App/Common/DataProc/DP_Recorder.cpp: In function 'void Recorder_RecStart(Recorder_t*, uint16_t)':
D:/github/my/E-Track/USER/App/Common/DataProc/DP_Recorder.cpp:93:62: warning: unused parameter 'time' [-Wunused-parameter]
   93 | static void Recorder_RecStart(Recorder_t* recorder, uint16_t time)
      |                                                     ~~~~~~~~~^~~~
[241/409] Building CXX object CMakeFiles/X_Track_App_GCC.dir/D_/github/my/E-Track/USER/App/Common/DataProc/DP_SysConfig.cpp.obj
[242/409] Building CXX object CMakeFiles/X_Track_App_GCC.dir/D_/github/my/E-Track/USER/App/Common/DataProc/DP_TrackFilter.cpp.obj
D:/github/my/E-Track/USER/App/Common/DataProc/DP_TrackFilter.cpp: In function 'void onNotify(Account*, DataProc::TrackFilter_Info_t*)':
D:/github/my/E-Track/USER/App/Common/DataProc/DP_TrackFilter.cpp:22:31: warning: unused parameter 'account' [-Wunused-parameter]
   22 | static void onNotify(Account* account, TrackFilter_Info_t* info)
      |                      ~~~~~~~~~^~~~~~~
D:/github/my/E-Track/USER/App/Common/DataProc/DP_TrackFilter.cpp: In function 'void onPublish(Account*, HAL::GPS_Info_t*)':
D:/github/my/E-Track/USER/App/Common/DataProc/DP_TrackFilter.cpp:67:32: warning: unused parameter 'account' [-Wunused-parameter]
   67 | static void onPublish(Account* account, HAL::GPS_Info_t* gps)
      |                       ~~~~~~~~~^~~~~~~
[243/409] Building CXX object CMakeFiles/X_Track_App_GCC.dir/D_/github/my/E-Track/USER/App/Common/DataProc/DP_TzConv.cpp.obj
[244/409] Building CXX object CMakeFiles/X_Track_App_GCC.dir/D_/github/my/E-Track/USER/App/Common/DataProc/DataProc.cpp.obj
[245/409] Building CXX object CMakeFiles/X_Track_App_GCC.dir/D_/github/my/E-Track/USER/App/Pages/AppFactory.cpp.obj
In file included from D:/github/my/E-Track/USER/App/Utils/PageManager/PageManager.h:27,
                 from D:/github/my/E-Track/USER/App/Pages/AppFactory.h:23,
                 from D:/github/my/E-Track/USER/App/Pages/AppFactory.cpp:23:
D:/github/my/E-Track/USER/App/Utils/PageManager/PageFactory.h: In member function 'virtual PageBase* PageFactory::CreatePage(const char*)':
D:/github/my/E-Track/USER/App/Utils/PageManager/PageFactory.h:32:46: warning: unused parameter 'name' [-Wunused-parameter]
   32 |     virtual PageBase* CreatePage(const char* name)
      |                                  ~~~~~~~~~~~~^~~~
[246/409] Building CXX object CMakeFiles/X_Track_App_GCC.dir/D_/github/my/E-Track/USER/App/Pages/Dialplate/Dialplate.cpp.obj
In file included from D:/github/my/E-Track/USER/App/Utils/PageManager/PageManager.h:27,
                 from D:/github/my/E-Track/USER/App/Pages/Page.h:32,
                 from D:/github/my/E-Track/USER/App/Pages/Dialplate/DialplateView.h:4,
                 from D:/github/my/E-Track/USER/App/Pages/Dialplate/Dialplate.h:4,
                 from D:/github/my/E-Track/USER/App/Pages/Dialplate/Dialplate.cpp:1:
D:/github/my/E-Track/USER/App/Utils/PageManager/PageFactory.h: In member function 'virtual PageBase* PageFactory::CreatePage(const char*)':
D:/github/my/E-Track/USER/App/Utils/PageManager/PageFactory.h:32:46: warning: unused parameter 'name' [-Wunused-parameter]
   32 |     virtual PageBase* CreatePage(const char* name)
      |                                  ~~~~~~~~~~~~^~~~
[247/409] Building CXX object CMakeFiles/X_Track_App_GCC.dir/D_/github/my/E-Track/USER/App/Pages/Dialplate/DialplateModel.cpp.obj
[248/409] Building CXX object CMakeFiles/X_Track_App_GCC.dir/D_/github/my/E-Track/USER/App/Pages/LiveMap/LiveMapModel.cpp.obj
[249/409] Building CXX object CMakeFiles/X_Track_App_GCC.dir/D_/github/my/E-Track/USER/App/Pages/Dialplate/DialplateView.cpp.obj
In file included from D:/github/my/E-Track/USER/App/Utils/PageManager/PageManager.h:27,
                 from D:/github/my/E-Track/USER/App/Pages/Page.h:32,
                 from D:/github/my/E-Track/USER/App/Pages/Dialplate/DialplateView.h:4,
                 from D:/github/my/E-Track/USER/App/Pages/Dialplate/DialplateView.cpp:1:
D:/github/my/E-Track/USER/App/Utils/PageManager/PageFactory.h: In member function 'virtual PageBase* PageFactory::CreatePage(const char*)':
D:/github/my/E-Track/USER/App/Utils/PageManager/PageFactory.h:32:46: warning: unused parameter 'name' [-Wunused-parameter]
   32 |     virtual PageBase* CreatePage(const char* name)
      |                                  ~~~~~~~~~~~~^~~~
[250/409] Building CXX object CMakeFiles/X_Track_App_GCC.dir/D_/github/my/E-Track/USER/App/Pages/LiveMap/LiveMapView.cpp.obj
In file included from D:/github/my/E-Track/USER/App/Utils/PageManager/PageManager.h:27,
                 from D:/github/my/E-Track/USER/App/Pages/Page.h:32,
                 from D:/github/my/E-Track/USER/App/Pages/LiveMap/LiveMapView.h:4,
                 from D:/github/my/E-Track/USER/App/Pages/LiveMap/LiveMapView.cpp:1:
D:/github/my/E-Track/USER/App/Utils/PageManager/PageFactory.h: In member function 'virtual PageBase* PageFactory::CreatePage(const char*)':
D:/github/my/E-Track/USER/App/Utils/PageManager/PageFactory.h:32:46: warning: unused parameter 'name' [-Wunused-parameter]
   32 |     virtual PageBase* CreatePage(const char* name)
      |                                  ~~~~~~~~~~~~^~~~
[251/409] Building CXX object CMakeFiles/X_Track_App_GCC.dir/D_/github/my/E-Track/USER/App/Pages/LiveMap/LiveMap.cpp.obj
In file included from D:/github/my/E-Track/USER/App/Utils/PageManager/PageManager.h:27,
                 from D:/github/my/E-Track/USER/App/Pages/Page.h:32,
                 from D:/github/my/E-Track/USER/App/Pages/LiveMap/LiveMapView.h:4,
                 from D:/github/my/E-Track/USER/App/Pages/LiveMap/LiveMap.h:4,
                 from D:/github/my/E-Track/USER/App/Pages/LiveMap/LiveMap.cpp:1:
D:/github/my/E-Track/USER/App/Utils/PageManager/PageFactory.h: In member function 'virtual PageBase* PageFactory::CreatePage(const char*)':
D:/github/my/E-Track/USER/App/Utils/PageManager/PageFactory.h:32:46: warning: unused parameter 'name' [-Wunused-parameter]
   32 |     virtual PageBase* CreatePage(const char* name)
      |                                  ~~~~~~~~~~~~^~~~
D:/github/my/E-Track/USER/App/Pages/LiveMap/LiveMap.cpp: In static member function 'static void Page::LiveMap::onEvent(lv_event_t*)':
D:/github/my/E-Track/USER/App/Pages/LiveMap/LiveMap.cpp:1443:71: warning: format '%d' expects argument of type 'int', but argument 3 has type 'int32_t' {aka 'long int'} [-Wformat=]
 1443 |             lv_label_set_text_fmt(instance->View.ui.zoom.labelInfo, "%d/%d", level, levelMax);
      |                                                                      ~^      ~~~~~
      |                                                                       |      |
      |                                                                       int    int32_t {aka long int}
      |                                                                      %ld
D:/github/my/E-Track/USER/App/Pages/LiveMap/LiveMap.cpp:1443:74: warning: format '%d' expects argument of type 'int', but argument 4 has type 'int32_t' {aka 'long int'} [-Wformat=]
 1443 |             lv_label_set_text_fmt(instance->View.ui.zoom.labelInfo, "%d/%d", level, levelMax);
      |                                                                         ~^          ~~~~~~~~
      |                                                                          |          |
      |                                                                          int        int32_t {aka long int}
      |                                                                         %ld
[252/409] Building CXX object CMakeFiles/X_Track_App_GCC.dir/D_/github/my/E-Track/USER/App/Pages/Menu/MainMenu.cpp.obj
In file included from D:/github/my/E-Track/USER/App/Utils/PageManager/PageManager.h:27,
                 from D:/github/my/E-Track/USER/App/Pages/Page.h:32,
                 from D:/github/my/E-Track/USER/App/Pages/Menu/MainMenu.h:4,
                 from D:/github/my/E-Track/USER/App/Pages/Menu/MainMenu.cpp:1:
D:/github/my/E-Track/USER/App/Utils/PageManager/PageFactory.h: In member function 'virtual PageBase* PageFactory::CreatePage(const char*)':
D:/github/my/E-Track/USER/App/Utils/PageManager/PageFactory.h:32:46: warning: unused parameter 'name' [-Wunused-parameter]
   32 |     virtual PageBase* CreatePage(const char* name)
      |                                  ~~~~~~~~~~~~^~~~
[253/409] Building CXX object CMakeFiles/X_Track_App_GCC.dir/D_/github/my/E-Track/USER/App/Pages/RouteImport/RouteImport.cpp.obj
In file included from D:/github/my/E-Track/USER/App/Utils/PageManager/PageManager.h:27,
                 from D:/github/my/E-Track/USER/App/Pages/Page.h:32,
                 from D:/github/my/E-Track/USER/App/Pages/RouteImport/RouteImport.h:4,
                 from D:/github/my/E-Track/USER/App/Pages/RouteImport/RouteImport.cpp:1:
D:/github/my/E-Track/USER/App/Utils/PageManager/PageFactory.h: In member function 'virtual PageBase* PageFactory::CreatePage(const char*)':
D:/github/my/E-Track/USER/App/Utils/PageManager/PageFactory.h:32:46: warning: unused parameter 'name' [-Wunused-parameter]
   32 |     virtual PageBase* CreatePage(const char* name)
      |                                  ~~~~~~~~~~~~^~~~
[254/409] Building CXX object CMakeFiles/X_Track_App_GCC.dir/D_/github/my/E-Track/USER/App/Pages/StartUp/StartUp.cpp.obj
In file included from D:/github/my/E-Track/USER/App/Utils/PageManager/PageManager.h:27,
                 from D:/github/my/E-Track/USER/App/Pages/Page.h:32,
                 from D:/github/my/E-Track/USER/App/Pages/StartUp/StartUpView.h:4,
                 from D:/github/my/E-Track/USER/App/Pages/StartUp/StartUp.h:4,
                 from D:/github/my/E-Track/USER/App/Pages/StartUp/StartUp.cpp:1:
D:/github/my/E-Track/USER/App/Utils/PageManager/PageFactory.h: In member function 'virtual PageBase* PageFactory::CreatePage(const char*)':
D:/github/my/E-Track/USER/App/Utils/PageManager/PageFactory.h:32:46: warning: unused parameter 'name' [-Wunused-parameter]
   32 |     virtual PageBase* CreatePage(const char* name)
      |                                  ~~~~~~~~~~~~^~~~
[255/409] Building CXX object CMakeFiles/X_Track_App_GCC.dir/D_/github/my/E-Track/USER/App/Pages/StartUp/StartUpModel.cpp.obj
[256/409] Building CXX object CMakeFiles/X_Track_App_GCC.dir/D_/github/my/E-Track/USER/App/Pages/RouteSelect/RouteSelect.cpp.obj
In file included from D:/github/my/E-Track/USER/App/Utils/PageManager/PageManager.h:27,
                 from D:/github/my/E-Track/USER/App/Pages/Page.h:32,
                 from D:/github/my/E-Track/USER/App/Pages/RouteSelect/RouteSelect.h:4,
                 from D:/github/my/E-Track/USER/App/Pages/RouteSelect/RouteSelect.cpp:1:
D:/github/my/E-Track/USER/App/Utils/PageManager/PageFactory.h: In member function 'virtual PageBase* PageFactory::CreatePage(const char*)':
D:/github/my/E-Track/USER/App/Utils/PageManager/PageFactory.h:32:46: warning: unused parameter 'name' [-Wunused-parameter]
   32 |     virtual PageBase* CreatePage(const char* name)
      |                                  ~~~~~~~~~~~~^~~~
[257/409] Building CXX object CMakeFiles/X_Track_App_GCC.dir/D_/github/my/E-Track/USER/App/Pages/StartUp/StartUpView.cpp.obj
In file included from D:/github/my/E-Track/USER/App/Utils/PageManager/PageManager.h:27,
                 from D:/github/my/E-Track/USER/App/Pages/Page.h:32,
                 from D:/github/my/E-Track/USER/App/Pages/StartUp/StartUpView.h:4,
                 from D:/github/my/E-Track/USER/App/Pages/StartUp/StartUpView.cpp:1:
D:/github/my/E-Track/USER/App/Utils/PageManager/PageFactory.h: In member function 'virtual PageBase* PageFactory::CreatePage(const char*)':
D:/github/my/E-Track/USER/App/Utils/PageManager/PageFactory.h:32:46: warning: unused parameter 'name' [-Wunused-parameter]
   32 |     virtual PageBase* CreatePage(const char* name)
      |                                  ~~~~~~~~~~~~^~~~
D:/github/my/E-Track/USER/App/Pages/StartUp/StartUpView.cpp: In member function 'void Page::StartupView::Create(lv_obj_t*)':
D:/github/my/E-Track/USER/App/Pages/StartUp/StartUpView.cpp:304:33: warning: cast between incompatible function types from 'void (*)(_lv_obj_t*, lv_coord_t)' {aka 'void (*)(_lv_obj_t*, short int)'} to 'lv_anim_exec_xcb_t' {aka 'void (*)(void*, long int)'} [-Wcast-function-type]
  304 |         lv_anim_set_exec_cb(&a, (lv_anim_exec_xcb_t)lv_obj_set_width);
      |                                 ^~~~~~~~~~~~~~~~~~~~~~~~~~~~~~~~~~~~
D:/github/my/E-Track/USER/App/Pages/StartUp/StartUpView.cpp:315:33: warning: cast between incompatible function types from 'void (*)(_lv_obj_t*, lv_coord_t)' {aka 'void (*)(_lv_obj_t*, short int)'} to 'lv_anim_exec_xcb_t' {aka 'void (*)(void*, long int)'} [-Wcast-function-type]
  315 |         lv_anim_set_exec_cb(&a, (lv_anim_exec_xcb_t)lv_obj_set_x);
      |                                 ^~~~~~~~~~~~~~~~~~~~~~~~~~~~~~~~
[258/409] Building CXX object CMakeFiles/X_Track_App_GCC.dir/D_/github/my/E-Track/USER/App/Pages/StatusBar/StatusBar.cpp.obj
In file included from D:/github/my/E-Track/USER/App/Utils/PageManager/PageManager.h:27,
                 from D:/github/my/E-Track/USER/App/Pages/Page.h:32,
                 from D:/github/my/E-Track/USER/App/Pages/StatusBar/StatusBar.cpp:24:
D:/github/my/E-Track/USER/App/Utils/PageManager/PageFactory.h: In member function 'virtual PageBase* PageFactory::CreatePage(const char*)':
D:/github/my/E-Track/USER/App/Utils/PageManager/PageFactory.h:32:46: warning: unused parameter 'name' [-Wunused-parameter]
   32 |     virtual PageBase* CreatePage(const char* name)
      |                                  ~~~~~~~~~~~~^~~~
D:/github/my/E-Track/USER/App/Pages/StatusBar/StatusBar.cpp: In function 'void StatusBar_Update(lv_timer_t*)':
D:/github/my/E-Track/USER/App/Pages/StatusBar/StatusBar.cpp:142:42: warning: unused parameter 'timer' [-Wunused-parameter]
  142 | static void StatusBar_Update(lv_timer_t* timer)
      |                              ~~~~~~~~~~~~^~~~~
In file included from D:/github/my/E-Track/USER/App/Pages/Page.h:33:
D:/github/my/E-Track/USER/App/Pages/StatusBar/StatusBar.cpp: In function 'void StatusBar_Appear(bool)':
D:/github/my/E-Track/USER/App/Utils/lv_ext/lv_obj_ext_func.h:29:33: warning: cast between incompatible function types from 'void (*)(_lv_obj_t*, lv_coord_t)' {aka 'void (*)(_lv_obj_t*, short int)'} to 'lv_anim_exec_xcb_t' {aka 'void (*)(void*, long int)'} [-Wcast-function-type]
   29 | #define LV_ANIM_EXEC(attr)      (lv_anim_exec_xcb_t)lv_obj_set_##attr
      |                                 ^~~~~~~~~~~~~~~~~~~~~~~~~~~~~~~
D:/github/my/E-Track/USER/App/Pages/StatusBar/StatusBar.cpp:384:30: note: in expansion of macro 'LV_ANIM_EXEC'
  384 |         lv_anim_del(ui.cont, LV_ANIM_EXEC(y));
      |                              ^~~~~~~~~~~~
D:/github/my/E-Track/USER/App/Utils/lv_ext/lv_obj_ext_func.h:29:33: warning: cast between incompatible function types from 'void (*)(_lv_obj_t*, lv_coord_t)' {aka 'void (*)(_lv_obj_t*, short int)'} to 'lv_anim_exec_xcb_t' {aka 'void (*)(void*, long int)'} [-Wcast-function-type]
   29 | #define LV_ANIM_EXEC(attr)      (lv_anim_exec_xcb_t)lv_obj_set_##attr
      |                                 ^~~~~~~~~~~~~~~~~~~~~~~~~~~~~~~
D:/github/my/E-Track/USER/App/Pages/StatusBar/StatusBar.cpp:398:29: note: in expansion of macro 'LV_ANIM_EXEC'
  398 |     lv_anim_set_exec_cb(&a, LV_ANIM_EXEC(y));
      |                             ^~~~~~~~~~~~
D:/github/my/E-Track/USER/App/Pages/StatusBar/StatusBar.cpp: In function 'int onEvent(Account*, Account::EventParam_t*)':
D:/github/my/E-Track/USER/App/Pages/StatusBar/StatusBar.cpp:404:29: warning: unused parameter 'account' [-Wunused-parameter]
  404 | static int onEvent(Account* account, Account::EventParam_t* param)
      |                    ~~~~~~~~~^~~~~~~
[259/409] Building CXX object CMakeFiles/X_Track_App_GCC.dir/D_/github/my/E-Track/USER/App/Pages/SystemInfos/SystemInfos.cpp.obj
In file included from D:/github/my/E-Track/USER/App/Utils/PageManager/PageManager.h:27,
                 from D:/github/my/E-Track/USER/App/Pages/Page.h:32,
                 from D:/github/my/E-Track/USER/App/Pages/SystemInfos/SystemInfosView.h:4,
                 from D:/github/my/E-Track/USER/App/Pages/SystemInfos/SystemInfos.h:4,
                 from D:/github/my/E-Track/USER/App/Pages/SystemInfos/SystemInfos.cpp:1:
D:/github/my/E-Track/USER/App/Utils/PageManager/PageFactory.h: In member function 'virtual PageBase* PageFactory::CreatePage(const char*)':
D:/github/my/E-Track/USER/App/Utils/PageManager/PageFactory.h:32:46: warning: unused parameter 'name' [-Wunused-parameter]
   32 |     virtual PageBase* CreatePage(const char* name)
      |                                  ~~~~~~~~~~~~^~~~
D:/github/my/E-Track/USER/App/Pages/SystemInfos/SystemInfos.cpp: In member function 'virtual void Page::SystemInfos::onViewLoad()':
D:/github/my/E-Track/USER/App/Pages/SystemInfos/SystemInfos.cpp:28:23: warning: comparison of integer expressions of different signedness: 'int' and 'unsigned int' [-Wsign-compare]
   28 |     for (int i = 0; i < sizeof(View.ui) / sizeof(SystemInfosView::item_t); i++)
      |                     ~~^~~~~~~~~~~~~~~~~~~~~~~~~~~~~~~~~~~~~~~~~~~~~~~~~~~
[260/409] Building CXX object CMakeFiles/X_Track_App_GCC.dir/D_/github/my/E-Track/USER/App/Pages/SystemInfos/SystemInfosModel.cpp.obj
D:/github/my/E-Track/USER/App/Pages/SystemInfos/SystemInfosModel.cpp: In member function 'void Page::SystemInfosModel::GetSportInfo(float*, char*, uint32_t, float*)':
D:/github/my/E-Track/USER/App/Pages/SystemInfos/SystemInfosModel.cpp:35:41: warning: missing initializer for member 'HAL::SportStatus_Info_t::weight' [-Wmissing-field-initializers]
   35 |     HAL::SportStatus_Info_t sport = { 0 };
      |                                         ^
D:/github/my/E-Track/USER/App/Pages/SystemInfos/SystemInfosModel.cpp:35:41: warning: missing initializer for member 'HAL::SportStatus_Info_t::speedKph' [-Wmissing-field-initializers]
D:/github/my/E-Track/USER/App/Pages/SystemInfos/SystemInfosModel.cpp:35:41: warning: missing initializer for member 'HAL::SportStatus_Info_t::speedMaxKph' [-Wmissing-field-initializers]
D:/github/my/E-Track/USER/App/Pages/SystemInfos/SystemInfosModel.cpp:35:41: warning: missing initializer for member 'HAL::SportStatus_Info_t::speedAvgKph' [-Wmissing-field-initializers]
D:/github/my/E-Track/USER/App/Pages/SystemInfos/SystemInfosModel.cpp:35:41: warning: missing initializer for member 'HAL::SportStatus_Info_t::<anonymous>' [-Wmissing-field-initializers]
D:/github/my/E-Track/USER/App/Pages/SystemInfos/SystemInfosModel.cpp:35:41: warning: missing initializer for member 'HAL::SportStatus_Info_t::totalDistance' [-Wmissing-field-initializers]
D:/github/my/E-Track/USER/App/Pages/SystemInfos/SystemInfosModel.cpp:35:41: warning: missing initializer for member 'HAL::SportStatus_Info_t::<anonymous>' [-Wmissing-field-initializers]
D:/github/my/E-Track/USER/App/Pages/SystemInfos/SystemInfosModel.cpp:35:41: warning: missing initializer for member 'HAL::SportStatus_Info_t::singleDistance' [-Wmissing-field-initializers]
D:/github/my/E-Track/USER/App/Pages/SystemInfos/SystemInfosModel.cpp:35:41: warning: missing initializer for member 'HAL::SportStatus_Info_t::singleCalorie' [-Wmissing-field-initializers]
D:/github/my/E-Track/USER/App/Pages/SystemInfos/SystemInfosModel.cpp: In member function 'void Page::SystemInfosModel::GetGPSInfo(float*, float*, float*, char*, uint32_t, float*, float*)':
D:/github/my/E-Track/USER/App/Pages/SystemInfos/SystemInfosModel.cpp:51:31: warning: missing initializer for member 'HAL::GPS_Info_t::latitude' [-Wmissing-field-initializers]
   51 |     HAL::GPS_Info_t gps = { 0 };
      |                               ^
D:/github/my/E-Track/USER/App/Pages/SystemInfos/SystemInfosModel.cpp:51:31: warning: missing initializer for member 'HAL::GPS_Info_t::altitude' [-Wmissing-field-initializers]
D:/github/my/E-Track/USER/App/Pages/SystemInfos/SystemInfosModel.cpp:51:31: warning: missing initializer for member 'HAL::GPS_Info_t::course' [-Wmissing-field-initializers]
D:/github/my/E-Track/USER/App/Pages/SystemInfos/SystemInfosModel.cpp:51:31: warning: missing initializer for member 'HAL::GPS_Info_t::speed' [-Wmissing-field-initializers]
D:/github/my/E-Track/USER/App/Pages/SystemInfos/SystemInfosModel.cpp:51:31: warning: missing initializer for member 'HAL::GPS_Info_t::satellites' [-Wmissing-field-initializers]
D:/github/my/E-Track/USER/App/Pages/SystemInfos/SystemInfosModel.cpp:51:31: warning: missing initializer for member 'HAL::GPS_Info_t::isVaild' [-Wmissing-field-initializers]
D:/github/my/E-Track/USER/App/Pages/SystemInfos/SystemInfosModel.cpp:51:31: warning: missing initializer for member 'HAL::GPS_Info_t::clock' [-Wmissing-field-initializers]
D:/github/my/E-Track/USER/App/Pages/SystemInfos/SystemInfosModel.cpp: In member function 'void Page::SystemInfosModel::GetMAGInfo(float*, int*, int*, int*)':
D:/github/my/E-Track/USER/App/Pages/SystemInfos/SystemInfosModel.cpp:77:31: warning: missing initializer for member 'HAL::MAG_Info_t::y' [-Wmissing-field-initializers]
   77 |     HAL::MAG_Info_t mag = { 0 };
      |                               ^
D:/github/my/E-Track/USER/App/Pages/SystemInfos/SystemInfosModel.cpp:77:31: warning: missing initializer for member 'HAL::MAG_Info_t::z' [-Wmissing-field-initializers]
D:/github/my/E-Track/USER/App/Pages/SystemInfos/SystemInfosModel.cpp: In member function 'void Page::SystemInfosModel::GetIMUInfo(int*, char*, uint32_t)':
D:/github/my/E-Track/USER/App/Pages/SystemInfos/SystemInfosModel.cpp:92:31: warning: missing initializer for member 'HAL::IMU_Info_t::ay' [-Wmissing-field-initializers]
   92 |     HAL::IMU_Info_t imu = { 0 };
      |                               ^
D:/github/my/E-Track/USER/App/Pages/SystemInfos/SystemInfosModel.cpp:92:31: warning: missing initializer for member 'HAL::IMU_Info_t::az' [-Wmissing-field-initializers]
D:/github/my/E-Track/USER/App/Pages/SystemInfos/SystemInfosModel.cpp:92:31: warning: missing initializer for member 'HAL::IMU_Info_t::gx' [-Wmissing-field-initializers]
D:/github/my/E-Track/USER/App/Pages/SystemInfos/SystemInfosModel.cpp:92:31: warning: missing initializer for member 'HAL::IMU_Info_t::gy' [-Wmissing-field-initializers]
D:/github/my/E-Track/USER/App/Pages/SystemInfos/SystemInfosModel.cpp:92:31: warning: missing initializer for member 'HAL::IMU_Info_t::gz' [-Wmissing-field-initializers]
D:/github/my/E-Track/USER/App/Pages/SystemInfos/SystemInfosModel.cpp:92:31: warning: missing initializer for member 'HAL::IMU_Info_t::steps' [-Wmissing-field-initializers]
D:/github/my/E-Track/USER/App/Pages/SystemInfos/SystemInfosModel.cpp: In member function 'void Page::SystemInfosModel::GetRTCInfo(char*, uint32_t)':
D:/github/my/E-Track/USER/App/Pages/SystemInfos/SystemInfosModel.cpp:113:35: warning: missing initializer for member 'HAL::Clock_Info_t::month' [-Wmissing-field-initializers]
  113 |     HAL::Clock_Info_t clock = { 0 };
      |                                   ^
D:/github/my/E-Track/USER/App/Pages/SystemInfos/SystemInfosModel.cpp:113:35: warning: missing initializer for member 'HAL::Clock_Info_t::day' [-Wmissing-field-initializers]
D:/github/my/E-Track/USER/App/Pages/SystemInfos/SystemInfosModel.cpp:113:35: warning: missing initializer for member 'HAL::Clock_Info_t::week' [-Wmissing-field-initializers]
D:/github/my/E-Track/USER/App/Pages/SystemInfos/SystemInfosModel.cpp:113:35: warning: missing initializer for member 'HAL::Clock_Info_t::hour' [-Wmissing-field-initializers]
D:/github/my/E-Track/USER/App/Pages/SystemInfos/SystemInfosModel.cpp:113:35: warning: missing initializer for member 'HAL::Clock_Info_t::minute' [-Wmissing-field-initializers]
D:/github/my/E-Track/USER/App/Pages/SystemInfos/SystemInfosModel.cpp:113:35: warning: missing initializer for member 'HAL::Clock_Info_t::second' [-Wmissing-field-initializers]
D:/github/my/E-Track/USER/App/Pages/SystemInfos/SystemInfosModel.cpp:113:35: warning: missing initializer for member 'HAL::Clock_Info_t::millisecond' [-Wmissing-field-initializers]
D:/github/my/E-Track/USER/App/Pages/SystemInfos/SystemInfosModel.cpp: In member function 'void Page::SystemInfosModel::GetBatteryInfo(int*, float*, char*, uint32_t)':
D:/github/my/E-Track/USER/App/Pages/SystemInfos/SystemInfosModel.cpp:134:35: warning: missing initializer for member 'HAL::Power_Info_t::usage' [-Wmissing-field-initializers]
  134 |     HAL::Power_Info_t power = { 0 };
      |                                   ^
D:/github/my/E-Track/USER/App/Pages/SystemInfos/SystemInfosModel.cpp:134:35: warning: missing initializer for member 'HAL::Power_Info_t::isCharging' [-Wmissing-field-initializers]
D:/github/my/E-Track/USER/App/Pages/SystemInfos/SystemInfosModel.cpp: In member function 'void Page::SystemInfosModel::GetStorageInfo(bool*, const char**, char*, uint32_t)':
D:/github/my/E-Track/USER/App/Pages/SystemInfos/SystemInfosModel.cpp:148:47: warning: missing initializer for member 'DataProc::Storage_Basic_Info_t::totalSizeMB' [-Wmissing-field-initializers]
  148 |     DataProc::Storage_Basic_Info_t info = { 0 };
      |                                               ^
D:/github/my/E-Track/USER/App/Pages/SystemInfos/SystemInfosModel.cpp:148:47: warning: missing initializer for member 'DataProc::Storage_Basic_Info_t::freeSizeMB' [-Wmissing-field-initializers]
D:/github/my/E-Track/USER/App/Pages/SystemInfos/SystemInfosModel.cpp:148:47: warning: missing initializer for member 'DataProc::Storage_Basic_Info_t::type' [-Wmissing-field-initializers]
[261/409] Building CXX object CMakeFiles/X_Track_App_GCC.dir/D_/github/my/E-Track/USER/App/Pages/SystemInfos/SystemInfosView.cpp.obj
In file included from D:/github/my/E-Track/USER/App/Utils/PageManager/PageManager.h:27,
                 from D:/github/my/E-Track/USER/App/Pages/Page.h:32,
                 from D:/github/my/E-Track/USER/App/Pages/SystemInfos/SystemInfosView.h:4,
                 from D:/github/my/E-Track/USER/App/Pages/SystemInfos/SystemInfosView.cpp:1:
D:/github/my/E-Track/USER/App/Utils/PageManager/PageFactory.h: In member function 'virtual PageBase* PageFactory::CreatePage(const char*)':
D:/github/my/E-Track/USER/App/Utils/PageManager/PageFactory.h:32:46: warning: unused parameter 'name' [-Wunused-parameter]
   32 |     virtual PageBase* CreatePage(const char* name)
      |                                  ~~~~~~~~~~~~^~~~
[262/409] Building CXX object CMakeFiles/X_Track_App_GCC.dir/D_/github/my/E-Track/USER/App/Pages/_Template/Template.cpp.obj
In file included from D:/github/my/E-Track/USER/App/Utils/PageManager/PageManager.h:27,
                 from D:/github/my/E-Track/USER/App/Pages/Page.h:32,
                 from D:/github/my/E-Track/USER/App/Pages/_Template/TemplateView.h:4,
                 from D:/github/my/E-Track/USER/App/Pages/_Template/Template.h:4,
                 from D:/github/my/E-Track/USER/App/Pages/_Template/Template.cpp:1:
D:/github/my/E-Track/USER/App/Utils/PageManager/PageFactory.h: In member function 'virtual PageBase* PageFactory::CreatePage(const char*)':
D:/github/my/E-Track/USER/App/Utils/PageManager/PageFactory.h:32:46: warning: unused parameter 'name' [-Wunused-parameter]
   32 |     virtual PageBase* CreatePage(const char* name)
      |                                  ~~~~~~~~~~~~^~~~
D:/github/my/E-Track/USER/App/Pages/_Template/Template.cpp: In member function 'void Page::Template::Update()':
D:/github/my/E-Track/USER/App/Pages/_Template/Template.cpp:86:55: warning: format '%d' expects argument of type 'int', but argument 3 has type 'uint32_t' {aka 'long unsigned int'} [-Wformat=]
   86 |     lv_label_set_text_fmt(View.ui.labelTick, "tick = %d save = %d", Model.GetData(), Model.TickSave);
      |                                                      ~^             ~~~~~~~~~~~~~~~
      |                                                       |                          |
      |                                                       int                        uint32_t {aka long unsigned int}
      |                                                      %ld
D:/github/my/E-Track/USER/App/Pages/_Template/Template.cpp:86:65: warning: format '%d' expects argument of type 'int', but argument 4 has type 'uint32_t' {aka 'long unsigned int'} [-Wformat=]
   86 |     lv_label_set_text_fmt(View.ui.labelTick, "tick = %d save = %d", Model.GetData(), Model.TickSave);
      |                                                                ~^                    ~~~~~~~~~~~~~~
      |                                                                 |                          |
      |                                                                 int                        uint32_t {aka long unsigned int}
      |                                                                %ld
[263/409] Building CXX object CMakeFiles/X_Track_App_GCC.dir/D_/github/my/E-Track/USER/App/Pages/_Template/TemplateModel.cpp.obj
[264/409] Building C object CMakeFiles/X_Track_App_GCC.dir/D_/github/my/E-Track/USER/App/Resource/Font/font_agencyb_12.c.obj
[265/409] Building C object CMakeFiles/X_Track_App_GCC.dir/D_/github/my/E-Track/USER/App/Resource/Font/font_agencyb_36.c.obj
[266/409] Building C object CMakeFiles/X_Track_App_GCC.dir/D_/github/my/E-Track/USER/App/Resource/Font/font_bahnschrift_13.c.obj
[267/409] Building CXX object CMakeFiles/X_Track_App_GCC.dir/D_/github/my/E-Track/USER/App/Pages/_Template/TemplateView.cpp.obj
In file included from D:/github/my/E-Track/USER/App/Utils/PageManager/PageManager.h:27,
                 from D:/github/my/E-Track/USER/App/Pages/Page.h:32,
                 from D:/github/my/E-Track/USER/App/Pages/_Template/TemplateView.h:4,
                 from D:/github/my/E-Track/USER/App/Pages/_Template/TemplateView.cpp:1:
D:/github/my/E-Track/USER/App/Utils/PageManager/PageFactory.h: In member function 'virtual PageBase* PageFactory::CreatePage(const char*)':
D:/github/my/E-Track/USER/App/Utils/PageManager/PageFactory.h:32:46: warning: unused parameter 'name' [-Wunused-parameter]
   32 |     virtual PageBase* CreatePage(const char* name)
      |                                  ~~~~~~~~~~~~^~~~
[268/409] Building C object CMakeFiles/X_Track_App_GCC.dir/D_/github/my/E-Track/USER/App/Resource/Font/font_bahnschrift_17.c.obj
[269/409] Building C object CMakeFiles/X_Track_App_GCC.dir/D_/github/my/E-Track/USER/App/Resource/Font/font_bahnschrift_24.c.obj
[270/409] Building C object CMakeFiles/X_Track_App_GCC.dir/D_/github/my/E-Track/USER/App/Resource/Font/font_bahnschrift_32.c.obj
[271/409] Building C object CMakeFiles/X_Track_App_GCC.dir/D_/github/my/E-Track/USER/App/Resource/Font/font_bahnschrift_48.c.obj
[272/409] Building C object CMakeFiles/X_Track_App_GCC.dir/D_/github/my/E-Track/USER/App/Resource/Font/font_bahnschrift_65.c.obj
[273/409] Building C object CMakeFiles/X_Track_App_GCC.dir/D_/github/my/E-Track/USER/App/Resource/Font/font_cn_16.c.obj
[274/409] Building C object CMakeFiles/X_Track_App_GCC.dir/D_/github/my/E-Track/USER/App/Resource/Font/font_iconfont_16.c.obj
[275/409] Building C object CMakeFiles/X_Track_App_GCC.dir/D_/github/my/E-Track/USER/App/Resource/Font/font_iconfont_20.c.obj
[276/409] Building C object CMakeFiles/X_Track_App_GCC.dir/D_/github/my/E-Track/USER/App/Resource/Image/img_src_alarm.c.obj
[277/409] Building C object CMakeFiles/X_Track_App_GCC.dir/D_/github/my/E-Track/USER/App/Resource/Image/img_src_battery.c.obj
[278/409] Building C object CMakeFiles/X_Track_App_GCC.dir/D_/github/my/E-Track/USER/App/Resource/Image/img_src_battery_info.c.obj
[279/409] Building C object CMakeFiles/X_Track_App_GCC.dir/D_/github/my/E-Track/USER/App/Resource/Image/img_src_bicycle.c.obj
[280/409] Building C object CMakeFiles/X_Track_App_GCC.dir/D_/github/my/E-Track/USER/App/Resource/Image/img_src_bluetooth.c.obj
[281/409] Building C object CMakeFiles/X_Track_App_GCC.dir/D_/github/my/E-Track/USER/App/Resource/Image/img_src_compass.c.obj
[282/409] Building C object CMakeFiles/X_Track_App_GCC.dir/D_/github/my/E-Track/USER/App/Resource/Image/img_src_gps_arrow_default.c.obj
[283/409] Building C object CMakeFiles/X_Track_App_GCC.dir/D_/github/my/E-Track/USER/App/Resource/Image/img_src_gps_arrow_dark.c.obj
[284/409] Building C object CMakeFiles/X_Track_App_GCC.dir/D_/github/my/E-Track/USER/App/Resource/Image/img_src_gps_arrow_light.c.obj
[285/409] Building C object CMakeFiles/X_Track_App_GCC.dir/D_/github/my/E-Track/USER/App/Resource/Image/img_src_gps_pin.c.obj
[286/409] Building C object CMakeFiles/X_Track_App_GCC.dir/D_/github/my/E-Track/USER/App/Resource/Image/img_src_dialplate_skin.c.obj
[287/409] Building C object CMakeFiles/X_Track_App_GCC.dir/D_/github/my/E-Track/USER/App/Resource/Image/img_src_gyroscope.c.obj
[288/409] Building C object CMakeFiles/X_Track_App_GCC.dir/D_/github/my/E-Track/USER/App/Resource/Image/img_src_locate.c.obj
[289/409] Building C object CMakeFiles/X_Track_App_GCC.dir/D_/github/my/E-Track/USER/App/Resource/Image/img_src_map_location.c.obj
[290/409] Building C object CMakeFiles/X_Track_App_GCC.dir/D_/github/my/E-Track/USER/App/Resource/Image/img_src_menu.c.obj
[291/409] Building C object CMakeFiles/X_Track_App_GCC.dir/D_/github/my/E-Track/USER/App/Resource/Image/img_src_origin_point.c.obj
[292/409] Building C object CMakeFiles/X_Track_App_GCC.dir/D_/github/my/E-Track/USER/App/Resource/Image/img_src_pause.c.obj
[293/409] Building C object CMakeFiles/X_Track_App_GCC.dir/D_/github/my/E-Track/USER/App/Resource/Image/img_src_satellite.c.obj
[294/409] Building C object CMakeFiles/X_Track_App_GCC.dir/D_/github/my/E-Track/USER/App/Resource/Image/img_src_sd_card.c.obj
[295/409] Building C object CMakeFiles/X_Track_App_GCC.dir/D_/github/my/E-Track/USER/App/Resource/Image/img_src_start.c.obj
[296/409] Building C object CMakeFiles/X_Track_App_GCC.dir/D_/github/my/E-Track/USER/App/Resource/Image/img_src_stop.c.obj
[297/409] Building C object CMakeFiles/X_Track_App_GCC.dir/D_/github/my/E-Track/USER/App/Resource/Image/img_src_storage.c.obj
[298/409] Building C object CMakeFiles/X_Track_App_GCC.dir/D_/github/my/E-Track/USER/App/Resource/Image/img_src_system_info.c.obj
[299/409] Building C object CMakeFiles/X_Track_App_GCC.dir/D_/github/my/E-Track/USER/App/Resource/Image/img_src_time_info.c.obj
[300/409] Building C object CMakeFiles/X_Track_App_GCC.dir/D_/github/my/E-Track/USER/App/Resource/Image/img_src_trip.c.obj
[301/409] Building C object CMakeFiles/X_Track_App_GCC.dir/D_/github/my/E-Track/USER/App/Utils/DataCenter/PingPongBuffer/PingPongBuffer.c.obj
[302/409] Building CXX object CMakeFiles/X_Track_App_GCC.dir/D_/github/my/E-Track/USER/App/Resource/ResourcePool.cpp.obj
[303/409] Building CXX object CMakeFiles/X_Track_App_GCC.dir/D_/github/my/E-Track/USER/App/Utils/DataCenter/DataCenter.cpp.obj
[304/409] Building CXX object CMakeFiles/X_Track_App_GCC.dir/D_/github/my/E-Track/USER/App/Utils/DataCenter/Account.cpp.obj
[305/409] Building CXX object CMakeFiles/X_Track_App_GCC.dir/D_/github/my/E-Track/USER/App/Utils/GPX/GPX.cpp.obj
D:/github/my/E-Track/USER/App/Utils/GPX/GPX.cpp: In member function 'String GPX::getPt(String, String, String, String)':
D:/github/my/E-Track/USER/App/Utils/GPX/GPX.cpp:169:62: warning: unused parameter 'ele' [-Wunused-parameter]
  169 | String GPX::getPt(String typ, String lon, String lat, String ele)
      |                                                       ~~~~~~~^~~
[306/409] Building CXX object CMakeFiles/X_Track_App_GCC.dir/D_/github/my/E-Track/USER/App/Utils/GPX_Parser/GPX_Parser.cpp.obj
In file included from D:/github/my/E-Track/USER/App/Utils/GPX_Parser/GPX_Parser.cpp:1:
D:/github/my/E-Track/USER/App/Utils/GPX_Parser/GPX_Parser.h: In member function 'virtual size_t GPX_Parser::write(uint8_t)':
D:/github/my/E-Track/USER/App/Utils/GPX_Parser/GPX_Parser.h:66:34: warning: unused parameter 'ch' [-Wunused-parameter]
   66 |     virtual size_t write(uint8_t ch)
      |                          ~~~~~~~~^~
[307/409] Building C object CMakeFiles/X_Track_App_GCC.dir/D_/github/my/E-Track/USER/App/Utils/MapConv/GPS_Transform/GPS_Transform.c.obj
[308/409] Building CXX object CMakeFiles/X_Track_App_GCC.dir/D_/github/my/E-Track/USER/App/Utils/MapConv/MapConv.cpp.obj
D:/github/my/E-Track/USER/App/Utils/MapConv/MapConv.cpp: In member function 'int MapConv::ConvertMapPathAtLevel(int, int32_t, int32_t, char*, uint32_t)':
D:/github/my/E-Track/USER/App/Utils/MapConv/MapConv.cpp:141:27: warning: format '%d' expects argument of type 'int', but argument 6 has type 'int32_t' {aka 'long int'} [-Wformat=]
  141 |                   "%s/%d/%d/%d.%s",
      |                          ~^
      |                           |
      |                           int
      |                          %ld
......
  144 |                   tileX,
      |                   ~~~~~    
      |                   |
      |                   int32_t {aka long int}
D:/github/my/E-Track/USER/App/Utils/MapConv/MapConv.cpp:141:30: warning: format '%d' expects argument of type 'int', but argument 7 has type 'int32_t' {aka 'long int'} [-Wformat=]
  141 |                   "%s/%d/%d/%d.%s",
      |                             ~^
      |                              |
      |                              int
      |                             %ld
......
  145 |                   tileY,
      |                   ~~~~~       
      |                   |
      |                   int32_t {aka long int}
[309/409] Building CXX object CMakeFiles/X_Track_App_GCC.dir/D_/github/my/E-Track/USER/App/Utils/MapConv/TileSystem/TileSystem.cpp.obj
[310/409] Building CXX object CMakeFiles/X_Track_App_GCC.dir/D_/github/my/E-Track/USER/App/Utils/PageManager/PM_Anim.cpp.obj
In file included from D:/github/my/E-Track/USER/App/Utils/PageManager/PageManager.h:27,
                 from D:/github/my/E-Track/USER/App/Utils/PageManager/PM_Anim.cpp:23:
D:/github/my/E-Track/USER/App/Utils/PageManager/PageFactory.h: In member function 'virtual PageBase* PageFactory::CreatePage(const char*)':
D:/github/my/E-Track/USER/App/Utils/PageManager/PageFactory.h:32:46: warning: unused parameter 'name' [-Wunused-parameter]
   32 |     virtual PageBase* CreatePage(const char* name)
      |                                  ~~~~~~~~~~~~^~~~
[311/409] Building CXX object CMakeFiles/X_Track_App_GCC.dir/D_/github/my/E-Track/USER/App/Utils/PageManager/PM_Drag.cpp.obj
In file included from D:/github/my/E-Track/USER/App/Utils/PageManager/PageManager.h:27,
                 from D:/github/my/E-Track/USER/App/Utils/PageManager/PM_Drag.cpp:23:
D:/github/my/E-Track/USER/App/Utils/PageManager/PageFactory.h: In member function 'virtual PageBase* PageFactory::CreatePage(const char*)':
D:/github/my/E-Track/USER/App/Utils/PageManager/PageFactory.h:32:46: warning: unused parameter 'name' [-Wunused-parameter]
   32 |     virtual PageBase* CreatePage(const char* name)
      |                                  ~~~~~~~~~~~~^~~~
[312/409] Building CXX object CMakeFiles/X_Track_App_GCC.dir/D_/github/my/E-Track/USER/App/Utils/PageManager/PM_Base.cpp.obj
In file included from D:/github/my/E-Track/USER/App/Utils/PageManager/PageManager.h:27,
                 from D:/github/my/E-Track/USER/App/Utils/PageManager/PM_Base.cpp:23:
D:/github/my/E-Track/USER/App/Utils/PageManager/PageFactory.h: In member function 'virtual PageBase* PageFactory::CreatePage(const char*)':
D:/github/my/E-Track/USER/App/Utils/PageManager/PageFactory.h:32:46: warning: unused parameter 'name' [-Wunused-parameter]
   32 |     virtual PageBase* CreatePage(const char* name)
      |                                  ~~~~~~~~~~~~^~~~
[313/409] Building CXX object CMakeFiles/X_Track_App_GCC.dir/D_/github/my/E-Track/USER/App/Utils/PageManager/PageBase.cpp.obj
[314/409] Building CXX object CMakeFiles/X_Track_App_GCC.dir/D_/github/my/E-Track/USER/App/Utils/PageManager/PM_Router.cpp.obj
In file included from D:/github/my/E-Track/USER/App/Utils/PageManager/PageManager.h:27,
                 from D:/github/my/E-Track/USER/App/Utils/PageManager/PM_Router.cpp:23:
D:/github/my/E-Track/USER/App/Utils/PageManager/PageFactory.h: In member function 'virtual PageBase* PageFactory::CreatePage(const char*)':
D:/github/my/E-Track/USER/App/Utils/PageManager/PageFactory.h:32:46: warning: unused parameter 'name' [-Wunused-parameter]
   32 |     virtual PageBase* CreatePage(const char* name)
      |                                  ~~~~~~~~~~~~^~~~
[315/409] Building CXX object CMakeFiles/X_Track_App_GCC.dir/D_/github/my/E-Track/USER/App/Utils/PageManager/PM_State.cpp.obj
In file included from D:/github/my/E-Track/USER/App/Utils/PageManager/PageManager.h:27,
                 from D:/github/my/E-Track/USER/App/Utils/PageManager/PM_State.cpp:23:
D:/github/my/E-Track/USER/App/Utils/PageManager/PageFactory.h: In member function 'virtual PageBase* PageFactory::CreatePage(const char*)':
D:/github/my/E-Track/USER/App/Utils/PageManager/PageFactory.h:32:46: warning: unused parameter 'name' [-Wunused-parameter]
   32 |     virtual PageBase* CreatePage(const char* name)
      |                                  ~~~~~~~~~~~~^~~~
[316/409] Building CXX object CMakeFiles/X_Track_App_GCC.dir/D_/github/my/E-Track/USER/App/Utils/PointContainer/PointContainer.cpp.obj
D:/github/my/E-Track/USER/App/Utils/PointContainer/PointContainer.cpp: In member function 'void PointContainer::PushFullPoint(const FullPoint_t*)':
D:/github/my/E-Track/USER/App/Utils/PointContainer/PointContainer.cpp:87:23: warning: comparison of integer expressions of different signedness: 'int' and 'unsigned int' [-Wsign-compare]
   87 |     for (int i = 0; i < sizeof(FullPoint_t) / sizeof(DiffPoint_t); i++)
      |                     ~~^~~~~~~~~~~~~~~~~~~~~~~~~~~~~~~~~~~~~~~~~~~
D:/github/my/E-Track/USER/App/Utils/PointContainer/PointContainer.cpp: In member function 'bool PointContainer::PopFullPoint(FullPoint_t*)':
D:/github/my/E-Track/USER/App/Utils/PointContainer/PointContainer.cpp:102:23: warning: comparison of integer expressions of different signedness: 'int' and 'unsigned int' [-Wsign-compare]
  102 |     for (int i = 0; i < sizeof(FullPoint_t) / sizeof(DiffPoint_t); i++)
      |                     ~~^~~~~~~~~~~~~~~~~~~~~~~~~~~~~~~~~~~~~~~~~~~
[317/409] Building CXX object CMakeFiles/X_Track_App_GCC.dir/D_/github/my/E-Track/USER/App/Utils/ResourceManager/ResourceManager.cpp.obj
[318/409] Building CXX object CMakeFiles/X_Track_App_GCC.dir/D_/github/my/E-Track/USER/App/Utils/TileConv/TileConv.cpp.obj
[319/409] Building CXX object CMakeFiles/X_Track_App_GCC.dir/D_/github/my/E-Track/USER/App/Utils/Time/DateStrings.cpp.obj
D:/github/my/E-Track/USER/App/Utils/Time/DateStrings.cpp: In function 'char* monthStr(uint8_t)':
D:/github/my/E-Track/USER/App/Utils/Time/DateStrings.cpp:19:31: warning: dereferencing type-punned pointer will break strict-aliasing rules [-Wstrict-aliasing]
   19 | #define pgm_read_word(addr) (*(const unsigned char **)(addr))
      |                               ^~~~~~~~~~~~~~~~~~~~~~~~~~~~~~
D:/github/my/E-Track/USER/App/Utils/Time/DateStrings.cpp:20:45: note: in definition of macro 'strcpy_P'
   20 | #define strcpy_P(dest, src) strcpy((dest), (src))
      |                                             ^~~
D:/github/my/E-Track/USER/App/Utils/Time/DateStrings.cpp:72:29: note: in expansion of macro 'pgm_read_word'
   72 |     strcpy_P(buffer, (PGM_P)pgm_read_word(&(monthNames_P[month])));
      |                             ^~~~~~~~~~~~~
D:/github/my/E-Track/USER/App/Utils/Time/DateStrings.cpp: In function 'char* dayStr(uint8_t)':
D:/github/my/E-Track/USER/App/Utils/Time/DateStrings.cpp:19:31: warning: dereferencing type-punned pointer will break strict-aliasing rules [-Wstrict-aliasing]
   19 | #define pgm_read_word(addr) (*(const unsigned char **)(addr))
      |                               ^~~~~~~~~~~~~~~~~~~~~~~~~~~~~~
D:/github/my/E-Track/USER/App/Utils/Time/DateStrings.cpp:20:45: note: in definition of macro 'strcpy_P'
   20 | #define strcpy_P(dest, src) strcpy((dest), (src))
      |                                             ^~~
D:/github/my/E-Track/USER/App/Utils/Time/DateStrings.cpp:86:28: note: in expansion of macro 'pgm_read_word'
   86 |    strcpy_P(buffer, (PGM_P)pgm_read_word(&(dayNames_P[day])));
      |                            ^~~~~~~~~~~~~
[320/409] Building CXX object CMakeFiles/X_Track_App_GCC.dir/D_/github/my/E-Track/USER/App/Utils/TonePlayer/TonePlayer.cpp.obj
[321/409] Building CXX object CMakeFiles/X_Track_App_GCC.dir/D_/github/my/E-Track/USER/App/Utils/Time/Time.cpp.obj
[322/409] Building CXX object CMakeFiles/X_Track_App_GCC.dir/D_/github/my/E-Track/USER/App/Utils/TrackFilter/TrackLineFilter.cpp.obj
[323/409] Building CXX object CMakeFiles/X_Track_App_GCC.dir/D_/github/my/E-Track/USER/App/Utils/TrackFilter/TrackPointFilter.cpp.obj
D:/github/my/E-Track/USER/App/Utils/TrackFilter/TrackPointFilter.cpp: In member function 'void TrackPointFilter::DumpLine(const char*, const Line_t*)':
D:/github/my/E-Track/USER/App/Utils/TrackFilter/TrackPointFilter.cpp:249:45: warning: unused parameter 'name' [-Wunused-parameter]
  249 | void TrackPointFilter::DumpLine(const char* name, const Line_t* line)
      |                                 ~~~~~~~~~~~~^~~~
D:/github/my/E-Track/USER/App/Utils/TrackFilter/TrackPointFilter.cpp:249:65: warning: unused parameter 'line' [-Wunused-parameter]
  249 | void TrackPointFilter::DumpLine(const char* name, const Line_t* line)
      |                                                   ~~~~~~~~~~~~~~^~~~
D:/github/my/E-Track/USER/App/Utils/TrackFilter/TrackPointFilter.cpp: In member function 'void TrackPointFilter::DumpPoint(const char*, const Point_t*)':
D:/github/my/E-Track/USER/App/Utils/TrackFilter/TrackPointFilter.cpp:258:46: warning: unused parameter 'name' [-Wunused-parameter]
  258 | void TrackPointFilter::DumpPoint(const char* name, const Point_t* point)
      |                                  ~~~~~~~~~~~~^~~~
D:/github/my/E-Track/USER/App/Utils/TrackFilter/TrackPointFilter.cpp:258:67: warning: unused parameter 'point' [-Wunused-parameter]
  258 | void TrackPointFilter::DumpPoint(const char* name, const Point_t* point)
      |                                                    ~~~~~~~~~~~~~~~^~~~~
D:/github/my/E-Track/USER/App/Utils/TrackFilter/TrackPointFilter.cpp: In member function 'double TrackPointFilter::QuickSqrt(double)':
D:/github/my/E-Track/USER/App/Utils/TrackFilter/TrackPointFilter.cpp:304:10: warning: dereferencing type-punned pointer will break strict-aliasing rules [-Wstrict-aliasing]
  304 |     i = *(long*)&y;
      |          ^~~~~~~~~
D:/github/my/E-Track/USER/App/Utils/TrackFilter/TrackPointFilter.cpp:306:10: warning: dereferencing type-punned pointer will break strict-aliasing rules [-Wstrict-aliasing]
  306 |     y = *(float*)&i;
      |          ^~~~~~~~~~
D:/github/my/E-Track/USER/App/Utils/TrackFilter/TrackPointFilter.cpp:304:9: warning: 'y' is used uninitialized [-Wuninitialized]
  304 |     i = *(long*)&y;
      |         ^~~~~~~~~~
D:/github/my/E-Track/USER/App/Utils/TrackFilter/TrackPointFilter.cpp:300:15: note: 'y' declared here
  300 |     float x2, y;
      |               ^
[324/409] Building C object CMakeFiles/X_Track_App_GCC.dir/D_/github/my/E-Track/USER/App/Utils/lv_anim_label/lv_anim_label.c.obj
D:/github/my/E-Track/USER/App/Utils/lv_anim_label/lv_anim_label.c: In function 'lv_anim_label_constructor':
D:/github/my/E-Track/USER/App/Utils/lv_anim_label/lv_anim_label.c:337:62: warning: unused parameter 'class_p' [-Wunused-parameter]
  337 | static void lv_anim_label_constructor(const lv_obj_class_t * class_p, lv_obj_t * obj)
      |                                       ~~~~~~~~~~~~~~~~~~~~~~~^~~~~~~
[325/409] Building C object CMakeFiles/X_Track_App_GCC.dir/D_/github/my/E-Track/USER/App/Utils/lv_ext/lv_anim_timeline_wrapper.c.obj
[326/409] Building C object CMakeFiles/X_Track_App_GCC.dir/D_/github/my/E-Track/USER/App/Utils/lv_img_png/PNGdec/src/adler32.c.obj
[327/409] Building C object CMakeFiles/X_Track_App_GCC.dir/D_/github/my/E-Track/USER/App/Utils/lv_img_png/PNGdec/src/crc32.c.obj
[328/409] Building CXX object CMakeFiles/X_Track_App_GCC.dir/D_/github/my/E-Track/USER/App/Utils/lv_ext/lv_obj_ext_func.cpp.obj
[329/409] Building C object CMakeFiles/X_Track_App_GCC.dir/D_/github/my/E-Track/USER/App/Utils/lv_img_png/PNGdec/src/infback.c.obj
D:/github/my/E-Track/USER/App/Utils/lv_img_png/PNGdec/src/infback.c: In function 'inflateBack':
D:/github/my/E-Track/USER/App/Utils/lv_img_png/PNGdec/src/infback.c:479:25: warning: this statement may fall through [-Wimplicit-fallthrough=]
  479 |             state->mode = LEN;
      |             ~~~~~~~~~~~~^~~~~
D:/github/my/E-Track/USER/App/Utils/lv_img_png/PNGdec/src/infback.c:481:9: note: here
  481 |         case LEN:
      |         ^~~~
[330/409] Building C object CMakeFiles/X_Track_App_GCC.dir/D_/github/my/E-Track/USER/App/Utils/lv_img_png/PNGdec/src/inffast.c.obj
[331/409] Building C object CMakeFiles/X_Track_App_GCC.dir/D_/github/my/E-Track/USER/App/Utils/lv_img_png/PNGdec/src/inftrees.c.obj
[332/409] Building CXX object CMakeFiles/X_Track_App_GCC.dir/D_/github/my/E-Track/USER/App/Utils/StorageService/StorageService.cpp.obj
[333/409] Building CXX object CMakeFiles/X_Track_App_GCC.dir/D_/github/my/E-Track/USER/App/Utils/lv_img_png/PNGdec/src/PNGdec.cpp.obj
In file included from D:/github/my/E-Track/USER/App/Utils/lv_img_png/PNGdec/src/PNGdec.cpp:29:
D:/github/my/E-Track/USER/App/Utils/lv_img_png/PNGdec/src/png.inl: In function 'void PNGRGB565(PNGDRAW*, uint16_t*, int, uint32_t, int)':
D:/github/my/E-Track/USER/App/Utils/lv_img_png/PNGdec/src/png.inl:232:100: warning: unused parameter 'iHasAlpha' [-Wunused-parameter]
  232 | PNG_STATIC void PNGRGB565(PNGDRAW *pDraw, uint16_t *pPixels, int iEndiannes, uint32_t u32Bkgd, int iHasAlpha)
      |                                                                                                ~~~~^~~~~~~~~
[334/409] Building C object CMakeFiles/X_Track_App_GCC.dir/D_/github/my/E-Track/USER/App/Utils/lv_img_png/PNGdec/src/zutil.c.obj
D:/github/my/E-Track/USER/App/Utils/lv_img_png/PNGdec/src/zutil.c: In function 'zcalloc':
D:/github/my/E-Track/USER/App/Utils/lv_img_png/PNGdec/src/zutil.c:307:14: warning: unused parameter 'items' [-Wunused-parameter]
  307 |     unsigned items;
      |              ^~~~~
D:/github/my/E-Track/USER/App/Utils/lv_img_png/PNGdec/src/zutil.c:308:14: warning: unused parameter 'size' [-Wunused-parameter]
  308 |     unsigned size;
      |              ^~~~
D:/github/my/E-Track/USER/App/Utils/lv_img_png/PNGdec/src/zutil.c: In function 'zcfree':
D:/github/my/E-Track/USER/App/Utils/lv_img_png/PNGdec/src/zutil.c:318:12: warning: unused parameter 'ptr' [-Wunused-parameter]
  318 |     voidpf ptr;
      |            ^~~
[335/409] Building C object CMakeFiles/X_Track_App_GCC.dir/D_/github/my/E-Track/USER/App/Utils/lv_img_png/PNGdec/src/inflate.c.obj
D:/github/my/E-Track/USER/App/Utils/lv_img_png/PNGdec/src/inflate.c: In function 'inflate':
D:/github/my/E-Track/USER/App/Utils/lv_img_png/PNGdec/src/inflate.c:750:25: warning: this statement may fall through [-Wimplicit-fallthrough=]
  750 |             state->mode = EXLEN;
      |             ~~~~~~~~~~~~^~~~~~~
D:/github/my/E-Track/USER/App/Utils/lv_img_png/PNGdec/src/inflate.c:751:9: note: here
  751 |         case EXLEN:
      |         ^~~~
D:/github/my/E-Track/USER/App/Utils/lv_img_png/PNGdec/src/inflate.c:763:25: warning: this statement may fall through [-Wimplicit-fallthrough=]
  763 |             state->mode = EXTRA;
      |             ~~~~~~~~~~~~^~~~~~~
D:/github/my/E-Track/USER/App/Utils/lv_img_png/PNGdec/src/inflate.c:764:9: note: here
  764 |         case EXTRA:
      |         ^~~~
D:/github/my/E-Track/USER/App/Utils/lv_img_png/PNGdec/src/inflate.c:786:25: warning: this statement may fall through [-Wimplicit-fallthrough=]
  786 |             state->mode = NAME;
      |             ~~~~~~~~~~~~^~~~~~
D:/github/my/E-Track/USER/App/Utils/lv_img_png/PNGdec/src/inflate.c:787:9: note: here
  787 |         case NAME:
      |         ^~~~
D:/github/my/E-Track/USER/App/Utils/lv_img_png/PNGdec/src/inflate.c:807:25: warning: this statement may fall through [-Wimplicit-fallthrough=]
  807 |             state->mode = COMMENT;
      |             ~~~~~~~~~~~~^~~~~~~~~
D:/github/my/E-Track/USER/App/Utils/lv_img_png/PNGdec/src/inflate.c:808:9: note: here
  808 |         case COMMENT:
      |         ^~~~
D:/github/my/E-Track/USER/App/Utils/lv_img_png/PNGdec/src/inflate.c:827:25: warning: this statement may fall through [-Wimplicit-fallthrough=]
  827 |             state->mode = HCRC;
      |             ~~~~~~~~~~~~^~~~~~
D:/github/my/E-Track/USER/App/Utils/lv_img_png/PNGdec/src/inflate.c:828:9: note: here
  828 |         case HCRC:
      |         ^~~~
D:/github/my/E-Track/USER/App/Utils/lv_img_png/PNGdec/src/inflate.c:850:25: warning: this statement may fall through [-Wimplicit-fallthrough=]
  850 |             state->mode = DICT;
      |             ~~~~~~~~~~~~^~~~~~
D:/github/my/E-Track/USER/App/Utils/lv_img_png/PNGdec/src/inflate.c:851:9: note: here
  851 |         case DICT:
      |         ^~~~
D:/github/my/E-Track/USER/App/Utils/lv_img_png/PNGdec/src/inflate.c:857:25: warning: this statement may fall through [-Wimplicit-fallthrough=]
  857 |             state->mode = TYPE;
      |             ~~~~~~~~~~~~^~~~~~
D:/github/my/E-Track/USER/App/Utils/lv_img_png/PNGdec/src/inflate.c:858:9: note: here
  858 |         case TYPE:
      |         ^~~~
D:/github/my/E-Track/USER/App/Utils/lv_img_png/PNGdec/src/inflate.c:859:16: warning: this statement may fall through [-Wimplicit-fallthrough=]
  859 |             if (flush == Z_BLOCK || flush == Z_TREES) goto inf_leave;
      |                ^
D:/github/my/E-Track/USER/App/Utils/lv_img_png/PNGdec/src/inflate.c:860:9: note: here
  860 |         case TYPEDO:
      |         ^~~~
D:/github/my/E-Track/USER/App/Utils/lv_img_png/PNGdec/src/inflate.c:909:16: warning: this statement may fall through [-Wimplicit-fallthrough=]
  909 |             if (flush == Z_TREES) goto inf_leave;
      |                ^
D:/github/my/E-Track/USER/App/Utils/lv_img_png/PNGdec/src/inflate.c:910:9: note: here
  910 |         case COPY_:
      |         ^~~~
D:/github/my/E-Track/USER/App/Utils/lv_img_png/PNGdec/src/inflate.c:911:25: warning: this statement may fall through [-Wimplicit-fallthrough=]
  911 |             state->mode = COPY;
      |             ~~~~~~~~~~~~^~~~~~
D:/github/my/E-Track/USER/App/Utils/lv_img_png/PNGdec/src/inflate.c:912:9: note: here
  912 |         case COPY:
      |         ^~~~
D:/github/my/E-Track/USER/App/Utils/lv_img_png/PNGdec/src/inflate.c:1050:16: warning: this statement may fall through [-Wimplicit-fallthrough=]
 1050 |             if (flush == Z_TREES) goto inf_leave;
      |                ^
D:/github/my/E-Track/USER/App/Utils/lv_img_png/PNGdec/src/inflate.c:1051:9: note: here
 1051 |         case LEN_:
      |         ^~~~
D:/github/my/E-Track/USER/App/Utils/lv_img_png/PNGdec/src/inflate.c:1052:25: warning: this statement may fall through [-Wimplicit-fallthrough=]
 1052 |             state->mode = LEN;
      |             ~~~~~~~~~~~~^~~~~
D:/github/my/E-Track/USER/App/Utils/lv_img_png/PNGdec/src/inflate.c:1053:9: note: here
 1053 |         case LEN:
      |         ^~~~
D:/github/my/E-Track/USER/App/Utils/lv_img_png/PNGdec/src/inflate.c:1101:25: warning: this statement may fall through [-Wimplicit-fallthrough=]
 1101 |             state->mode = LENEXT;
      |             ~~~~~~~~~~~~^~~~~~~~
D:/github/my/E-Track/USER/App/Utils/lv_img_png/PNGdec/src/inflate.c:1102:9: note: here
 1102 |         case LENEXT:
      |         ^~~~
D:/github/my/E-Track/USER/App/Utils/lv_img_png/PNGdec/src/inflate.c:1111:25: warning: this statement may fall through [-Wimplicit-fallthrough=]
 1111 |             state->mode = DIST;
      |             ~~~~~~~~~~~~^~~~~~
D:/github/my/E-Track/USER/App/Utils/lv_img_png/PNGdec/src/inflate.c:1112:9: note: here
 1112 |         case DIST:
      |         ^~~~
D:/github/my/E-Track/USER/App/Utils/lv_img_png/PNGdec/src/inflate.c:1138:25: warning: this statement may fall through [-Wimplicit-fallthrough=]
 1138 |             state->mode = DISTEXT;
      |             ~~~~~~~~~~~~^~~~~~~~~
D:/github/my/E-Track/USER/App/Utils/lv_img_png/PNGdec/src/inflate.c:1139:9: note: here
 1139 |         case DISTEXT:
      |         ^~~~
D:/github/my/E-Track/USER/App/Utils/lv_img_png/PNGdec/src/inflate.c:1154:25: warning: this statement may fall through [-Wimplicit-fallthrough=]
 1154 |             state->mode = MATCH;
      |             ~~~~~~~~~~~~^~~~~~~
D:/github/my/E-Track/USER/App/Utils/lv_img_png/PNGdec/src/inflate.c:1155:9: note: here
 1155 |         case MATCH:
      |         ^~~~
D:/github/my/E-Track/USER/App/Utils/lv_img_png/PNGdec/src/inflate.c:1233:25: warning: this statement may fall through [-Wimplicit-fallthrough=]
 1233 |             state->mode = LENGTH;
      |             ~~~~~~~~~~~~^~~~~~~~
D:/github/my/E-Track/USER/App/Utils/lv_img_png/PNGdec/src/inflate.c:1234:9: note: here
 1234 |         case LENGTH:
      |         ^~~~
D:/github/my/E-Track/USER/App/Utils/lv_img_png/PNGdec/src/inflate.c:1246:25: warning: this statement may fall through [-Wimplicit-fallthrough=]
 1246 |             state->mode = DONE;
      |             ~~~~~~~~~~~~^~~~~~
D:/github/my/E-Track/USER/App/Utils/lv_img_png/PNGdec/src/inflate.c:1247:9: note: here
 1247 |         case DONE:
      |         ^~~~
[336/409] Building CXX object CMakeFiles/X_Track_App_GCC.dir/D_/github/my/E-Track/USER/App/Utils/new/new.cpp.obj
[337/409] Building CXX object CMakeFiles/X_Track_App_GCC.dir/D_/github/my/E-Track/USER/App/Utils/lv_img_png/lv_img_png.cpp.obj
D:/github/my/E-Track/USER/App/Utils/lv_img_png/lv_img_png.cpp:71:1: warning: missing initializer for member '_lv_obj_class_t::user_data' [-Wmissing-field-initializers]
   71 | };
      | ^
D:/github/my/E-Track/USER/App/Utils/lv_img_png/lv_img_png.cpp:71:1: warning: missing initializer for member '_lv_obj_class_t::width_def' [-Wmissing-field-initializers]
D:/github/my/E-Track/USER/App/Utils/lv_img_png/lv_img_png.cpp:71:1: warning: missing initializer for member '_lv_obj_class_t::height_def' [-Wmissing-field-initializers]
D:/github/my/E-Track/USER/App/Utils/lv_img_png/lv_img_png.cpp:71:1: warning: missing initializer for member '_lv_obj_class_t::editable' [-Wmissing-field-initializers]
D:/github/my/E-Track/USER/App/Utils/lv_img_png/lv_img_png.cpp:71:1: warning: missing initializer for member '_lv_obj_class_t::group_def' [-Wmissing-field-initializers]
D:/github/my/E-Track/USER/App/Utils/lv_img_png/lv_img_png.cpp: In function 'void lv_img_png_constructor(const lv_obj_class_t*, lv_obj_t*)':
D:/github/my/E-Track/USER/App/Utils/lv_img_png/lv_img_png.cpp:117:58: warning: unused parameter 'class_p' [-Wunused-parameter]
  117 | static void lv_img_png_constructor(const lv_obj_class_t* class_p, lv_obj_t* obj)
      |                                    ~~~~~~~~~~~~~~~~~~~~~~^~~~~~~
D:/github/my/E-Track/USER/App/Utils/lv_img_png/lv_img_png.cpp: In function 'void lv_img_png_destructor(const lv_obj_class_t*, lv_obj_t*)':
D:/github/my/E-Track/USER/App/Utils/lv_img_png/lv_img_png.cpp:128:57: warning: unused parameter 'class_p' [-Wunused-parameter]
  128 | static void lv_img_png_destructor(const lv_obj_class_t* class_p, lv_obj_t* obj)
      |                                   ~~~~~~~~~~~~~~~~~~~~~~^~~~~~~
[338/409] Building CXX object CMakeFiles/X_Track_App_GCC.dir/D_/github/my/E-Track/USER/App/Utils/lv_poly_line/lv_poly_line.cpp.obj
[339/409] Building CXX object CMakeFiles/X_Track_App_GCC.dir/D_/github/my/E-Track/USER/HAL/HAL_Audio.cpp.obj
In file included from D:/github/my/E-Track/USER/HAL/HAL_Audio.cpp:6:
D:/github/my/E-Track/USER/App/Common/Music/MusicCode.h:11:1: warning: missing initializer for member 'TonePlayer::MusicNode_t::Volume' [-Wmissing-field-initializers]
   11 | };
      | ^
D:/github/my/E-Track/USER/App/Common/Music/MusicCode.h:11:1: warning: missing initializer for member 'TonePlayer::MusicNode_t::Volume' [-Wmissing-field-initializers]
D:/github/my/E-Track/USER/App/Common/Music/MusicCode.h:11:1: warning: missing initializer for member 'TonePlayer::MusicNode_t::Volume' [-Wmissing-field-initializers]
D:/github/my/E-Track/USER/App/Common/Music/MusicCode.h:19:1: warning: missing initializer for member 'TonePlayer::MusicNode_t::Volume' [-Wmissing-field-initializers]
   19 | };
      | ^
D:/github/my/E-Track/USER/App/Common/Music/MusicCode.h:19:1: warning: missing initializer for member 'TonePlayer::MusicNode_t::Volume' [-Wmissing-field-initializers]
D:/github/my/E-Track/USER/App/Common/Music/MusicCode.h:19:1: warning: missing initializer for member 'TonePlayer::MusicNode_t::Volume' [-Wmissing-field-initializers]
D:/github/my/E-Track/USER/App/Common/Music/MusicCode.h:27:1: warning: missing initializer for member 'TonePlayer::MusicNode_t::Volume' [-Wmissing-field-initializers]
   27 | };
      | ^
D:/github/my/E-Track/USER/App/Common/Music/MusicCode.h:27:1: warning: missing initializer for member 'TonePlayer::MusicNode_t::Volume' [-Wmissing-field-initializers]
D:/github/my/E-Track/USER/App/Common/Music/MusicCode.h:27:1: warning: missing initializer for member 'TonePlayer::MusicNode_t::Volume' [-Wmissing-field-initializers]
D:/github/my/E-Track/USER/App/Common/Music/MusicCode.h:35:1: warning: missing initializer for member 'TonePlayer::MusicNode_t::Volume' [-Wmissing-field-initializers]
   35 | };
      | ^
D:/github/my/E-Track/USER/App/Common/Music/MusicCode.h:35:1: warning: missing initializer for member 'TonePlayer::MusicNode_t::Volume' [-Wmissing-field-initializers]
D:/github/my/E-Track/USER/App/Common/Music/MusicCode.h:35:1: warning: missing initializer for member 'TonePlayer::MusicNode_t::Volume' [-Wmissing-field-initializers]
D:/github/my/E-Track/USER/App/Common/Music/MusicCode.h:43:1: warning: missing initializer for member 'TonePlayer::MusicNode_t::Volume' [-Wmissing-field-initializers]
   43 | };
      | ^
D:/github/my/E-Track/USER/App/Common/Music/MusicCode.h:43:1: warning: missing initializer for member 'TonePlayer::MusicNode_t::Volume' [-Wmissing-field-initializers]
D:/github/my/E-Track/USER/App/Common/Music/MusicCode.h:43:1: warning: missing initializer for member 'TonePlayer::MusicNode_t::Volume' [-Wmissing-field-initializers]
D:/github/my/E-Track/USER/App/Common/Music/MusicCode.h:51:1: warning: missing initializer for member 'TonePlayer::MusicNode_t::Volume' [-Wmissing-field-initializers]
   51 | };
      | ^
D:/github/my/E-Track/USER/App/Common/Music/MusicCode.h:51:1: warning: missing initializer for member 'TonePlayer::MusicNode_t::Volume' [-Wmissing-field-initializers]
D:/github/my/E-Track/USER/App/Common/Music/MusicCode.h:51:1: warning: missing initializer for member 'TonePlayer::MusicNode_t::Volume' [-Wmissing-field-initializers]
D:/github/my/E-Track/USER/App/Common/Music/MusicCode.h:58:1: warning: missing initializer for member 'TonePlayer::MusicNode_t::Volume' [-Wmissing-field-initializers]
   58 | };
      | ^
D:/github/my/E-Track/USER/App/Common/Music/MusicCode.h:58:1: warning: missing initializer for member 'TonePlayer::MusicNode_t::Volume' [-Wmissing-field-initializers]
D:/github/my/E-Track/USER/App/Common/Music/MusicCode.h:65:1: warning: missing initializer for member 'TonePlayer::MusicNode_t::Volume' [-Wmissing-field-initializers]
   65 | };
      | ^
D:/github/my/E-Track/USER/App/Common/Music/MusicCode.h:65:1: warning: missing initializer for member 'TonePlayer::MusicNode_t::Volume' [-Wmissing-field-initializers]
D:/github/my/E-Track/USER/App/Common/Music/MusicCode.h:75:1: warning: missing initializer for member 'TonePlayer::MusicNode_t::Volume' [-Wmissing-field-initializers]
   75 | };
      | ^
D:/github/my/E-Track/USER/App/Common/Music/MusicCode.h:75:1: warning: missing initializer for member 'TonePlayer::MusicNode_t::Volume' [-Wmissing-field-initializers]
D:/github/my/E-Track/USER/App/Common/Music/MusicCode.h:75:1: warning: missing initializer for member 'TonePlayer::MusicNode_t::Volume' [-Wmissing-field-initializers]
D:/github/my/E-Track/USER/App/Common/Music/MusicCode.h:75:1: warning: missing initializer for member 'TonePlayer::MusicNode_t::Volume' [-Wmissing-field-initializers]
D:/github/my/E-Track/USER/App/Common/Music/MusicCode.h:84:1: warning: missing initializer for member 'TonePlayer::MusicNode_t::Volume' [-Wmissing-field-initializers]
   84 | };
      | ^
D:/github/my/E-Track/USER/App/Common/Music/MusicCode.h:84:1: warning: missing initializer for member 'TonePlayer::MusicNode_t::Volume' [-Wmissing-field-initializers]
D:/github/my/E-Track/USER/App/Common/Music/MusicCode.h:84:1: warning: missing initializer for member 'TonePlayer::MusicNode_t::Volume' [-Wmissing-field-initializers]
D:/github/my/E-Track/USER/App/Common/Music/MusicCode.h:94:1: warning: missing initializer for member 'TonePlayer::MusicNode_t::Volume' [-Wmissing-field-initializers]
   94 | };
      | ^
D:/github/my/E-Track/USER/App/Common/Music/MusicCode.h:94:1: warning: missing initializer for member 'TonePlayer::MusicNode_t::Volume' [-Wmissing-field-initializers]
D:/github/my/E-Track/USER/App/Common/Music/MusicCode.h:94:1: warning: missing initializer for member 'TonePlayer::MusicNode_t::Volume' [-Wmissing-field-initializers]
D:/github/my/E-Track/USER/App/Common/Music/MusicCode.h:94:1: warning: missing initializer for member 'TonePlayer::MusicNode_t::Volume' [-Wmissing-field-initializers]
D:/github/my/E-Track/USER/App/Common/Music/MusicCode.h:94:1: warning: missing initializer for member 'TonePlayer::MusicNode_t::Volume' [-Wmissing-field-initializers]
D:/github/my/E-Track/USER/HAL/HAL_Audio.cpp: In lambda function:
D:/github/my/E-Track/USER/HAL/HAL_Audio.cpp:10:51: warning: unused parameter 'volume' [-Wunused-parameter]
   10 |     player.SetCallback([](uint32_t freq, uint16_t volume)
      |                                          ~~~~~~~~~^~~~~~
D:/github/my/E-Track/USER/HAL/HAL_Audio.cpp: In function 'bool HAL::Audio_PlayMusic(const char*)':
D:/github/my/E-Track/USER/HAL/HAL_Audio.cpp:24:23: warning: comparison of integer expressions of different signedness: 'int' and 'unsigned int' [-Wsign-compare]
   24 |     for (int i = 0; i < sizeof(MusicList) / sizeof(MusicList[0]); i++)
      |                     ~~^~~~~~~~~~~~~~~~~~~~~~~~~~~~~~~~~~~~~~~~~~
[340/409] Building CXX object CMakeFiles/X_Track_App_GCC.dir/D_/github/my/E-Track/USER/HAL/HAL.cpp.obj
D:/github/my/E-Track/USER/HAL/HAL.cpp: In function 'void HAL::HAL_Init()':
D:/github/my/E-Track/USER/HAL/HAL.cpp:82:19: warning: ISO C++ forbids converting a string constant to 'char*' [-Wwrite-strings]
   82 |         BT_printf("%d\r\n",buf);
      |                   ^~~~~~~~
D:/github/my/E-Track/USER/HAL/HAL.cpp:85:19: warning: ISO C++ forbids converting a string constant to 'char*' [-Wwrite-strings]
   85 |         BT_printf("%d\r\n",buf);
      |                   ^~~~~~~~
D:/github/my/E-Track/USER/HAL/HAL.cpp:88:19: warning: ISO C++ forbids converting a string constant to 'char*' [-Wwrite-strings]
   88 |         BT_printf("%d\r\n",buf);
      |                   ^~~~~~~~
[341/409] Building CXX object CMakeFiles/X_Track_App_GCC.dir/D_/github/my/E-Track/USER/HAL/HAL_Backlight.cpp.obj
D:/github/my/E-Track/USER/HAL/HAL_Backlight.cpp: In function 'void Backlight_AnimCallback(void*, int32_t)':
D:/github/my/E-Track/USER/HAL/HAL_Backlight.cpp:10:43: warning: unused parameter 'obj' [-Wunused-parameter]
   10 | static void Backlight_AnimCallback(void * obj, int32_t brightness)
      |                                    ~~~~~~~^~~
[342/409] Building CXX object CMakeFiles/X_Track_App_GCC.dir/D_/github/my/E-Track/USER/HAL/HAL_Bluetooth.cpp.obj
[343/409] Building CXX object CMakeFiles/X_Track_App_GCC.dir/D_/github/my/E-Track/USER/HAL/HAL_Buzz.cpp.obj
[344/409] Building CXX object CMakeFiles/X_Track_App_GCC.dir/D_/github/my/E-Track/USER/HAL/HAL_Clock.cpp.obj
[345/409] Building CXX object CMakeFiles/X_Track_App_GCC.dir/D_/github/my/E-Track/USER/HAL/HAL_EEPROM.cpp.obj
[346/409] Building CXX object CMakeFiles/X_Track_App_GCC.dir/D_/github/my/E-Track/USER/HAL/HAL_Encoder.cpp.obj
D:/github/my/E-Track/USER/HAL/HAL_Encoder.cpp: In function 'void Encoder_AHandler(ButtonEvent*, int)':
D:/github/my/E-Track/USER/HAL/HAL_Encoder.cpp:41:43: warning: unused parameter 'btn' [-Wunused-parameter]
   41 | static void Encoder_AHandler(ButtonEvent* btn, int event)
      |                              ~~~~~~~~~~~~~^~~
D:/github/my/E-Track/USER/HAL/HAL_Encoder.cpp: In function 'void Encoder_BHandler(ButtonEvent*, int)':
D:/github/my/E-Track/USER/HAL/HAL_Encoder.cpp:60:43: warning: unused parameter 'btn' [-Wunused-parameter]
   60 | static void Encoder_BHandler(ButtonEvent* btn, int event)
      |                              ~~~~~~~~~~~~~^~~
D:/github/my/E-Track/USER/HAL/HAL_Encoder.cpp: In function 'void Encoder_PushHandler(ButtonEvent*, int)':
D:/github/my/E-Track/USER/HAL/HAL_Encoder.cpp:79:46: warning: unused parameter 'btn' [-Wunused-parameter]
   79 | static void Encoder_PushHandler(ButtonEvent* btn, int event)
      |                                 ~~~~~~~~~~~~~^~~
[347/409] Building CXX object CMakeFiles/X_Track_App_GCC.dir/cmake/sources/HAL_FaultHandle_20e7c83ac691.cpp.obj
D:/github/my/E-Track/MDK-ARM_F435/cmake-generated/cmake/sources/HAL_FaultHandle_20e7c83ac691.cpp: In function 'void vApplicationHardFaultHook(uint32_t, uint32_t)':
D:/github/my/E-Track/MDK-ARM_F435/cmake-generated/cmake/sources/HAL_FaultHandle_20e7c83ac691.cpp:273:37: warning: format '%x' expects argument of type 'unsigned int', but argument 4 has type 'long unsigned int' [-Wformat=]
  273 |                 "HardFault\nPC=0x%08x\nLR=0x%08x",
      |                                  ~~~^
      |                                     |
      |                                     unsigned int
      |                                  %08lx
  274 |                 frame->pc,
      |                 ~~~~~~~~~            
      |                        |
      |                        long unsigned int
D:/github/my/E-Track/MDK-ARM_F435/cmake-generated/cmake/sources/HAL_FaultHandle_20e7c83ac691.cpp:273:48: warning: format '%x' expects argument of type 'unsigned int', but argument 5 has type 'long unsigned int' [-Wformat=]
  273 |                 "HardFault\nPC=0x%08x\nLR=0x%08x",
      |                                             ~~~^
      |                                                |
      |                                                unsigned int
      |                                             %08lx
  274 |                 frame->pc,
  275 |                 frame->lr
      |                 ~~~~~~~~~                       
      |                        |
      |                        long unsigned int
D:/github/my/E-Track/MDK-ARM_F435/cmake-generated/cmake/sources/HAL_FaultHandle_20e7c83ac691.cpp:283:38: warning: format '%x' expects argument of type 'unsigned int', but argument 4 has type 'uint32_t' {aka 'long unsigned int'} [-Wformat=]
  283 |                 "HardFault\nEXC=0x%08x\nSP=0x%08x",
      |                                   ~~~^
      |                                      |
      |                                      unsigned int
      |                                   %08lx
  284 |                 excReturn,
      |                 ~~~~~~~~~             
      |                 |
      |                 uint32_t {aka long unsigned int}
D:/github/my/E-Track/MDK-ARM_F435/cmake-generated/cmake/sources/HAL_FaultHandle_20e7c83ac691.cpp:283:49: warning: format '%x' expects argument of type 'unsigned int', but argument 5 has type 'uint32_t' {aka 'long unsigned int'} [-Wformat=]
  283 |                 "HardFault\nEXC=0x%08x\nSP=0x%08x",
      |                                              ~~~^
      |                                                 |
      |                                                 unsigned int
      |                                              %08lx
  284 |                 excReturn,
  285 |                 faultSp
      |                 ~~~~~~~                          
      |                 |
      |                 uint32_t {aka long unsigned int}
[348/409] Building CXX object CMakeFiles/X_Track_App_GCC.dir/D_/github/my/E-Track/USER/HAL/HAL_GPS.cpp.obj
[349/409] Building CXX object CMakeFiles/X_Track_App_GCC.dir/D_/github/my/E-Track/USER/HAL/HAL_I2C_Scan.cpp.obj
[350/409] Building CXX object CMakeFiles/X_Track_App_GCC.dir/D_/github/my/E-Track/USER/HAL/HAL_IMU.cpp.obj
[351/409] Building CXX object CMakeFiles/X_Track_App_GCC.dir/D_/github/my/E-Track/USER/HAL/HAL_MAG.cpp.obj
[352/409] Building CXX object CMakeFiles/X_Track_App_GCC.dir/D_/github/my/E-Track/USER/HAL/HAL_GPS_Simulator.cpp.obj
[353/409] Building CXX object CMakeFiles/X_Track_App_GCC.dir/D_/github/my/E-Track/USER/HAL/HAL_Memory.cpp.obj
[354/409] Building CXX object CMakeFiles/X_Track_App_GCC.dir/D_/github/my/E-Track/USER/lv_port/lv_port.cpp.obj
[355/409] Building CXX object CMakeFiles/X_Track_App_GCC.dir/D_/github/my/E-Track/USER/HAL/HAL_OTA_Staging.cpp.obj
[356/409] Building CXX object CMakeFiles/X_Track_App_GCC.dir/D_/github/my/E-Track/USER/HAL/HAL_USB.cpp.obj
[357/409] Building CXX object CMakeFiles/X_Track_App_GCC.dir/D_/github/my/E-Track/USER/HAL/HAL_SD_CARD.cpp.obj
[358/409] Building CXX object CMakeFiles/X_Track_App_GCC.dir/D_/github/my/E-Track/USER/HAL/HAL_W25Q128.cpp.obj
[359/409] Building C object CMakeFiles/X_Track_App_GCC.dir/D_/github/my/E-Track/segger_rtt/SEGGER_RTT.c.obj
[360/409] Building C object CMakeFiles/X_Track_App_GCC.dir/D_/github/my/E-Track/segger_rtt/SEGGER_RTT_printf.c.obj
[361/409] Building C object CMakeFiles/X_Track_App_GCC.dir/cmake/gcc_runtime_compat.c.obj
[362/409] Building CXX object CMakeFiles/X_Track_App_GCC.dir/D_/github/my/E-Track/USER/lv_port/lv_port_indev.cpp.obj
D:/github/my/E-Track/USER/lv_port/lv_port_indev.cpp: In function 'void encoder_read(lv_indev_drv_t*, lv_indev_data_t*)':
D:/github/my/E-Track/USER/lv_port/lv_port_indev.cpp:129:43: warning: unused parameter 'indev_drv' [-Wunused-parameter]
  129 | static void encoder_read(lv_indev_drv_t * indev_drv, lv_indev_data_t * data)
      |                          ~~~~~~~~~~~~~~~~~^~~~~~~~~
[363/409] Building CXX object CMakeFiles/X_Track_App_GCC.dir/D_/github/my/E-Track/USER/lv_port/lv_port_fs_sdfat.cpp.obj
D:/github/my/E-Track/USER/lv_port/lv_port_fs_sdfat.cpp: In function 'bool fs_ready(lv_fs_drv_t*)':
D:/github/my/E-Track/USER/lv_port/lv_port_fs_sdfat.cpp:91:36: warning: unused parameter 'drv' [-Wunused-parameter]
   91 | static bool fs_ready(lv_fs_drv_t * drv)
      |                      ~~~~~~~~~~~~~~^~~
D:/github/my/E-Track/USER/lv_port/lv_port_fs_sdfat.cpp: In function 'void* fs_open(lv_fs_drv_t*, const char*, lv_fs_mode_t)':
D:/github/my/E-Track/USER/lv_port/lv_port_fs_sdfat.cpp:134:9: warning: deleting object of polymorphic class type 'SdFile' which has non-virtual destructor might cause undefined behavior [-Wdelete-non-virtual-dtor]
  134 |         delete file_p;
      |         ^~~~~~~~~~~~~
D:/github/my/E-Track/USER/lv_port/lv_port_fs_sdfat.cpp:108:38: warning: unused parameter 'drv' [-Wunused-parameter]
  108 | static void * fs_open (lv_fs_drv_t * drv, const char * path, lv_fs_mode_t mode)
      |                        ~~~~~~~~~~~~~~^~~
D:/github/my/E-Track/USER/lv_port/lv_port_fs_sdfat.cpp: In function 'lv_fs_res_t fs_close(lv_fs_drv_t*, void*)':
D:/github/my/E-Track/USER/lv_port/lv_port_fs_sdfat.cpp:152:5: warning: deleting object of polymorphic class type 'SdFile' which has non-virtual destructor might cause undefined behavior [-Wdelete-non-virtual-dtor]
  152 |     delete SD_FILE(file_p);
      |     ^
D:/github/my/E-Track/USER/lv_port/lv_port_fs_sdfat.cpp:149:44: warning: unused parameter 'drv' [-Wunused-parameter]
  149 | static lv_fs_res_t fs_close (lv_fs_drv_t * drv, void * file_p)
      |                              ~~~~~~~~~~~~~~^~~
D:/github/my/E-Track/USER/lv_port/lv_port_fs_sdfat.cpp: In function 'lv_fs_res_t fs_read(lv_fs_drv_t*, void*, void*, uint32_t, uint32_t*)':
D:/github/my/E-Track/USER/lv_port/lv_port_fs_sdfat.cpp:167:43: warning: unused parameter 'drv' [-Wunused-parameter]
  167 | static lv_fs_res_t fs_read (lv_fs_drv_t * drv, void * file_p, void * buf, uint32_t btr, uint32_t * br)
      |                             ~~~~~~~~~~~~~~^~~
D:/github/my/E-Track/USER/lv_port/lv_port_fs_sdfat.cpp: In function 'lv_fs_res_t fs_write(lv_fs_drv_t*, void*, const void*, uint32_t, uint32_t*)':
D:/github/my/E-Track/USER/lv_port/lv_port_fs_sdfat.cpp:190:43: warning: unused parameter 'drv' [-Wunused-parameter]
  190 | static lv_fs_res_t fs_write(lv_fs_drv_t * drv, void * file_p, const void * buf, uint32_t btw, uint32_t * bw)
      |                             ~~~~~~~~~~~~~~^~~
D:/github/my/E-Track/USER/lv_port/lv_port_fs_sdfat.cpp: In function 'lv_fs_res_t fs_seek(lv_fs_drv_t*, void*, uint32_t, lv_fs_whence_t)':
D:/github/my/E-Track/USER/lv_port/lv_port_fs_sdfat.cpp:212:43: warning: unused parameter 'drv' [-Wunused-parameter]
  212 | static lv_fs_res_t fs_seek (lv_fs_drv_t * drv, void * file_p, uint32_t pos, lv_fs_whence_t whence)
      |                             ~~~~~~~~~~~~~~^~~
D:/github/my/E-Track/USER/lv_port/lv_port_fs_sdfat.cpp: In function 'lv_fs_res_t fs_tell(lv_fs_drv_t*, void*, uint32_t*)':
D:/github/my/E-Track/USER/lv_port/lv_port_fs_sdfat.cpp:242:43: warning: unused parameter 'drv' [-Wunused-parameter]
  242 | static lv_fs_res_t fs_tell (lv_fs_drv_t * drv, void * file_p, uint32_t * pos_p)
      |                             ~~~~~~~~~~~~~~^~~
D:/github/my/E-Track/USER/lv_port/lv_port_fs_sdfat.cpp: In function 'void* fs_dir_open(lv_fs_drv_t*, const char*)':
D:/github/my/E-Track/USER/lv_port/lv_port_fs_sdfat.cpp:255:41: warning: unused parameter 'drv' [-Wunused-parameter]
  255 | static void * fs_dir_open(lv_fs_drv_t * drv, const char * path)
      |                           ~~~~~~~~~~~~~~^~~
D:/github/my/E-Track/USER/lv_port/lv_port_fs_sdfat.cpp: In function 'lv_fs_res_t fs_dir_read(lv_fs_drv_t*, void*, char*)':
D:/github/my/E-Track/USER/lv_port/lv_port_fs_sdfat.cpp:281:47: warning: unused parameter 'drv' [-Wunused-parameter]
  281 | static lv_fs_res_t fs_dir_read (lv_fs_drv_t * drv, void * dir_p, char *fn)
      |                                 ~~~~~~~~~~~~~~^~~
D:/github/my/E-Track/USER/lv_port/lv_port_fs_sdfat.cpp: In function 'lv_fs_res_t fs_dir_close(lv_fs_drv_t*, void*)':
D:/github/my/E-Track/USER/lv_port/lv_port_fs_sdfat.cpp:319:48: warning: unused parameter 'drv' [-Wunused-parameter]
  319 | static lv_fs_res_t fs_dir_close (lv_fs_drv_t * drv, void * dir_p)
      |                                  ~~~~~~~~~~~~~~^~~
D:/github/my/E-Track/USER/lv_port/lv_port_fs_sdfat.cpp: In function 'lv_fs_res_t fs_dir_read(lv_fs_drv_t*, void*, char*)':
D:/github/my/E-Track/USER/lv_port/lv_port_fs_sdfat.cpp:298:52: warning: '%s' directive output may be truncated writing up to 127 bytes into a region of size 64 [-Wformat-truncation=]
  298 |                 snprintf(fn, LV_FS_MAX_FN_LENGTH, "%s", name);
      |                                                    ^~   ~~~~
D:/github/my/E-Track/USER/lv_port/lv_port_fs_sdfat.cpp:298:25: note: 'snprintf' output between 1 and 128 bytes into a destination of size 64
  298 |                 snprintf(fn, LV_FS_MAX_FN_LENGTH, "%s", name);
      |                 ~~~~~~~~^~~~~~~~~~~~~~~~~~~~~~~~~~~~~~~~~~~~~
D:/github/my/E-Track/USER/lv_port/lv_port_fs_sdfat.cpp:294:53: warning: '%s' directive output may be truncated writing up to 127 bytes into a region of size 63 [-Wformat-truncation=]
  294 |                 snprintf(fn, LV_FS_MAX_FN_LENGTH, "/%s", name);
      |                                                     ^~   ~~~~
D:/github/my/E-Track/USER/lv_port/lv_port_fs_sdfat.cpp:294:25: note: 'snprintf' output between 2 and 129 bytes into a destination of size 64
  294 |                 snprintf(fn, LV_FS_MAX_FN_LENGTH, "/%s", name);
      |                 ~~~~~~~~^~~~~~~~~~~~~~~~~~~~~~~~~~~~~~~~~~~~~~
[364/409] Building C object CMakeFiles/X_Track_App_GCC.dir/D_/github/my/E-Track/Libraries/OTA/fw_header_placeholder.c.obj
[365/409] Building C object CMakeFiles/X_Track_App_GCC.dir/D_/github/my/E-Track/Libraries/OTA/ota_keys.c.obj
[366/409] Building CXX object CMakeFiles/X_Track_App_GCC.dir/D_/github/my/E-Track/USER/main.cpp.obj
[367/409] Building CXX object CMakeFiles/X_Track_App_GCC.dir/D_/github/my/E-Track/USER/HAL/HAL_OTA_Package.cpp.obj
[368/409] Building C object CMakeFiles/X_Track_App_GCC.dir/D_/github/my/E-Track/Libraries/OTA/ota_backup.c.obj
[369/409] Building CXX object CMakeFiles/X_Track_App_GCC.dir/D_/github/my/E-Track/USER/App/Utils/OtaUpdate/OtaUpdate.cpp.obj
[370/409] Building C object CMakeFiles/X_Track_App_GCC.dir/D_/github/my/E-Track/Libraries/OTA/ota_package.c.obj
[371/409] Building C object CMakeFiles/X_Track_App_GCC.dir/D_/github/my/E-Track/Libraries/OTA/ota_sd.c.obj
[372/409] Building CXX object CMakeFiles/X_Track_App_GCC.dir/D_/github/my/E-Track/USER/App/Pages/FirmwareUpdate/FirmwareUpdate.cpp.obj
In file included from D:/github/my/E-Track/USER/App/Utils/PageManager/PageManager.h:27,
                 from D:/github/my/E-Track/USER/App/Pages/Page.h:32,
                 from D:/github/my/E-Track/USER/App/Pages/FirmwareUpdate/FirmwareUpdate.h:4,
                 from D:/github/my/E-Track/USER/App/Pages/FirmwareUpdate/FirmwareUpdate.cpp:1:
D:/github/my/E-Track/USER/App/Utils/PageManager/PageFactory.h: In member function 'virtual PageBase* PageFactory::CreatePage(const char*)':
D:/github/my/E-Track/USER/App/Utils/PageManager/PageFactory.h:32:46: warning: unused parameter 'name' [-Wunused-parameter]
   32 |     virtual PageBase* CreatePage(const char* name)
      |                                  ~~~~~~~~~~~~^~~~
[373/409] Building C object CMakeFiles/X_Track_App_GCC.dir/D_/github/my/E-Track/Libraries/OTA/ota_patch.c.obj
[374/409] Building C object CMakeFiles/X_Track_App_GCC.dir/D_/github/my/E-Track/Libraries/OTA/ota_slot_header.c.obj
[375/409] Building C object CMakeFiles/X_Track_App_GCC.dir/D_/github/my/E-Track/Libraries/OTA/ota_ble_ring.c.obj
[376/409] Building C object CMakeFiles/X_Track_App_GCC.dir/D_/github/my/E-Track/Libraries/OTA/ota_ble_frame.c.obj
[377/409] Building C object CMakeFiles/X_Track_App_GCC.dir/D_/github/my/E-Track/Libraries/OTA/ota_staging.c.obj
[378/409] Building C object CMakeFiles/X_Track_App_GCC.dir/D_/github/my/E-Track/Libraries/OTA/ota_confirm_health.c.obj
[379/409] Building C object CMakeFiles/X_Track_App_GCC.dir/D_/github/my/E-Track/Libraries/OTA/ota_ble_session.c.obj
[380/409] Building C object CMakeFiles/X_Track_App_GCC.dir/D_/github/my/E-Track/boot/src/boot_crc32.c.obj
[381/409] Building C object CMakeFiles/X_Track_App_GCC.dir/D_/github/my/E-Track/Libraries/OTA/ota_vtor_check.c.obj
[382/409] Building C object CMakeFiles/X_Track_App_GCC.dir/D_/github/my/E-Track/boot/src/boot_sha256.c.obj
[383/409] Building C object CMakeFiles/X_Track_App_GCC.dir/D_/github/my/E-Track/boot/src/boot_fw_header.c.obj
[384/409] Building C object CMakeFiles/X_Track_Boot.dir/D_/github/my/E-Track/boot/src/boot_runtime.c.obj
[385/409] Building C object CMakeFiles/X_Track_App_GCC.dir/D_/github/my/E-Track/bsdiff_lzma_AES128-main/bspatch/AES128_CTR/aes_core.c.obj
[386/409] Building C object CMakeFiles/X_Track_Boot.dir/D_/github/my/E-Track/boot/src/boot_crc32.c.obj
[387/409] Building C object CMakeFiles/X_Track_Boot.dir/D_/github/my/E-Track/boot/src/boot_sha256.c.obj
[388/409] Building C object CMakeFiles/X_Track_Boot.dir/D_/github/my/E-Track/boot/src/boot_fw_header.c.obj
[389/409] Building C object CMakeFiles/X_Track_Boot.dir/D_/github/my/E-Track/boot/src/boot_slot.c.obj
[390/409] Building C object CMakeFiles/X_Track_Boot.dir/D_/github/my/E-Track/boot/src/boot_ymodem.c.obj
[391/409] Building C object CMakeFiles/X_Track_Boot.dir/D_/github/my/E-Track/boot/src/boot_state_machine.c.obj
[392/409] Building C object CMakeFiles/X_Track_App_GCC.dir/D_/github/my/E-Track/bsdiff_lzma_AES128-main/bspatch/lzma/LzmaDec.c.obj
[393/409] Building C object CMakeFiles/X_Track_Boot.dir/D_/github/my/E-Track/boot/src/boot_recovery.c.obj
[394/409] Building C object CMakeFiles/X_Track_Boot.dir/D_/github/my/E-Track/boot/src/boot_main.c.obj
[395/409] Building ASM object CMakeFiles/X_Track_Boot.dir/D_/github/my/E-Track/cmake/startup_at32f435_437_gcc.S.obj
[396/409] Building C object CMakeFiles/X_Track_Boot.dir/D_/github/my/E-Track/boot/platform/at32/boot_handoff_at32.c.obj
[397/409] Building C object CMakeFiles/X_Track_Boot.dir/D_/github/my/E-Track/Libraries/EEPROM/eeprom_bcb.c.obj
[398/409] Building C object CMakeFiles/X_Track_Boot.dir/D_/github/my/E-Track/MDK-ARM_F435/RTE/Device/-AT32F435RGT7/system_at32f435_437.c.obj
[399/409] Building C object CMakeFiles/X_Track_Boot.dir/D_/github/my/E-Track/boot/platform/at32/boot_platform_at32.c.obj
[400/409] Building C object CMakeFiles/X_Track_Boot.dir/D_/github/my/E-Track/MDK-ARM_F435/RTE/Device/-AT32F435RGT7/at32f435_437_crm.c.obj
[401/409] Building C object CMakeFiles/X_Track_Boot.dir/D_/github/my/E-Track/MDK-ARM_F435/RTE/Device/-AT32F435RGT7/at32f435_437_gpio.c.obj
[402/409] Building C object CMakeFiles/X_Track_Boot.dir/D_/github/my/E-Track/MDK-ARM_F435/RTE/Device/-AT32F435RGT7/at32f435_437_flash.c.obj
[403/409] Building C object CMakeFiles/X_Track_Boot.dir/D_/github/my/E-Track/MDK-ARM_F435/RTE/Device/-AT32F435RGT7/at32f435_437_qspi.c.obj
[404/409] Building C object CMakeFiles/X_Track_Boot.dir/D_/github/my/E-Track/MDK-ARM_F435/RTE/Device/-AT32F435RGT7/at32f435_437_wdt.c.obj
[405/409] Building C object CMakeFiles/X_Track_Boot.dir/D_/github/my/E-Track/MDK-ARM_F435/RTE/Device/-AT32F435RGT7/at32f435_437_usart.c.obj
[406/409] Building C object CMakeFiles/X_Track_Boot.dir/D_/github/my/E-Track/MDK-ARM_F435/Platform/Core/at32f435_437_clock.c.obj
[407/409] Building C object CMakeFiles/X_Track_Boot.dir/D_/github/my/E-Track/MDK-ARM_F435/RTE/Device/-AT32F435RGT7/at32f435_437_pwc.c.obj
[408/409] Linking C executable boot\X-Track-Boot.elf; Generating isolated OTA Boot artifacts
Memory region         Used Size  Region Size  %age Used
           FLASH:       14724 B        64 KB     22.47%
             RAM:        9784 B       352 KB      2.71%
   text	   data	    bss	    dec	    hex	filename
  14720	      4	   9780	  24504	   5fb8	D:/github/my/E-Track/.cache/p3-1-acceptance/build-verify/boot/X-Track-Boot.elf
[409/409] Linking CXX executable app-gcc\X-Track-App-GCC.elf; Generating isolated OTA App artifacts
D:/singlechip/gcc+gdb+openocd/tools/arm-gnu-toolchain-13.3.rel1-ming/bin/../lib/gcc/arm-none-eabi/13.3.1/../../../../arm-none-eabi/bin/ld.exe: D:/singlechip/gcc+gdb+openocd/tools/arm-gnu-toolchain-13.3.rel1-ming/bin/../lib/gcc/arm-none-eabi/13.3.1/thumb/v7e-m+fp/hard\libc_nano.a(libc_a-closer.o): in function `_close_r':
closer.c:(.text._close_r+0xc): warning: _close is not implemented and will always fail
D:/singlechip/gcc+gdb+openocd/tools/arm-gnu-toolchain-13.3.rel1-ming/bin/../lib/gcc/arm-none-eabi/13.3.1/../../../../arm-none-eabi/bin/ld.exe: D:/singlechip/gcc+gdb+openocd/tools/arm-gnu-toolchain-13.3.rel1-ming/bin/../lib/gcc/arm-none-eabi/13.3.1/thumb/v7e-m+fp/hard\libc_nano.a(libc_a-closer.o): note: the message above does not take linker garbage collection into account
D:/singlechip/gcc+gdb+openocd/tools/arm-gnu-toolchain-13.3.rel1-ming/bin/../lib/gcc/arm-none-eabi/13.3.1/../../../../arm-none-eabi/bin/ld.exe: D:/singlechip/gcc+gdb+openocd/tools/arm-gnu-toolchain-13.3.rel1-ming/bin/../lib/gcc/arm-none-eabi/13.3.1/thumb/v7e-m+fp/hard\libc_nano.a(libc_a-fstatr.o): in function `_fstat_r':
fstatr.c:(.text._fstat_r+0xe): warning: _fstat is not implemented and will always fail
D:/singlechip/gcc+gdb+openocd/tools/arm-gnu-toolchain-13.3.rel1-ming/bin/../lib/gcc/arm-none-eabi/13.3.1/../../../../arm-none-eabi/bin/ld.exe: D:/singlechip/gcc+gdb+openocd/tools/arm-gnu-toolchain-13.3.rel1-ming/bin/../lib/gcc/arm-none-eabi/13.3.1/thumb/v7e-m+fp/hard\libc_nano.a(libc_a-fstatr.o): note: the message above does not take linker garbage collection into account
D:/singlechip/gcc+gdb+openocd/tools/arm-gnu-toolchain-13.3.rel1-ming/bin/../lib/gcc/arm-none-eabi/13.3.1/../../../../arm-none-eabi/bin/ld.exe: D:/singlechip/gcc+gdb+openocd/tools/arm-gnu-toolchain-13.3.rel1-ming/bin/../lib/gcc/arm-none-eabi/13.3.1/thumb/v7e-m+fp/hard\libc_nano.a(libc_a-signalr.o): in function `_getpid_r':
signalr.c:(.text._getpid_r+0x0): warning: _getpid is not implemented and will always fail
D:/singlechip/gcc+gdb+openocd/tools/arm-gnu-toolchain-13.3.rel1-ming/bin/../lib/gcc/arm-none-eabi/13.3.1/../../../../arm-none-eabi/bin/ld.exe: D:/singlechip/gcc+gdb+openocd/tools/arm-gnu-toolchain-13.3.rel1-ming/bin/../lib/gcc/arm-none-eabi/13.3.1/thumb/v7e-m+fp/hard\libc_nano.a(libc_a-signalr.o): note: the message above does not take linker garbage collection into account
D:/singlechip/gcc+gdb+openocd/tools/arm-gnu-toolchain-13.3.rel1-ming/bin/../lib/gcc/arm-none-eabi/13.3.1/../../../../arm-none-eabi/bin/ld.exe: D:/singlechip/gcc+gdb+openocd/tools/arm-gnu-toolchain-13.3.rel1-ming/bin/../lib/gcc/arm-none-eabi/13.3.1/thumb/v7e-m+fp/hard\libc_nano.a(libc_a-isattyr.o): in function `_isatty_r':
isattyr.c:(.text._isatty_r+0xc): warning: _isatty is not implemented and will always fail
D:/singlechip/gcc+gdb+openocd/tools/arm-gnu-toolchain-13.3.rel1-ming/bin/../lib/gcc/arm-none-eabi/13.3.1/../../../../arm-none-eabi/bin/ld.exe: D:/singlechip/gcc+gdb+openocd/tools/arm-gnu-toolchain-13.3.rel1-ming/bin/../lib/gcc/arm-none-eabi/13.3.1/thumb/v7e-m+fp/hard\libc_nano.a(libc_a-isattyr.o): note: the message above does not take linker garbage collection into account
D:/singlechip/gcc+gdb+openocd/tools/arm-gnu-toolchain-13.3.rel1-ming/bin/../lib/gcc/arm-none-eabi/13.3.1/../../../../arm-none-eabi/bin/ld.exe: D:/singlechip/gcc+gdb+openocd/tools/arm-gnu-toolchain-13.3.rel1-ming/bin/../lib/gcc/arm-none-eabi/13.3.1/thumb/v7e-m+fp/hard\libc_nano.a(libc_a-signalr.o): in function `_kill_r':
signalr.c:(.text._kill_r+0xe): warning: _kill is not implemented and will always fail
D:/singlechip/gcc+gdb+openocd/tools/arm-gnu-toolchain-13.3.rel1-ming/bin/../lib/gcc/arm-none-eabi/13.3.1/../../../../arm-none-eabi/bin/ld.exe: D:/singlechip/gcc+gdb+openocd/tools/arm-gnu-toolchain-13.3.rel1-ming/bin/../lib/gcc/arm-none-eabi/13.3.1/thumb/v7e-m+fp/hard\libc_nano.a(libc_a-signalr.o): note: the message above does not take linker garbage collection into account
D:/singlechip/gcc+gdb+openocd/tools/arm-gnu-toolchain-13.3.rel1-ming/bin/../lib/gcc/arm-none-eabi/13.3.1/../../../../arm-none-eabi/bin/ld.exe: D:/singlechip/gcc+gdb+openocd/tools/arm-gnu-toolchain-13.3.rel1-ming/bin/../lib/gcc/arm-none-eabi/13.3.1/thumb/v7e-m+fp/hard\libc_nano.a(libc_a-lseekr.o): in function `_lseek_r':
lseekr.c:(.text._lseek_r+0x10): warning: _lseek is not implemented and will always fail
D:/singlechip/gcc+gdb+openocd/tools/arm-gnu-toolchain-13.3.rel1-ming/bin/../lib/gcc/arm-none-eabi/13.3.1/../../../../arm-none-eabi/bin/ld.exe: D:/singlechip/gcc+gdb+openocd/tools/arm-gnu-toolchain-13.3.rel1-ming/bin/../lib/gcc/arm-none-eabi/13.3.1/thumb/v7e-m+fp/hard\libc_nano.a(libc_a-lseekr.o): note: the message above does not take linker garbage collection into account
D:/singlechip/gcc+gdb+openocd/tools/arm-gnu-toolchain-13.3.rel1-ming/bin/../lib/gcc/arm-none-eabi/13.3.1/../../../../arm-none-eabi/bin/ld.exe: D:/singlechip/gcc+gdb+openocd/tools/arm-gnu-toolchain-13.3.rel1-ming/bin/../lib/gcc/arm-none-eabi/13.3.1/thumb/v7e-m+fp/hard\libc_nano.a(libc_a-readr.o): in function `_read_r':
readr.c:(.text._read_r+0x10): warning: _read is not implemented and will always fail
D:/singlechip/gcc+gdb+openocd/tools/arm-gnu-toolchain-13.3.rel1-ming/bin/../lib/gcc/arm-none-eabi/13.3.1/../../../../arm-none-eabi/bin/ld.exe: D:/singlechip/gcc+gdb+openocd/tools/arm-gnu-toolchain-13.3.rel1-ming/bin/../lib/gcc/arm-none-eabi/13.3.1/thumb/v7e-m+fp/hard\libc_nano.a(libc_a-readr.o): note: the message above does not take linker garbage collection into account
D:/singlechip/gcc+gdb+openocd/tools/arm-gnu-toolchain-13.3.rel1-ming/bin/../lib/gcc/arm-none-eabi/13.3.1/../../../../arm-none-eabi/bin/ld.exe: D:/singlechip/gcc+gdb+openocd/tools/arm-gnu-toolchain-13.3.rel1-ming/bin/../lib/gcc/arm-none-eabi/13.3.1/thumb/v7e-m+fp/hard\libc_nano.a(libc_a-writer.o): in function `_write_r':
writer.c:(.text._write_r+0x10): warning: _write is not implemented and will always fail
D:/singlechip/gcc+gdb+openocd/tools/arm-gnu-toolchain-13.3.rel1-ming/bin/../lib/gcc/arm-none-eabi/13.3.1/../../../../arm-none-eabi/bin/ld.exe: D:/singlechip/gcc+gdb+openocd/tools/arm-gnu-toolchain-13.3.rel1-ming/bin/../lib/gcc/arm-none-eabi/13.3.1/thumb/v7e-m+fp/hard\libc_nano.a(libc_a-writer.o): note: the message above does not take linker garbage collection into account
D:/singlechip/gcc+gdb+openocd/tools/arm-gnu-toolchain-13.3.rel1-ming/bin/../lib/gcc/arm-none-eabi/13.3.1/../../../../arm-none-eabi/bin/ld.exe: warning: CMakeFiles/X_Track_App_GCC.dir/D_/github/my/E-Track/ArduinoAPI/Arduino.c.obj uses 2-byte wchar_t yet the output is to use 4-byte wchar_t; use of wchar_t values across objects may fail
D:/singlechip/gcc+gdb+openocd/tools/arm-gnu-toolchain-13.3.rel1-ming/bin/../lib/gcc/arm-none-eabi/13.3.1/../../../../arm-none-eabi/bin/ld.exe: warning: CMakeFiles/X_Track_App_GCC.dir/D_/github/my/E-Track/ArduinoAPI/Print.cpp.obj uses 2-byte wchar_t yet the output is to use 4-byte wchar_t; use of wchar_t values across objects may fail
D:/singlechip/gcc+gdb+openocd/tools/arm-gnu-toolchain-13.3.rel1-ming/bin/../lib/gcc/arm-none-eabi/13.3.1/../../../../arm-none-eabi/bin/ld.exe: warning: CMakeFiles/X_Track_App_GCC.dir/D_/github/my/E-Track/ArduinoAPI/Stream.cpp.obj uses 2-byte wchar_t yet the output is to use 4-byte wchar_t; use of wchar_t values across objects may fail
D:/singlechip/gcc+gdb+openocd/tools/arm-gnu-toolchain-13.3.rel1-ming/bin/../lib/gcc/arm-none-eabi/13.3.1/../../../../arm-none-eabi/bin/ld.exe: warning: CMakeFiles/X_Track_App_GCC.dir/D_/github/my/E-Track/ArduinoAPI/WMath.cpp.obj uses 2-byte wchar_t yet the output is to use 4-byte wchar_t; use of wchar_t values across objects may fail
D:/singlechip/gcc+gdb+openocd/tools/arm-gnu-toolchain-13.3.rel1-ming/bin/../lib/gcc/arm-none-eabi/13.3.1/../../../../arm-none-eabi/bin/ld.exe: warning: CMakeFiles/X_Track_App_GCC.dir/D_/github/my/E-Track/ArduinoAPI/WString.cpp.obj uses 2-byte wchar_t yet the output is to use 4-byte wchar_t; use of wchar_t values across objects may fail
D:/singlechip/gcc+gdb+openocd/tools/arm-gnu-toolchain-13.3.rel1-ming/bin/../lib/gcc/arm-none-eabi/13.3.1/../../../../arm-none-eabi/bin/ld.exe: warning: CMakeFiles/X_Track_App_GCC.dir/D_/github/my/E-Track/ArduinoAPI/Wire.cpp.obj uses 2-byte wchar_t yet the output is to use 4-byte wchar_t; use of wchar_t values across objects may fail
D:/singlechip/gcc+gdb+openocd/tools/arm-gnu-toolchain-13.3.rel1-ming/bin/../lib/gcc/arm-none-eabi/13.3.1/../../../../arm-none-eabi/bin/ld.exe: warning: CMakeFiles/X_Track_App_GCC.dir/D_/github/my/E-Track/ArduinoAPI/WireBase.cpp.obj uses 2-byte wchar_t yet the output is to use 4-byte wchar_t; use of wchar_t values across objects may fail
D:/singlechip/gcc+gdb+openocd/tools/arm-gnu-toolchain-13.3.rel1-ming/bin/../lib/gcc/arm-none-eabi/13.3.1/../../../../arm-none-eabi/bin/ld.exe: warning: CMakeFiles/X_Track_App_GCC.dir/D_/github/my/E-Track/ArduinoAPI/dtostrf.c.obj uses 2-byte wchar_t yet the output is to use 4-byte wchar_t; use of wchar_t values across objects may fail
D:/singlechip/gcc+gdb+openocd/tools/arm-gnu-toolchain-13.3.rel1-ming/bin/../lib/gcc/arm-none-eabi/13.3.1/../../../../arm-none-eabi/bin/ld.exe: warning: CMakeFiles/X_Track_App_GCC.dir/D_/github/my/E-Track/ArduinoAPI/itoa.c.obj uses 2-byte wchar_t yet the output is to use 4-byte wchar_t; use of wchar_t values across objects may fail
D:/singlechip/gcc+gdb+openocd/tools/arm-gnu-toolchain-13.3.rel1-ming/bin/../lib/gcc/arm-none-eabi/13.3.1/../../../../arm-none-eabi/bin/ld.exe: warning: CMakeFiles/X_Track_App_GCC.dir/D_/github/my/E-Track/Libraries/Adafruit_GFX_Library/Adafruit_GFX.cpp.obj uses 2-byte wchar_t yet the output is to use 4-byte wchar_t; use of wchar_t values across objects may fail
D:/singlechip/gcc+gdb+openocd/tools/arm-gnu-toolchain-13.3.rel1-ming/bin/../lib/gcc/arm-none-eabi/13.3.1/../../../../arm-none-eabi/bin/ld.exe: warning: CMakeFiles/X_Track_App_GCC.dir/D_/github/my/E-Track/Libraries/Adafruit_ST7789/Adafruit_ST7789.cpp.obj uses 2-byte wchar_t yet the output is to use 4-byte wchar_t; use of wchar_t values across objects may fail
D:/singlechip/gcc+gdb+openocd/tools/arm-gnu-toolchain-13.3.rel1-ming/bin/../lib/gcc/arm-none-eabi/13.3.1/../../../../arm-none-eabi/bin/ld.exe: warning: CMakeFiles/X_Track_App_GCC.dir/D_/github/my/E-Track/Libraries/Bluetooth/Bluetooth.cpp.obj uses 2-byte wchar_t yet the output is to use 4-byte wchar_t; use of wchar_t values across objects may fail
D:/singlechip/gcc+gdb+openocd/tools/arm-gnu-toolchain-13.3.rel1-ming/bin/../lib/gcc/arm-none-eabi/13.3.1/../../../../arm-none-eabi/bin/ld.exe: warning: CMakeFiles/X_Track_App_GCC.dir/D_/github/my/E-Track/Libraries/ButtonEvent/ButtonEvent.cpp.obj uses 2-byte wchar_t yet the output is to use 4-byte wchar_t; use of wchar_t values across objects may fail
D:/singlechip/gcc+gdb+openocd/tools/arm-gnu-toolchain-13.3.rel1-ming/bin/../lib/gcc/arm-none-eabi/13.3.1/../../../../arm-none-eabi/bin/ld.exe: warning: CMakeFiles/X_Track_App_GCC.dir/D_/github/my/E-Track/Libraries/EEPROM/EEPROM.cpp.obj uses 2-byte wchar_t yet the output is to use 4-byte wchar_t; use of wchar_t values across objects may fail
D:/singlechip/gcc+gdb+openocd/tools/arm-gnu-toolchain-13.3.rel1-ming/bin/../lib/gcc/arm-none-eabi/13.3.1/../../../../arm-none-eabi/bin/ld.exe: warning: CMakeFiles/X_Track_App_GCC.dir/D_/github/my/E-Track/Libraries/EEPROM/eeprom_bcb.c.obj uses 2-byte wchar_t yet the output is to use 4-byte wchar_t; use of wchar_t values across objects may fail
D:/singlechip/gcc+gdb+openocd/tools/arm-gnu-toolchain-13.3.rel1-ming/bin/../lib/gcc/arm-none-eabi/13.3.1/../../../../arm-none-eabi/bin/ld.exe: warning: CMakeFiles/X_Track_App_GCC.dir/D_/github/my/E-Track/Libraries/LIS3MDL/LIS3MDL.cpp.obj uses 2-byte wchar_t yet the output is to use 4-byte wchar_t; use of wchar_t values across objects may fail
D:/singlechip/gcc+gdb+openocd/tools/arm-gnu-toolchain-13.3.rel1-ming/bin/../lib/gcc/arm-none-eabi/13.3.1/../../../../arm-none-eabi/bin/ld.exe: warning: CMakeFiles/X_Track_App_GCC.dir/D_/github/my/E-Track/Libraries/LSM6DSM/LSM6DSM.cpp.obj uses 2-byte wchar_t yet the output is to use 4-byte wchar_t; use of wchar_t values across objects may fail
D:/singlechip/gcc+gdb+openocd/tools/arm-gnu-toolchain-13.3.rel1-ming/bin/../lib/gcc/arm-none-eabi/13.3.1/../../../../arm-none-eabi/bin/ld.exe: warning: CMakeFiles/X_Track_App_GCC.dir/D_/github/my/E-Track/Libraries/MillisTaskManager/MillisTaskManager.cpp.obj uses 2-byte wchar_t yet the output is to use 4-byte wchar_t; use of wchar_t values across objects may fail
D:/singlechip/gcc+gdb+openocd/tools/arm-gnu-toolchain-13.3.rel1-ming/bin/../lib/gcc/arm-none-eabi/13.3.1/../../../../arm-none-eabi/bin/ld.exe: warning: CMakeFiles/X_Track_App_GCC.dir/D_/github/my/E-Track/Libraries/SdFat/src/FatLib/FatFile.cpp.obj uses 2-byte wchar_t yet the output is to use 4-byte wchar_t; use of wchar_t values across objects may fail
D:/singlechip/gcc+gdb+openocd/tools/arm-gnu-toolchain-13.3.rel1-ming/bin/../lib/gcc/arm-none-eabi/13.3.1/../../../../arm-none-eabi/bin/ld.exe: warning: CMakeFiles/X_Track_App_GCC.dir/D_/github/my/E-Track/Libraries/SdFat/src/FatLib/FatFileLFN.cpp.obj uses 2-byte wchar_t yet the output is to use 4-byte wchar_t; use of wchar_t values across objects may fail
D:/singlechip/gcc+gdb+openocd/tools/arm-gnu-toolchain-13.3.rel1-ming/bin/../lib/gcc/arm-none-eabi/13.3.1/../../../../arm-none-eabi/bin/ld.exe: warning: CMakeFiles/X_Track_App_GCC.dir/D_/github/my/E-Track/Libraries/SdFat/src/FatLib/FatFilePrint.cpp.obj uses 2-byte wchar_t yet the output is to use 4-byte wchar_t; use of wchar_t values across objects may fail
D:/singlechip/gcc+gdb+openocd/tools/arm-gnu-toolchain-13.3.rel1-ming/bin/../lib/gcc/arm-none-eabi/13.3.1/../../../../arm-none-eabi/bin/ld.exe: warning: CMakeFiles/X_Track_App_GCC.dir/D_/github/my/E-Track/Libraries/SdFat/src/FatLib/FatFileSFN.cpp.obj uses 2-byte wchar_t yet the output is to use 4-byte wchar_t; use of wchar_t values across objects may fail
D:/singlechip/gcc+gdb+openocd/tools/arm-gnu-toolchain-13.3.rel1-ming/bin/../lib/gcc/arm-none-eabi/13.3.1/../../../../arm-none-eabi/bin/ld.exe: warning: CMakeFiles/X_Track_App_GCC.dir/D_/github/my/E-Track/Libraries/SdFat/src/FatLib/FatVolume.cpp.obj uses 2-byte wchar_t yet the output is to use 4-byte wchar_t; use of wchar_t values across objects may fail
D:/singlechip/gcc+gdb+openocd/tools/arm-gnu-toolchain-13.3.rel1-ming/bin/../lib/gcc/arm-none-eabi/13.3.1/../../../../arm-none-eabi/bin/ld.exe: warning: CMakeFiles/X_Track_App_GCC.dir/D_/github/my/E-Track/Libraries/SdFat/src/FatLib/FmtNumber.cpp.obj uses 2-byte wchar_t yet the output is to use 4-byte wchar_t; use of wchar_t values across objects may fail
D:/singlechip/gcc+gdb+openocd/tools/arm-gnu-toolchain-13.3.rel1-ming/bin/../lib/gcc/arm-none-eabi/13.3.1/../../../../arm-none-eabi/bin/ld.exe: warning: CMakeFiles/X_Track_App_GCC.dir/D_/github/my/E-Track/Libraries/SdFat/src/FatLib/StdioStream.cpp.obj uses 2-byte wchar_t yet the output is to use 4-byte wchar_t; use of wchar_t values across objects may fail
D:/singlechip/gcc+gdb+openocd/tools/arm-gnu-toolchain-13.3.rel1-ming/bin/../lib/gcc/arm-none-eabi/13.3.1/../../../../arm-none-eabi/bin/ld.exe: warning: CMakeFiles/X_Track_App_GCC.dir/D_/github/my/E-Track/Libraries/SdFat/src/FatLib/fstream.cpp.obj uses 2-byte wchar_t yet the output is to use 4-byte wchar_t; use of wchar_t values across objects may fail
D:/singlechip/gcc+gdb+openocd/tools/arm-gnu-toolchain-13.3.rel1-ming/bin/../lib/gcc/arm-none-eabi/13.3.1/../../../../arm-none-eabi/bin/ld.exe: warning: CMakeFiles/X_Track_App_GCC.dir/D_/github/my/E-Track/Libraries/SdFat/src/FatLib/istream.cpp.obj uses 2-byte wchar_t yet the output is to use 4-byte wchar_t; use of wchar_t values across objects may fail
D:/singlechip/gcc+gdb+openocd/tools/arm-gnu-toolchain-13.3.rel1-ming/bin/../lib/gcc/arm-none-eabi/13.3.1/../../../../arm-none-eabi/bin/ld.exe: warning: CMakeFiles/X_Track_App_GCC.dir/D_/github/my/E-Track/Libraries/SdFat/src/FatLib/ostream.cpp.obj uses 2-byte wchar_t yet the output is to use 4-byte wchar_t; use of wchar_t values across objects may fail
D:/singlechip/gcc+gdb+openocd/tools/arm-gnu-toolchain-13.3.rel1-ming/bin/../lib/gcc/arm-none-eabi/13.3.1/../../../../arm-none-eabi/bin/ld.exe: warning: CMakeFiles/X_Track_App_GCC.dir/D_/github/my/E-Track/Libraries/SdFat/src/MinimumSerial.cpp.obj uses 2-byte wchar_t yet the output is to use 4-byte wchar_t; use of wchar_t values across objects may fail
D:/singlechip/gcc+gdb+openocd/tools/arm-gnu-toolchain-13.3.rel1-ming/bin/../lib/gcc/arm-none-eabi/13.3.1/../../../../arm-none-eabi/bin/ld.exe: warning: CMakeFiles/X_Track_App_GCC.dir/D_/github/my/E-Track/Libraries/SdFat/src/SdCard/SdSpiCard.cpp.obj uses 2-byte wchar_t yet the output is to use 4-byte wchar_t; use of wchar_t values across objects may fail
D:/singlechip/gcc+gdb+openocd/tools/arm-gnu-toolchain-13.3.rel1-ming/bin/../lib/gcc/arm-none-eabi/13.3.1/../../../../arm-none-eabi/bin/ld.exe: warning: CMakeFiles/X_Track_App_GCC.dir/D_/github/my/E-Track/Libraries/SdFat/src/SdCard/SdSpiCardEX.cpp.obj uses 2-byte wchar_t yet the output is to use 4-byte wchar_t; use of wchar_t values across objects may fail
D:/singlechip/gcc+gdb+openocd/tools/arm-gnu-toolchain-13.3.rel1-ming/bin/../lib/gcc/arm-none-eabi/13.3.1/../../../../arm-none-eabi/bin/ld.exe: warning: CMakeFiles/X_Track_App_GCC.dir/D_/github/my/E-Track/Libraries/SdFat/src/SdCard/SdioCard_AT32.cpp.obj uses 2-byte wchar_t yet the output is to use 4-byte wchar_t; use of wchar_t values across objects may fail
D:/singlechip/gcc+gdb+openocd/tools/arm-gnu-toolchain-13.3.rel1-ming/bin/../lib/gcc/arm-none-eabi/13.3.1/../../../../arm-none-eabi/bin/ld.exe: warning: CMakeFiles/X_Track_App_GCC.dir/D_/github/my/E-Track/Libraries/SdFat/src/SpiDriver/SdSpiSTM32.cpp.obj uses 2-byte wchar_t yet the output is to use 4-byte wchar_t; use of wchar_t values across objects may fail
D:/singlechip/gcc+gdb+openocd/tools/arm-gnu-toolchain-13.3.rel1-ming/bin/../lib/gcc/arm-none-eabi/13.3.1/../../../../arm-none-eabi/bin/ld.exe: warning: CMakeFiles/X_Track_App_GCC.dir/D_/github/my/E-Track/Libraries/StackInfo/StackInfo.c.obj uses 2-byte wchar_t yet the output is to use 4-byte wchar_t; use of wchar_t values across objects may fail
D:/singlechip/gcc+gdb+openocd/tools/arm-gnu-toolchain-13.3.rel1-ming/bin/../lib/gcc/arm-none-eabi/13.3.1/../../../../arm-none-eabi/bin/ld.exe: warning: CMakeFiles/X_Track_App_GCC.dir/D_/github/my/E-Track/Libraries/TinyGPSPlus/src/TinyGPS++.cpp.obj uses 2-byte wchar_t yet the output is to use 4-byte wchar_t; use of wchar_t values across objects may fail
D:/singlechip/gcc+gdb+openocd/tools/arm-gnu-toolchain-13.3.rel1-ming/bin/../lib/gcc/arm-none-eabi/13.3.1/../../../../arm-none-eabi/bin/ld.exe: warning: CMakeFiles/X_Track_App_GCC.dir/D_/github/my/E-Track/Libraries/USB_MSC/UsbMsc.cpp.obj uses 2-byte wchar_t yet the output is to use 4-byte wchar_t; use of wchar_t values across objects may fail
D:/singlechip/gcc+gdb+openocd/tools/arm-gnu-toolchain-13.3.rel1-ming/bin/../lib/gcc/arm-none-eabi/13.3.1/../../../../arm-none-eabi/bin/ld.exe: warning: CMakeFiles/X_Track_App_GCC.dir/D_/github/my/E-Track/Libraries/USB_MSC/msc_class/msc_bot_scsi.c.obj uses 2-byte wchar_t yet the output is to use 4-byte wchar_t; use of wchar_t values across objects may fail
D:/singlechip/gcc+gdb+openocd/tools/arm-gnu-toolchain-13.3.rel1-ming/bin/../lib/gcc/arm-none-eabi/13.3.1/../../../../arm-none-eabi/bin/ld.exe: warning: CMakeFiles/X_Track_App_GCC.dir/D_/github/my/E-Track/Libraries/USB_MSC/msc_class/msc_class.c.obj uses 2-byte wchar_t yet the output is to use 4-byte wchar_t; use of wchar_t values across objects may fail
D:/singlechip/gcc+gdb+openocd/tools/arm-gnu-toolchain-13.3.rel1-ming/bin/../lib/gcc/arm-none-eabi/13.3.1/../../../../arm-none-eabi/bin/ld.exe: warning: CMakeFiles/X_Track_App_GCC.dir/D_/github/my/E-Track/Libraries/USB_MSC/msc_class/msc_desc.c.obj uses 2-byte wchar_t yet the output is to use 4-byte wchar_t; use of wchar_t values across objects may fail
D:/singlechip/gcc+gdb+openocd/tools/arm-gnu-toolchain-13.3.rel1-ming/bin/../lib/gcc/arm-none-eabi/13.3.1/../../../../arm-none-eabi/bin/ld.exe: warning: CMakeFiles/X_Track_App_GCC.dir/D_/github/my/E-Track/Libraries/USB_MSC/msc_diskio.cpp.obj uses 2-byte wchar_t yet the output is to use 4-byte wchar_t; use of wchar_t values across objects may fail
D:/singlechip/gcc+gdb+openocd/tools/arm-gnu-toolchain-13.3.rel1-ming/bin/../lib/gcc/arm-none-eabi/13.3.1/../../../../arm-none-eabi/bin/ld.exe: warning: CMakeFiles/X_Track_App_GCC.dir/D_/github/my/E-Track/Libraries/W25Q128/qspi_cmd_en25qh128a.cpp.obj uses 2-byte wchar_t yet the output is to use 4-byte wchar_t; use of wchar_t values across objects may fail
D:/singlechip/gcc+gdb+openocd/tools/arm-gnu-toolchain-13.3.rel1-ming/bin/../lib/gcc/arm-none-eabi/13.3.1/../../../../arm-none-eabi/bin/ld.exe: warning: CMakeFiles/X_Track_App_GCC.dir/D_/github/my/E-Track/Libraries/XPT2046/XPT2046.cpp.obj uses 2-byte wchar_t yet the output is to use 4-byte wchar_t; use of wchar_t values across objects may fail
D:/singlechip/gcc+gdb+openocd/tools/arm-gnu-toolchain-13.3.rel1-ming/bin/../lib/gcc/arm-none-eabi/13.3.1/../../../../arm-none-eabi/bin/ld.exe: warning: CMakeFiles/X_Track_App_GCC.dir/D_/github/my/E-Track/Libraries/cm_backtrace/cm_backtrace.c.obj uses 2-byte wchar_t yet the output is to use 4-byte wchar_t; use of wchar_t values across objects may fail
D:/singlechip/gcc+gdb+openocd/tools/arm-gnu-toolchain-13.3.rel1-ming/bin/../lib/gcc/arm-none-eabi/13.3.1/../../../../arm-none-eabi/bin/ld.exe: warning: CMakeFiles/X_Track_App_GCC.dir/D_/github/my/E-Track/MDK-ARM_F435/Platform/Core/HardwareSerial.cpp.obj uses 2-byte wchar_t yet the output is to use 4-byte wchar_t; use of wchar_t values across objects may fail
D:/singlechip/gcc+gdb+openocd/tools/arm-gnu-toolchain-13.3.rel1-ming/bin/../lib/gcc/arm-none-eabi/13.3.1/../../../../arm-none-eabi/bin/ld.exe: warning: CMakeFiles/X_Track_App_GCC.dir/D_/github/my/E-Track/MDK-ARM_F435/Platform/Core/SPI.cpp.obj uses 2-byte wchar_t yet the output is to use 4-byte wchar_t; use of wchar_t values across objects may fail
D:/singlechip/gcc+gdb+openocd/tools/arm-gnu-toolchain-13.3.rel1-ming/bin/../lib/gcc/arm-none-eabi/13.3.1/../../../../arm-none-eabi/bin/ld.exe: warning: CMakeFiles/X_Track_App_GCC.dir/D_/github/my/E-Track/MDK-ARM_F435/Platform/Core/Tone.cpp.obj uses 2-byte wchar_t yet the output is to use 4-byte wchar_t; use of wchar_t values across objects may fail
D:/singlechip/gcc+gdb+openocd/tools/arm-gnu-toolchain-13.3.rel1-ming/bin/../lib/gcc/arm-none-eabi/13.3.1/../../../../arm-none-eabi/bin/ld.exe: warning: CMakeFiles/X_Track_App_GCC.dir/D_/github/my/E-Track/MDK-ARM_F435/Platform/Core/adc.c.obj uses 2-byte wchar_t yet the output is to use 4-byte wchar_t; use of wchar_t values across objects may fail
D:/singlechip/gcc+gdb+openocd/tools/arm-gnu-toolchain-13.3.rel1-ming/bin/../lib/gcc/arm-none-eabi/13.3.1/../../../../arm-none-eabi/bin/ld.exe: warning: CMakeFiles/X_Track_App_GCC.dir/D_/github/my/E-Track/MDK-ARM_F435/Platform/Core/at32_sdio.c.obj uses 2-byte wchar_t yet the output is to use 4-byte wchar_t; use of wchar_t values across objects may fail
D:/singlechip/gcc+gdb+openocd/tools/arm-gnu-toolchain-13.3.rel1-ming/bin/../lib/gcc/arm-none-eabi/13.3.1/../../../../arm-none-eabi/bin/ld.exe: warning: CMakeFiles/X_Track_App_GCC.dir/D_/github/my/E-Track/MDK-ARM_F435/Platform/Core/at32f435_437_clock.c.obj uses 2-byte wchar_t yet the output is to use 4-byte wchar_t; use of wchar_t values across objects may fail
D:/singlechip/gcc+gdb+openocd/tools/arm-gnu-toolchain-13.3.rel1-ming/bin/../lib/gcc/arm-none-eabi/13.3.1/../../../../arm-none-eabi/bin/ld.exe: warning: CMakeFiles/X_Track_App_GCC.dir/D_/github/my/E-Track/MDK-ARM_F435/Platform/Core/delay.c.obj uses 2-byte wchar_t yet the output is to use 4-byte wchar_t; use of wchar_t values across objects may fail
D:/singlechip/gcc+gdb+openocd/tools/arm-gnu-toolchain-13.3.rel1-ming/bin/../lib/gcc/arm-none-eabi/13.3.1/../../../../arm-none-eabi/bin/ld.exe: warning: CMakeFiles/X_Track_App_GCC.dir/D_/github/my/E-Track/MDK-ARM_F435/Platform/Core/exti.c.obj uses 2-byte wchar_t yet the output is to use 4-byte wchar_t; use of wchar_t values across objects may fail
D:/singlechip/gcc+gdb+openocd/tools/arm-gnu-toolchain-13.3.rel1-ming/bin/../lib/gcc/arm-none-eabi/13.3.1/../../../../arm-none-eabi/bin/ld.exe: warning: CMakeFiles/X_Track_App_GCC.dir/D_/github/my/E-Track/MDK-ARM_F435/Platform/Core/gpio.c.obj uses 2-byte wchar_t yet the output is to use 4-byte wchar_t; use of wchar_t values across objects may fail
D:/singlechip/gcc+gdb+openocd/tools/arm-gnu-toolchain-13.3.rel1-ming/bin/../lib/gcc/arm-none-eabi/13.3.1/../../../../arm-none-eabi/bin/ld.exe: warning: CMakeFiles/X_Track_App_GCC.dir/D_/github/my/E-Track/MDK-ARM_F435/Platform/Core/mcu_core.c.obj uses 2-byte wchar_t yet the output is to use 4-byte wchar_t; use of wchar_t values across objects may fail
D:/singlechip/gcc+gdb+openocd/tools/arm-gnu-toolchain-13.3.rel1-ming/bin/../lib/gcc/arm-none-eabi/13.3.1/../../../../arm-none-eabi/bin/ld.exe: warning: CMakeFiles/X_Track_App_GCC.dir/D_/github/my/E-Track/MDK-ARM_F435/Platform/Core/pwm.c.obj uses 2-byte wchar_t yet the output is to use 4-byte wchar_t; use of wchar_t values across objects may fail
D:/singlechip/gcc+gdb+openocd/tools/arm-gnu-toolchain-13.3.rel1-ming/bin/../lib/gcc/arm-none-eabi/13.3.1/../../../../arm-none-eabi/bin/ld.exe: warning: CMakeFiles/X_Track_App_GCC.dir/D_/github/my/E-Track/MDK-ARM_F435/Platform/Core/rtc.c.obj uses 2-byte wchar_t yet the output is to use 4-byte wchar_t; use of wchar_t values across objects may fail
D:/singlechip/gcc+gdb+openocd/tools/arm-gnu-toolchain-13.3.rel1-ming/bin/../lib/gcc/arm-none-eabi/13.3.1/../../../../arm-none-eabi/bin/ld.exe: warning: CMakeFiles/X_Track_App_GCC.dir/D_/github/my/E-Track/MDK-ARM_F435/Platform/Core/timer.c.obj uses 2-byte wchar_t yet the output is to use 4-byte wchar_t; use of wchar_t values across objects may fail
D:/singlechip/gcc+gdb+openocd/tools/arm-gnu-toolchain-13.3.rel1-ming/bin/../lib/gcc/arm-none-eabi/13.3.1/../../../../arm-none-eabi/bin/ld.exe: warning: CMakeFiles/X_Track_App_GCC.dir/D_/github/my/E-Track/MDK-ARM_F435/Platform/Core/wdg.c.obj uses 2-byte wchar_t yet the output is to use 4-byte wchar_t; use of wchar_t values across objects may fail
D:/singlechip/gcc+gdb+openocd/tools/arm-gnu-toolchain-13.3.rel1-ming/bin/../lib/gcc/arm-none-eabi/13.3.1/../../../../arm-none-eabi/bin/ld.exe: warning: CMakeFiles/X_Track_App_GCC.dir/D_/github/my/E-Track/MDK-ARM_F435/Platform/HAL/HAL_Display.cpp.obj uses 2-byte wchar_t yet the output is to use 4-byte wchar_t; use of wchar_t values across objects may fail
D:/singlechip/gcc+gdb+openocd/tools/arm-gnu-toolchain-13.3.rel1-ming/bin/../lib/gcc/arm-none-eabi/13.3.1/../../../../arm-none-eabi/bin/ld.exe: warning: CMakeFiles/X_Track_App_GCC.dir/D_/github/my/E-Track/MDK-ARM_F435/Platform/HAL/HAL_Power.cpp.obj uses 2-byte wchar_t yet the output is to use 4-byte wchar_t; use of wchar_t values across objects may fail
D:/singlechip/gcc+gdb+openocd/tools/arm-gnu-toolchain-13.3.rel1-ming/bin/../lib/gcc/arm-none-eabi/13.3.1/../../../../arm-none-eabi/bin/ld.exe: warning: CMakeFiles/X_Track_App_GCC.dir/D_/github/my/E-Track/MDK-ARM_F435/Platform/HAL/HAL_Touch.cpp.obj uses 2-byte wchar_t yet the output is to use 4-byte wchar_t; use of wchar_t values across objects may fail
D:/singlechip/gcc+gdb+openocd/tools/arm-gnu-toolchain-13.3.rel1-ming/bin/../lib/gcc/arm-none-eabi/13.3.1/../../../../arm-none-eabi/bin/ld.exe: warning: CMakeFiles/X_Track_App_GCC.dir/D_/github/my/E-Track/MDK-ARM_F435/Platform/lv_port/lv_port_disp.cpp.obj uses 2-byte wchar_t yet the output is to use 4-byte wchar_t; use of wchar_t values across objects may fail
D:/singlechip/gcc+gdb+openocd/tools/arm-gnu-toolchain-13.3.rel1-ming/bin/../lib/gcc/arm-none-eabi/13.3.1/../../../../arm-none-eabi/bin/ld.exe: warning: CMakeFiles/X_Track_App_GCC.dir/D_/github/my/E-Track/MDK-ARM_F435/Platform/middlewares/usb_drivers/src/usb_core.c.obj uses 2-byte wchar_t yet the output is to use 4-byte wchar_t; use of wchar_t values across objects may fail
D:/singlechip/gcc+gdb+openocd/tools/arm-gnu-toolchain-13.3.rel1-ming/bin/../lib/gcc/arm-none-eabi/13.3.1/../../../../arm-none-eabi/bin/ld.exe: warning: CMakeFiles/X_Track_App_GCC.dir/D_/github/my/E-Track/MDK-ARM_F435/Platform/middlewares/usb_drivers/src/usbd_core.c.obj uses 2-byte wchar_t yet the output is to use 4-byte wchar_t; use of wchar_t values across objects may fail
D:/singlechip/gcc+gdb+openocd/tools/arm-gnu-toolchain-13.3.rel1-ming/bin/../lib/gcc/arm-none-eabi/13.3.1/../../../../arm-none-eabi/bin/ld.exe: warning: CMakeFiles/X_Track_App_GCC.dir/D_/github/my/E-Track/MDK-ARM_F435/Platform/middlewares/usb_drivers/src/usbd_int.c.obj uses 2-byte wchar_t yet the output is to use 4-byte wchar_t; use of wchar_t values across objects may fail
D:/singlechip/gcc+gdb+openocd/tools/arm-gnu-toolchain-13.3.rel1-ming/bin/../lib/gcc/arm-none-eabi/13.3.1/../../../../arm-none-eabi/bin/ld.exe: warning: CMakeFiles/X_Track_App_GCC.dir/D_/github/my/E-Track/MDK-ARM_F435/Platform/middlewares/usb_drivers/src/usbd_sdr.c.obj uses 2-byte wchar_t yet the output is to use 4-byte wchar_t; use of wchar_t values across objects may fail
D:/singlechip/gcc+gdb+openocd/tools/arm-gnu-toolchain-13.3.rel1-ming/bin/../lib/gcc/arm-none-eabi/13.3.1/../../../../arm-none-eabi/bin/ld.exe: warning: CMakeFiles/X_Track_App_GCC.dir/D_/github/my/E-Track/MDK-ARM_F435/RTE/Device/-AT32F435RGT7/at32f435_437_acc.c.obj uses 2-byte wchar_t yet the output is to use 4-byte wchar_t; use of wchar_t values across objects may fail
D:/singlechip/gcc+gdb+openocd/tools/arm-gnu-toolchain-13.3.rel1-ming/bin/../lib/gcc/arm-none-eabi/13.3.1/../../../../arm-none-eabi/bin/ld.exe: warning: CMakeFiles/X_Track_App_GCC.dir/D_/github/my/E-Track/MDK-ARM_F435/RTE/Device/-AT32F435RGT7/at32f435_437_adc.c.obj uses 2-byte wchar_t yet the output is to use 4-byte wchar_t; use of wchar_t values across objects may fail
D:/singlechip/gcc+gdb+openocd/tools/arm-gnu-toolchain-13.3.rel1-ming/bin/../lib/gcc/arm-none-eabi/13.3.1/../../../../arm-none-eabi/bin/ld.exe: warning: CMakeFiles/X_Track_App_GCC.dir/D_/github/my/E-Track/MDK-ARM_F435/RTE/Device/-AT32F435RGT7/at32f435_437_crm.c.obj uses 2-byte wchar_t yet the output is to use 4-byte wchar_t; use of wchar_t values across objects may fail
D:/singlechip/gcc+gdb+openocd/tools/arm-gnu-toolchain-13.3.rel1-ming/bin/../lib/gcc/arm-none-eabi/13.3.1/../../../../arm-none-eabi/bin/ld.exe: warning: CMakeFiles/X_Track_App_GCC.dir/D_/github/my/E-Track/MDK-ARM_F435/RTE/Device/-AT32F435RGT7/at32f435_437_dma.c.obj uses 2-byte wchar_t yet the output is to use 4-byte wchar_t; use of wchar_t values across objects may fail
D:/singlechip/gcc+gdb+openocd/tools/arm-gnu-toolchain-13.3.rel1-ming/bin/../lib/gcc/arm-none-eabi/13.3.1/../../../../arm-none-eabi/bin/ld.exe: warning: CMakeFiles/X_Track_App_GCC.dir/D_/github/my/E-Track/MDK-ARM_F435/RTE/Device/-AT32F435RGT7/at32f435_437_edma.c.obj uses 2-byte wchar_t yet the output is to use 4-byte wchar_t; use of wchar_t values across objects may fail
D:/singlechip/gcc+gdb+openocd/tools/arm-gnu-toolchain-13.3.rel1-ming/bin/../lib/gcc/arm-none-eabi/13.3.1/../../../../arm-none-eabi/bin/ld.exe: warning: CMakeFiles/X_Track_App_GCC.dir/D_/github/my/E-Track/MDK-ARM_F435/RTE/Device/-AT32F435RGT7/at32f435_437_ertc.c.obj uses 2-byte wchar_t yet the output is to use 4-byte wchar_t; use of wchar_t values across objects may fail
D:/singlechip/gcc+gdb+openocd/tools/arm-gnu-toolchain-13.3.rel1-ming/bin/../lib/gcc/arm-none-eabi/13.3.1/../../../../arm-none-eabi/bin/ld.exe: warning: CMakeFiles/X_Track_App_GCC.dir/D_/github/my/E-Track/MDK-ARM_F435/RTE/Device/-AT32F435RGT7/at32f435_437_exint.c.obj uses 2-byte wchar_t yet the output is to use 4-byte wchar_t; use of wchar_t values across objects may fail
D:/singlechip/gcc+gdb+openocd/tools/arm-gnu-toolchain-13.3.rel1-ming/bin/../lib/gcc/arm-none-eabi/13.3.1/../../../../arm-none-eabi/bin/ld.exe: warning: CMakeFiles/X_Track_App_GCC.dir/D_/github/my/E-Track/MDK-ARM_F435/RTE/Device/-AT32F435RGT7/at32f435_437_flash.c.obj uses 2-byte wchar_t yet the output is to use 4-byte wchar_t; use of wchar_t values across objects may fail
D:/singlechip/gcc+gdb+openocd/tools/arm-gnu-toolchain-13.3.rel1-ming/bin/../lib/gcc/arm-none-eabi/13.3.1/../../../../arm-none-eabi/bin/ld.exe: warning: CMakeFiles/X_Track_App_GCC.dir/D_/github/my/E-Track/MDK-ARM_F435/RTE/Device/-AT32F435RGT7/at32f435_437_gpio.c.obj uses 2-byte wchar_t yet the output is to use 4-byte wchar_t; use of wchar_t values across objects may fail
D:/singlechip/gcc+gdb+openocd/tools/arm-gnu-toolchain-13.3.rel1-ming/bin/../lib/gcc/arm-none-eabi/13.3.1/../../../../arm-none-eabi/bin/ld.exe: warning: CMakeFiles/X_Track_App_GCC.dir/D_/github/my/E-Track/MDK-ARM_F435/RTE/Device/-AT32F435RGT7/at32f435_437_misc.c.obj uses 2-byte wchar_t yet the output is to use 4-byte wchar_t; use of wchar_t values across objects may fail
D:/singlechip/gcc+gdb+openocd/tools/arm-gnu-toolchain-13.3.rel1-ming/bin/../lib/gcc/arm-none-eabi/13.3.1/../../../../arm-none-eabi/bin/ld.exe: warning: CMakeFiles/X_Track_App_GCC.dir/D_/github/my/E-Track/MDK-ARM_F435/RTE/Device/-AT32F435RGT7/at32f435_437_pwc.c.obj uses 2-byte wchar_t yet the output is to use 4-byte wchar_t; use of wchar_t values across objects may fail
D:/singlechip/gcc+gdb+openocd/tools/arm-gnu-toolchain-13.3.rel1-ming/bin/../lib/gcc/arm-none-eabi/13.3.1/../../../../arm-none-eabi/bin/ld.exe: warning: CMakeFiles/X_Track_App_GCC.dir/D_/github/my/E-Track/MDK-ARM_F435/RTE/Device/-AT32F435RGT7/at32f435_437_qspi.c.obj uses 2-byte wchar_t yet the output is to use 4-byte wchar_t; use of wchar_t values across objects may fail
D:/singlechip/gcc+gdb+openocd/tools/arm-gnu-toolchain-13.3.rel1-ming/bin/../lib/gcc/arm-none-eabi/13.3.1/../../../../arm-none-eabi/bin/ld.exe: warning: CMakeFiles/X_Track_App_GCC.dir/D_/github/my/E-Track/MDK-ARM_F435/RTE/Device/-AT32F435RGT7/at32f435_437_scfg.c.obj uses 2-byte wchar_t yet the output is to use 4-byte wchar_t; use of wchar_t values across objects may fail
D:/singlechip/gcc+gdb+openocd/tools/arm-gnu-toolchain-13.3.rel1-ming/bin/../lib/gcc/arm-none-eabi/13.3.1/../../../../arm-none-eabi/bin/ld.exe: warning: CMakeFiles/X_Track_App_GCC.dir/D_/github/my/E-Track/MDK-ARM_F435/RTE/Device/-AT32F435RGT7/at32f435_437_sdio.c.obj uses 2-byte wchar_t yet the output is to use 4-byte wchar_t; use of wchar_t values across objects may fail
D:/singlechip/gcc+gdb+openocd/tools/arm-gnu-toolchain-13.3.rel1-ming/bin/../lib/gcc/arm-none-eabi/13.3.1/../../../../arm-none-eabi/bin/ld.exe: warning: CMakeFiles/X_Track_App_GCC.dir/D_/github/my/E-Track/MDK-ARM_F435/RTE/Device/-AT32F435RGT7/at32f435_437_spi.c.obj uses 2-byte wchar_t yet the output is to use 4-byte wchar_t; use of wchar_t values across objects may fail
D:/singlechip/gcc+gdb+openocd/tools/arm-gnu-toolchain-13.3.rel1-ming/bin/../lib/gcc/arm-none-eabi/13.3.1/../../../../arm-none-eabi/bin/ld.exe: warning: CMakeFiles/X_Track_App_GCC.dir/D_/github/my/E-Track/MDK-ARM_F435/RTE/Device/-AT32F435RGT7/at32f435_437_tmr.c.obj uses 2-byte wchar_t yet the output is to use 4-byte wchar_t; use of wchar_t values across objects may fail
D:/singlechip/gcc+gdb+openocd/tools/arm-gnu-toolchain-13.3.rel1-ming/bin/../lib/gcc/arm-none-eabi/13.3.1/../../../../arm-none-eabi/bin/ld.exe: warning: CMakeFiles/X_Track_App_GCC.dir/D_/github/my/E-Track/MDK-ARM_F435/RTE/Device/-AT32F435RGT7/at32f435_437_usart.c.obj uses 2-byte wchar_t yet the output is to use 4-byte wchar_t; use of wchar_t values across objects may fail
D:/singlechip/gcc+gdb+openocd/tools/arm-gnu-toolchain-13.3.rel1-ming/bin/../lib/gcc/arm-none-eabi/13.3.1/../../../../arm-none-eabi/bin/ld.exe: warning: CMakeFiles/X_Track_App_GCC.dir/D_/github/my/E-Track/MDK-ARM_F435/RTE/Device/-AT32F435RGT7/at32f435_437_usb.c.obj uses 2-byte wchar_t yet the output is to use 4-byte wchar_t; use of wchar_t values across objects may fail
D:/singlechip/gcc+gdb+openocd/tools/arm-gnu-toolchain-13.3.rel1-ming/bin/../lib/gcc/arm-none-eabi/13.3.1/../../../../arm-none-eabi/bin/ld.exe: warning: CMakeFiles/X_Track_App_GCC.dir/D_/github/my/E-Track/MDK-ARM_F435/RTE/Device/-AT32F435RGT7/at32f435_437_wdt.c.obj uses 2-byte wchar_t yet the output is to use 4-byte wchar_t; use of wchar_t values across objects may fail
D:/singlechip/gcc+gdb+openocd/tools/arm-gnu-toolchain-13.3.rel1-ming/bin/../lib/gcc/arm-none-eabi/13.3.1/../../../../arm-none-eabi/bin/ld.exe: warning: CMakeFiles/X_Track_App_GCC.dir/D_/github/my/E-Track/MDK-ARM_F435/RTE/Device/-AT32F435RGT7/system_at32f435_437.c.obj uses 2-byte wchar_t yet the output is to use 4-byte wchar_t; use of wchar_t values across objects may fail
D:/singlechip/gcc+gdb+openocd/tools/arm-gnu-toolchain-13.3.rel1-ming/bin/../lib/gcc/arm-none-eabi/13.3.1/../../../../arm-none-eabi/bin/ld.exe: warning: CMakeFiles/X_Track_App_GCC.dir/D_/github/my/E-Track/Simulator/LVGL.Simulator/lvgl/demos/benchmark/assets/img_benchmark_cogwheel_alpha16.c.obj uses 2-byte wchar_t yet the output is to use 4-byte wchar_t; use of wchar_t values across objects may fail
D:/singlechip/gcc+gdb+openocd/tools/arm-gnu-toolchain-13.3.rel1-ming/bin/../lib/gcc/arm-none-eabi/13.3.1/../../../../arm-none-eabi/bin/ld.exe: warning: CMakeFiles/X_Track_App_GCC.dir/D_/github/my/E-Track/Simulator/LVGL.Simulator/lvgl/demos/benchmark/assets/img_benchmark_cogwheel_argb.c.obj uses 2-byte wchar_t yet the output is to use 4-byte wchar_t; use of wchar_t values across objects may fail
D:/singlechip/gcc+gdb+openocd/tools/arm-gnu-toolchain-13.3.rel1-ming/bin/../lib/gcc/arm-none-eabi/13.3.1/../../../../arm-none-eabi/bin/ld.exe: warning: CMakeFiles/X_Track_App_GCC.dir/D_/github/my/E-Track/Simulator/LVGL.Simulator/lvgl/demos/benchmark/assets/img_benchmark_cogwheel_chroma_keyed.c.obj uses 2-byte wchar_t yet the output is to use 4-byte wchar_t; use of wchar_t values across objects may fail
D:/singlechip/gcc+gdb+openocd/tools/arm-gnu-toolchain-13.3.rel1-ming/bin/../lib/gcc/arm-none-eabi/13.3.1/../../../../arm-none-eabi/bin/ld.exe: warning: CMakeFiles/X_Track_App_GCC.dir/D_/github/my/E-Track/Simulator/LVGL.Simulator/lvgl/demos/benchmark/assets/img_benchmark_cogwheel_indexed16.c.obj uses 2-byte wchar_t yet the output is to use 4-byte wchar_t; use of wchar_t values across objects may fail
D:/singlechip/gcc+gdb+openocd/tools/arm-gnu-toolchain-13.3.rel1-ming/bin/../lib/gcc/arm-none-eabi/13.3.1/../../../../arm-none-eabi/bin/ld.exe: warning: CMakeFiles/X_Track_App_GCC.dir/D_/github/my/E-Track/Simulator/LVGL.Simulator/lvgl/demos/benchmark/assets/img_benchmark_cogwheel_rgb.c.obj uses 2-byte wchar_t yet the output is to use 4-byte wchar_t; use of wchar_t values across objects may fail
D:/singlechip/gcc+gdb+openocd/tools/arm-gnu-toolchain-13.3.rel1-ming/bin/../lib/gcc/arm-none-eabi/13.3.1/../../../../arm-none-eabi/bin/ld.exe: warning: CMakeFiles/X_Track_App_GCC.dir/D_/github/my/E-Track/Simulator/LVGL.Simulator/lvgl/demos/benchmark/assets/lv_font_bechmark_montserrat_12_compr_az.c.c.obj uses 2-byte wchar_t yet the output is to use 4-byte wchar_t; use of wchar_t values across objects may fail
D:/singlechip/gcc+gdb+openocd/tools/arm-gnu-toolchain-13.3.rel1-ming/bin/../lib/gcc/arm-none-eabi/13.3.1/../../../../arm-none-eabi/bin/ld.exe: warning: CMakeFiles/X_Track_App_GCC.dir/D_/github/my/E-Track/Simulator/LVGL.Simulator/lvgl/demos/benchmark/assets/lv_font_bechmark_montserrat_16_compr_az.c.c.obj uses 2-byte wchar_t yet the output is to use 4-byte wchar_t; use of wchar_t values across objects may fail
D:/singlechip/gcc+gdb+openocd/tools/arm-gnu-toolchain-13.3.rel1-ming/bin/../lib/gcc/arm-none-eabi/13.3.1/../../../../arm-none-eabi/bin/ld.exe: warning: CMakeFiles/X_Track_App_GCC.dir/D_/github/my/E-Track/Simulator/LVGL.Simulator/lvgl/demos/benchmark/assets/lv_font_bechmark_montserrat_28_compr_az.c.c.obj uses 2-byte wchar_t yet the output is to use 4-byte wchar_t; use of wchar_t values across objects may fail
D:/singlechip/gcc+gdb+openocd/tools/arm-gnu-toolchain-13.3.rel1-ming/bin/../lib/gcc/arm-none-eabi/13.3.1/../../../../arm-none-eabi/bin/ld.exe: warning: CMakeFiles/X_Track_App_GCC.dir/D_/github/my/E-Track/Simulator/LVGL.Simulator/lvgl/demos/benchmark/lv_demo_benchmark.c.obj uses 2-byte wchar_t yet the output is to use 4-byte wchar_t; use of wchar_t values across objects may fail
D:/singlechip/gcc+gdb+openocd/tools/arm-gnu-toolchain-13.3.rel1-ming/bin/../lib/gcc/arm-none-eabi/13.3.1/../../../../arm-none-eabi/bin/ld.exe: warning: CMakeFiles/X_Track_App_GCC.dir/D_/github/my/E-Track/Simulator/LVGL.Simulator/lvgl/src/core/lv_disp.c.obj uses 2-byte wchar_t yet the output is to use 4-byte wchar_t; use of wchar_t values across objects may fail
D:/singlechip/gcc+gdb+openocd/tools/arm-gnu-toolchain-13.3.rel1-ming/bin/../lib/gcc/arm-none-eabi/13.3.1/../../../../arm-none-eabi/bin/ld.exe: warning: CMakeFiles/X_Track_App_GCC.dir/D_/github/my/E-Track/Simulator/LVGL.Simulator/lvgl/src/core/lv_event.c.obj uses 2-byte wchar_t yet the output is to use 4-byte wchar_t; use of wchar_t values across objects may fail
D:/singlechip/gcc+gdb+openocd/tools/arm-gnu-toolchain-13.3.rel1-ming/bin/../lib/gcc/arm-none-eabi/13.3.1/../../../../arm-none-eabi/bin/ld.exe: warning: CMakeFiles/X_Track_App_GCC.dir/D_/github/my/E-Track/Simulator/LVGL.Simulator/lvgl/src/core/lv_group.c.obj uses 2-byte wchar_t yet the output is to use 4-byte wchar_t; use of wchar_t values across objects may fail
D:/singlechip/gcc+gdb+openocd/tools/arm-gnu-toolchain-13.3.rel1-ming/bin/../lib/gcc/arm-none-eabi/13.3.1/../../../../arm-none-eabi/bin/ld.exe: warning: CMakeFiles/X_Track_App_GCC.dir/D_/github/my/E-Track/Simulator/LVGL.Simulator/lvgl/src/core/lv_indev.c.obj uses 2-byte wchar_t yet the output is to use 4-byte wchar_t; use of wchar_t values across objects may fail
D:/singlechip/gcc+gdb+openocd/tools/arm-gnu-toolchain-13.3.rel1-ming/bin/../lib/gcc/arm-none-eabi/13.3.1/../../../../arm-none-eabi/bin/ld.exe: warning: CMakeFiles/X_Track_App_GCC.dir/D_/github/my/E-Track/Simulator/LVGL.Simulator/lvgl/src/core/lv_indev_scroll.c.obj uses 2-byte wchar_t yet the output is to use 4-byte wchar_t; use of wchar_t values across objects may fail
D:/singlechip/gcc+gdb+openocd/tools/arm-gnu-toolchain-13.3.rel1-ming/bin/../lib/gcc/arm-none-eabi/13.3.1/../../../../arm-none-eabi/bin/ld.exe: warning: CMakeFiles/X_Track_App_GCC.dir/D_/github/my/E-Track/Simulator/LVGL.Simulator/lvgl/src/core/lv_obj.c.obj uses 2-byte wchar_t yet the output is to use 4-byte wchar_t; use of wchar_t values across objects may fail
D:/singlechip/gcc+gdb+openocd/tools/arm-gnu-toolchain-13.3.rel1-ming/bin/../lib/gcc/arm-none-eabi/13.3.1/../../../../arm-none-eabi/bin/ld.exe: warning: CMakeFiles/X_Track_App_GCC.dir/D_/github/my/E-Track/Simulator/LVGL.Simulator/lvgl/src/core/lv_obj_class.c.obj uses 2-byte wchar_t yet the output is to use 4-byte wchar_t; use of wchar_t values across objects may fail
D:/singlechip/gcc+gdb+openocd/tools/arm-gnu-toolchain-13.3.rel1-ming/bin/../lib/gcc/arm-none-eabi/13.3.1/../../../../arm-none-eabi/bin/ld.exe: warning: CMakeFiles/X_Track_App_GCC.dir/D_/github/my/E-Track/Simulator/LVGL.Simulator/lvgl/src/core/lv_obj_draw.c.obj uses 2-byte wchar_t yet the output is to use 4-byte wchar_t; use of wchar_t values across objects may fail
D:/singlechip/gcc+gdb+openocd/tools/arm-gnu-toolchain-13.3.rel1-ming/bin/../lib/gcc/arm-none-eabi/13.3.1/../../../../arm-none-eabi/bin/ld.exe: warning: CMakeFiles/X_Track_App_GCC.dir/D_/github/my/E-Track/Simulator/LVGL.Simulator/lvgl/src/core/lv_obj_pos.c.obj uses 2-byte wchar_t yet the output is to use 4-byte wchar_t; use of wchar_t values across objects may fail
D:/singlechip/gcc+gdb+openocd/tools/arm-gnu-toolchain-13.3.rel1-ming/bin/../lib/gcc/arm-none-eabi/13.3.1/../../../../arm-none-eabi/bin/ld.exe: warning: CMakeFiles/X_Track_App_GCC.dir/D_/github/my/E-Track/Simulator/LVGL.Simulator/lvgl/src/core/lv_obj_scroll.c.obj uses 2-byte wchar_t yet the output is to use 4-byte wchar_t; use of wchar_t values across objects may fail
D:/singlechip/gcc+gdb+openocd/tools/arm-gnu-toolchain-13.3.rel1-ming/bin/../lib/gcc/arm-none-eabi/13.3.1/../../../../arm-none-eabi/bin/ld.exe: warning: CMakeFiles/X_Track_App_GCC.dir/D_/github/my/E-Track/Simulator/LVGL.Simulator/lvgl/src/core/lv_obj_style.c.obj uses 2-byte wchar_t yet the output is to use 4-byte wchar_t; use of wchar_t values across objects may fail
D:/singlechip/gcc+gdb+openocd/tools/arm-gnu-toolchain-13.3.rel1-ming/bin/../lib/gcc/arm-none-eabi/13.3.1/../../../../arm-none-eabi/bin/ld.exe: warning: CMakeFiles/X_Track_App_GCC.dir/D_/github/my/E-Track/Simulator/LVGL.Simulator/lvgl/src/core/lv_obj_style_gen.c.obj uses 2-byte wchar_t yet the output is to use 4-byte wchar_t; use of wchar_t values across objects may fail
D:/singlechip/gcc+gdb+openocd/tools/arm-gnu-toolchain-13.3.rel1-ming/bin/../lib/gcc/arm-none-eabi/13.3.1/../../../../arm-none-eabi/bin/ld.exe: warning: CMakeFiles/X_Track_App_GCC.dir/D_/github/my/E-Track/Simulator/LVGL.Simulator/lvgl/src/core/lv_obj_tree.c.obj uses 2-byte wchar_t yet the output is to use 4-byte wchar_t; use of wchar_t values across objects may fail
D:/singlechip/gcc+gdb+openocd/tools/arm-gnu-toolchain-13.3.rel1-ming/bin/../lib/gcc/arm-none-eabi/13.3.1/../../../../arm-none-eabi/bin/ld.exe: warning: CMakeFiles/X_Track_App_GCC.dir/D_/github/my/E-Track/Simulator/LVGL.Simulator/lvgl/src/core/lv_refr.c.obj uses 2-byte wchar_t yet the output is to use 4-byte wchar_t; use of wchar_t values across objects may fail
D:/singlechip/gcc+gdb+openocd/tools/arm-gnu-toolchain-13.3.rel1-ming/bin/../lib/gcc/arm-none-eabi/13.3.1/../../../../arm-none-eabi/bin/ld.exe: warning: CMakeFiles/X_Track_App_GCC.dir/D_/github/my/E-Track/Simulator/LVGL.Simulator/lvgl/src/core/lv_theme.c.obj uses 2-byte wchar_t yet the output is to use 4-byte wchar_t; use of wchar_t values across objects may fail
D:/singlechip/gcc+gdb+openocd/tools/arm-gnu-toolchain-13.3.rel1-ming/bin/../lib/gcc/arm-none-eabi/13.3.1/../../../../arm-none-eabi/bin/ld.exe: warning: CMakeFiles/X_Track_App_GCC.dir/D_/github/my/E-Track/Simulator/LVGL.Simulator/lvgl/src/draw/lv_draw.c.obj uses 2-byte wchar_t yet the output is to use 4-byte wchar_t; use of wchar_t values across objects may fail
D:/singlechip/gcc+gdb+openocd/tools/arm-gnu-toolchain-13.3.rel1-ming/bin/../lib/gcc/arm-none-eabi/13.3.1/../../../../arm-none-eabi/bin/ld.exe: warning: CMakeFiles/X_Track_App_GCC.dir/D_/github/my/E-Track/Simulator/LVGL.Simulator/lvgl/src/draw/lv_draw_arc.c.obj uses 2-byte wchar_t yet the output is to use 4-byte wchar_t; use of wchar_t values across objects may fail
D:/singlechip/gcc+gdb+openocd/tools/arm-gnu-toolchain-13.3.rel1-ming/bin/../lib/gcc/arm-none-eabi/13.3.1/../../../../arm-none-eabi/bin/ld.exe: warning: CMakeFiles/X_Track_App_GCC.dir/D_/github/my/E-Track/Simulator/LVGL.Simulator/lvgl/src/draw/lv_draw_img.c.obj uses 2-byte wchar_t yet the output is to use 4-byte wchar_t; use of wchar_t values across objects may fail
D:/singlechip/gcc+gdb+openocd/tools/arm-gnu-toolchain-13.3.rel1-ming/bin/../lib/gcc/arm-none-eabi/13.3.1/../../../../arm-none-eabi/bin/ld.exe: warning: CMakeFiles/X_Track_App_GCC.dir/D_/github/my/E-Track/Simulator/LVGL.Simulator/lvgl/src/draw/lv_draw_label.c.obj uses 2-byte wchar_t yet the output is to use 4-byte wchar_t; use of wchar_t values across objects may fail
D:/singlechip/gcc+gdb+openocd/tools/arm-gnu-toolchain-13.3.rel1-ming/bin/../lib/gcc/arm-none-eabi/13.3.1/../../../../arm-none-eabi/bin/ld.exe: warning: CMakeFiles/X_Track_App_GCC.dir/D_/github/my/E-Track/Simulator/LVGL.Simulator/lvgl/src/draw/lv_draw_line.c.obj uses 2-byte wchar_t yet the output is to use 4-byte wchar_t; use of wchar_t values across objects may fail
D:/singlechip/gcc+gdb+openocd/tools/arm-gnu-toolchain-13.3.rel1-ming/bin/../lib/gcc/arm-none-eabi/13.3.1/../../../../arm-none-eabi/bin/ld.exe: warning: CMakeFiles/X_Track_App_GCC.dir/D_/github/my/E-Track/Simulator/LVGL.Simulator/lvgl/src/draw/lv_draw_mask.c.obj uses 2-byte wchar_t yet the output is to use 4-byte wchar_t; use of wchar_t values across objects may fail
D:/singlechip/gcc+gdb+openocd/tools/arm-gnu-toolchain-13.3.rel1-ming/bin/../lib/gcc/arm-none-eabi/13.3.1/../../../../arm-none-eabi/bin/ld.exe: warning: CMakeFiles/X_Track_App_GCC.dir/D_/github/my/E-Track/Simulator/LVGL.Simulator/lvgl/src/draw/lv_draw_rect.c.obj uses 2-byte wchar_t yet the output is to use 4-byte wchar_t; use of wchar_t values across objects may fail
D:/singlechip/gcc+gdb+openocd/tools/arm-gnu-toolchain-13.3.rel1-ming/bin/../lib/gcc/arm-none-eabi/13.3.1/../../../../arm-none-eabi/bin/ld.exe: warning: CMakeFiles/X_Track_App_GCC.dir/D_/github/my/E-Track/Simulator/LVGL.Simulator/lvgl/src/draw/lv_draw_transform.c.obj uses 2-byte wchar_t yet the output is to use 4-byte wchar_t; use of wchar_t values across objects may fail
D:/singlechip/gcc+gdb+openocd/tools/arm-gnu-toolchain-13.3.rel1-ming/bin/../lib/gcc/arm-none-eabi/13.3.1/../../../../arm-none-eabi/bin/ld.exe: warning: CMakeFiles/X_Track_App_GCC.dir/D_/github/my/E-Track/Simulator/LVGL.Simulator/lvgl/src/draw/lv_draw_triangle.c.obj uses 2-byte wchar_t yet the output is to use 4-byte wchar_t; use of wchar_t values across objects may fail
D:/singlechip/gcc+gdb+openocd/tools/arm-gnu-toolchain-13.3.rel1-ming/bin/../lib/gcc/arm-none-eabi/13.3.1/../../../../arm-none-eabi/bin/ld.exe: warning: CMakeFiles/X_Track_App_GCC.dir/D_/github/my/E-Track/Simulator/LVGL.Simulator/lvgl/src/draw/lv_img_buf.c.obj uses 2-byte wchar_t yet the output is to use 4-byte wchar_t; use of wchar_t values across objects may fail
D:/singlechip/gcc+gdb+openocd/tools/arm-gnu-toolchain-13.3.rel1-ming/bin/../lib/gcc/arm-none-eabi/13.3.1/../../../../arm-none-eabi/bin/ld.exe: warning: CMakeFiles/X_Track_App_GCC.dir/D_/github/my/E-Track/Simulator/LVGL.Simulator/lvgl/src/draw/lv_img_cache.c.obj uses 2-byte wchar_t yet the output is to use 4-byte wchar_t; use of wchar_t values across objects may fail
D:/singlechip/gcc+gdb+openocd/tools/arm-gnu-toolchain-13.3.rel1-ming/bin/../lib/gcc/arm-none-eabi/13.3.1/../../../../arm-none-eabi/bin/ld.exe: warning: CMakeFiles/X_Track_App_GCC.dir/D_/github/my/E-Track/Simulator/LVGL.Simulator/lvgl/src/draw/lv_img_decoder.c.obj uses 2-byte wchar_t yet the output is to use 4-byte wchar_t; use of wchar_t values across objects may fail
D:/singlechip/gcc+gdb+openocd/tools/arm-gnu-toolchain-13.3.rel1-ming/bin/../lib/gcc/arm-none-eabi/13.3.1/../../../../arm-none-eabi/bin/ld.exe: warning: CMakeFiles/X_Track_App_GCC.dir/D_/github/my/E-Track/Simulator/LVGL.Simulator/lvgl/src/draw/sw/lv_draw_sw.c.obj uses 2-byte wchar_t yet the output is to use 4-byte wchar_t; use of wchar_t values across objects may fail
D:/singlechip/gcc+gdb+openocd/tools/arm-gnu-toolchain-13.3.rel1-ming/bin/../lib/gcc/arm-none-eabi/13.3.1/../../../../arm-none-eabi/bin/ld.exe: warning: CMakeFiles/X_Track_App_GCC.dir/D_/github/my/E-Track/Simulator/LVGL.Simulator/lvgl/src/draw/sw/lv_draw_sw_arc.c.obj uses 2-byte wchar_t yet the output is to use 4-byte wchar_t; use of wchar_t values across objects may fail
D:/singlechip/gcc+gdb+openocd/tools/arm-gnu-toolchain-13.3.rel1-ming/bin/../lib/gcc/arm-none-eabi/13.3.1/../../../../arm-none-eabi/bin/ld.exe: warning: CMakeFiles/X_Track_App_GCC.dir/D_/github/my/E-Track/Simulator/LVGL.Simulator/lvgl/src/draw/sw/lv_draw_sw_blend.c.obj uses 2-byte wchar_t yet the output is to use 4-byte wchar_t; use of wchar_t values across objects may fail
D:/singlechip/gcc+gdb+openocd/tools/arm-gnu-toolchain-13.3.rel1-ming/bin/../lib/gcc/arm-none-eabi/13.3.1/../../../../arm-none-eabi/bin/ld.exe: warning: CMakeFiles/X_Track_App_GCC.dir/D_/github/my/E-Track/Simulator/LVGL.Simulator/lvgl/src/draw/sw/lv_draw_sw_gradient.c.obj uses 2-byte wchar_t yet the output is to use 4-byte wchar_t; use of wchar_t values across objects may fail
D:/singlechip/gcc+gdb+openocd/tools/arm-gnu-toolchain-13.3.rel1-ming/bin/../lib/gcc/arm-none-eabi/13.3.1/../../../../arm-none-eabi/bin/ld.exe: warning: CMakeFiles/X_Track_App_GCC.dir/D_/github/my/E-Track/Simulator/LVGL.Simulator/lvgl/src/draw/sw/lv_draw_sw_img.c.obj uses 2-byte wchar_t yet the output is to use 4-byte wchar_t; use of wchar_t values across objects may fail
D:/singlechip/gcc+gdb+openocd/tools/arm-gnu-toolchain-13.3.rel1-ming/bin/../lib/gcc/arm-none-eabi/13.3.1/../../../../arm-none-eabi/bin/ld.exe: warning: CMakeFiles/X_Track_App_GCC.dir/D_/github/my/E-Track/Simulator/LVGL.Simulator/lvgl/src/draw/sw/lv_draw_sw_letter.c.obj uses 2-byte wchar_t yet the output is to use 4-byte wchar_t; use of wchar_t values across objects may fail
D:/singlechip/gcc+gdb+openocd/tools/arm-gnu-toolchain-13.3.rel1-ming/bin/../lib/gcc/arm-none-eabi/13.3.1/../../../../arm-none-eabi/bin/ld.exe: warning: CMakeFiles/X_Track_App_GCC.dir/D_/github/my/E-Track/Simulator/LVGL.Simulator/lvgl/src/draw/sw/lv_draw_sw_line.c.obj uses 2-byte wchar_t yet the output is to use 4-byte wchar_t; use of wchar_t values across objects may fail
D:/singlechip/gcc+gdb+openocd/tools/arm-gnu-toolchain-13.3.rel1-ming/bin/../lib/gcc/arm-none-eabi/13.3.1/../../../../arm-none-eabi/bin/ld.exe: warning: CMakeFiles/X_Track_App_GCC.dir/D_/github/my/E-Track/Simulator/LVGL.Simulator/lvgl/src/draw/sw/lv_draw_sw_polygon.c.obj uses 2-byte wchar_t yet the output is to use 4-byte wchar_t; use of wchar_t values across objects may fail
D:/singlechip/gcc+gdb+openocd/tools/arm-gnu-toolchain-13.3.rel1-ming/bin/../lib/gcc/arm-none-eabi/13.3.1/../../../../arm-none-eabi/bin/ld.exe: warning: CMakeFiles/X_Track_App_GCC.dir/D_/github/my/E-Track/Simulator/LVGL.Simulator/lvgl/src/draw/sw/lv_draw_sw_rect.c.obj uses 2-byte wchar_t yet the output is to use 4-byte wchar_t; use of wchar_t values across objects may fail
D:/singlechip/gcc+gdb+openocd/tools/arm-gnu-toolchain-13.3.rel1-ming/bin/../lib/gcc/arm-none-eabi/13.3.1/../../../../arm-none-eabi/bin/ld.exe: warning: CMakeFiles/X_Track_App_GCC.dir/D_/github/my/E-Track/Simulator/LVGL.Simulator/lvgl/src/draw/sw/lv_draw_sw_transform.c.obj uses 2-byte wchar_t yet the output is to use 4-byte wchar_t; use of wchar_t values across objects may fail
D:/singlechip/gcc+gdb+openocd/tools/arm-gnu-toolchain-13.3.rel1-ming/bin/../lib/gcc/arm-none-eabi/13.3.1/../../../../arm-none-eabi/bin/ld.exe: warning: CMakeFiles/X_Track_App_GCC.dir/D_/github/my/E-Track/Simulator/LVGL.Simulator/lvgl/src/extra/layouts/flex/lv_flex.c.obj uses 2-byte wchar_t yet the output is to use 4-byte wchar_t; use of wchar_t values across objects may fail
D:/singlechip/gcc+gdb+openocd/tools/arm-gnu-toolchain-13.3.rel1-ming/bin/../lib/gcc/arm-none-eabi/13.3.1/../../../../arm-none-eabi/bin/ld.exe: warning: CMakeFiles/X_Track_App_GCC.dir/D_/github/my/E-Track/Simulator/LVGL.Simulator/lvgl/src/extra/layouts/grid/lv_grid.c.obj uses 2-byte wchar_t yet the output is to use 4-byte wchar_t; use of wchar_t values across objects may fail
D:/singlechip/gcc+gdb+openocd/tools/arm-gnu-toolchain-13.3.rel1-ming/bin/../lib/gcc/arm-none-eabi/13.3.1/../../../../arm-none-eabi/bin/ld.exe: warning: CMakeFiles/X_Track_App_GCC.dir/D_/github/my/E-Track/Simulator/LVGL.Simulator/lvgl/src/extra/lv_extra.c.obj uses 2-byte wchar_t yet the output is to use 4-byte wchar_t; use of wchar_t values across objects may fail
D:/singlechip/gcc+gdb+openocd/tools/arm-gnu-toolchain-13.3.rel1-ming/bin/../lib/gcc/arm-none-eabi/13.3.1/../../../../arm-none-eabi/bin/ld.exe: warning: CMakeFiles/X_Track_App_GCC.dir/D_/github/my/E-Track/Simulator/LVGL.Simulator/lvgl/src/extra/others/monkey/lv_monkey.c.obj uses 2-byte wchar_t yet the output is to use 4-byte wchar_t; use of wchar_t values across objects may fail
D:/singlechip/gcc+gdb+openocd/tools/arm-gnu-toolchain-13.3.rel1-ming/bin/../lib/gcc/arm-none-eabi/13.3.1/../../../../arm-none-eabi/bin/ld.exe: warning: CMakeFiles/X_Track_App_GCC.dir/D_/github/my/E-Track/Simulator/LVGL.Simulator/lvgl/src/extra/others/snapshot/lv_snapshot.c.obj uses 2-byte wchar_t yet the output is to use 4-byte wchar_t; use of wchar_t values across objects may fail
D:/singlechip/gcc+gdb+openocd/tools/arm-gnu-toolchain-13.3.rel1-ming/bin/../lib/gcc/arm-none-eabi/13.3.1/../../../../arm-none-eabi/bin/ld.exe: warning: CMakeFiles/X_Track_App_GCC.dir/D_/github/my/E-Track/Simulator/LVGL.Simulator/lvgl/src/extra/themes/basic/lv_theme_basic.c.obj uses 2-byte wchar_t yet the output is to use 4-byte wchar_t; use of wchar_t values across objects may fail
D:/singlechip/gcc+gdb+openocd/tools/arm-gnu-toolchain-13.3.rel1-ming/bin/../lib/gcc/arm-none-eabi/13.3.1/../../../../arm-none-eabi/bin/ld.exe: warning: CMakeFiles/X_Track_App_GCC.dir/D_/github/my/E-Track/Simulator/LVGL.Simulator/lvgl/src/extra/themes/default/lv_theme_default.c.obj uses 2-byte wchar_t yet the output is to use 4-byte wchar_t; use of wchar_t values across objects may fail
D:/singlechip/gcc+gdb+openocd/tools/arm-gnu-toolchain-13.3.rel1-ming/bin/../lib/gcc/arm-none-eabi/13.3.1/../../../../arm-none-eabi/bin/ld.exe: warning: CMakeFiles/X_Track_App_GCC.dir/D_/github/my/E-Track/Simulator/LVGL.Simulator/lvgl/src/extra/widgets/animimg/lv_animimg.c.obj uses 2-byte wchar_t yet the output is to use 4-byte wchar_t; use of wchar_t values across objects may fail
D:/singlechip/gcc+gdb+openocd/tools/arm-gnu-toolchain-13.3.rel1-ming/bin/../lib/gcc/arm-none-eabi/13.3.1/../../../../arm-none-eabi/bin/ld.exe: warning: CMakeFiles/X_Track_App_GCC.dir/D_/github/my/E-Track/Simulator/LVGL.Simulator/lvgl/src/extra/widgets/calendar/lv_calendar.c.obj uses 2-byte wchar_t yet the output is to use 4-byte wchar_t; use of wchar_t values across objects may fail
D:/singlechip/gcc+gdb+openocd/tools/arm-gnu-toolchain-13.3.rel1-ming/bin/../lib/gcc/arm-none-eabi/13.3.1/../../../../arm-none-eabi/bin/ld.exe: warning: CMakeFiles/X_Track_App_GCC.dir/D_/github/my/E-Track/Simulator/LVGL.Simulator/lvgl/src/extra/widgets/calendar/lv_calendar_header_arrow.c.obj uses 2-byte wchar_t yet the output is to use 4-byte wchar_t; use of wchar_t values across objects may fail
D:/singlechip/gcc+gdb+openocd/tools/arm-gnu-toolchain-13.3.rel1-ming/bin/../lib/gcc/arm-none-eabi/13.3.1/../../../../arm-none-eabi/bin/ld.exe: warning: CMakeFiles/X_Track_App_GCC.dir/D_/github/my/E-Track/Simulator/LVGL.Simulator/lvgl/src/extra/widgets/calendar/lv_calendar_header_dropdown.c.obj uses 2-byte wchar_t yet the output is to use 4-byte wchar_t; use of wchar_t values across objects may fail
D:/singlechip/gcc+gdb+openocd/tools/arm-gnu-toolchain-13.3.rel1-ming/bin/../lib/gcc/arm-none-eabi/13.3.1/../../../../arm-none-eabi/bin/ld.exe: warning: CMakeFiles/X_Track_App_GCC.dir/D_/github/my/E-Track/Simulator/LVGL.Simulator/lvgl/src/extra/widgets/chart/lv_chart.c.obj uses 2-byte wchar_t yet the output is to use 4-byte wchar_t; use of wchar_t values across objects may fail
D:/singlechip/gcc+gdb+openocd/tools/arm-gnu-toolchain-13.3.rel1-ming/bin/../lib/gcc/arm-none-eabi/13.3.1/../../../../arm-none-eabi/bin/ld.exe: warning: CMakeFiles/X_Track_App_GCC.dir/D_/github/my/E-Track/Simulator/LVGL.Simulator/lvgl/src/extra/widgets/colorwheel/lv_colorwheel.c.obj uses 2-byte wchar_t yet the output is to use 4-byte wchar_t; use of wchar_t values across objects may fail
D:/singlechip/gcc+gdb+openocd/tools/arm-gnu-toolchain-13.3.rel1-ming/bin/../lib/gcc/arm-none-eabi/13.3.1/../../../../arm-none-eabi/bin/ld.exe: warning: CMakeFiles/X_Track_App_GCC.dir/D_/github/my/E-Track/Simulator/LVGL.Simulator/lvgl/src/extra/widgets/imgbtn/lv_imgbtn.c.obj uses 2-byte wchar_t yet the output is to use 4-byte wchar_t; use of wchar_t values across objects may fail
D:/singlechip/gcc+gdb+openocd/tools/arm-gnu-toolchain-13.3.rel1-ming/bin/../lib/gcc/arm-none-eabi/13.3.1/../../../../arm-none-eabi/bin/ld.exe: warning: CMakeFiles/X_Track_App_GCC.dir/D_/github/my/E-Track/Simulator/LVGL.Simulator/lvgl/src/extra/widgets/keyboard/lv_keyboard.c.obj uses 2-byte wchar_t yet the output is to use 4-byte wchar_t; use of wchar_t values across objects may fail
D:/singlechip/gcc+gdb+openocd/tools/arm-gnu-toolchain-13.3.rel1-ming/bin/../lib/gcc/arm-none-eabi/13.3.1/../../../../arm-none-eabi/bin/ld.exe: warning: CMakeFiles/X_Track_App_GCC.dir/D_/github/my/E-Track/Simulator/LVGL.Simulator/lvgl/src/extra/widgets/led/lv_led.c.obj uses 2-byte wchar_t yet the output is to use 4-byte wchar_t; use of wchar_t values across objects may fail
D:/singlechip/gcc+gdb+openocd/tools/arm-gnu-toolchain-13.3.rel1-ming/bin/../lib/gcc/arm-none-eabi/13.3.1/../../../../arm-none-eabi/bin/ld.exe: warning: CMakeFiles/X_Track_App_GCC.dir/D_/github/my/E-Track/Simulator/LVGL.Simulator/lvgl/src/extra/widgets/list/lv_list.c.obj uses 2-byte wchar_t yet the output is to use 4-byte wchar_t; use of wchar_t values across objects may fail
D:/singlechip/gcc+gdb+openocd/tools/arm-gnu-toolchain-13.3.rel1-ming/bin/../lib/gcc/arm-none-eabi/13.3.1/../../../../arm-none-eabi/bin/ld.exe: warning: CMakeFiles/X_Track_App_GCC.dir/D_/github/my/E-Track/Simulator/LVGL.Simulator/lvgl/src/extra/widgets/meter/lv_meter.c.obj uses 2-byte wchar_t yet the output is to use 4-byte wchar_t; use of wchar_t values across objects may fail
D:/singlechip/gcc+gdb+openocd/tools/arm-gnu-toolchain-13.3.rel1-ming/bin/../lib/gcc/arm-none-eabi/13.3.1/../../../../arm-none-eabi/bin/ld.exe: warning: CMakeFiles/X_Track_App_GCC.dir/D_/github/my/E-Track/Simulator/LVGL.Simulator/lvgl/src/extra/widgets/msgbox/lv_msgbox.c.obj uses 2-byte wchar_t yet the output is to use 4-byte wchar_t; use of wchar_t values across objects may fail
D:/singlechip/gcc+gdb+openocd/tools/arm-gnu-toolchain-13.3.rel1-ming/bin/../lib/gcc/arm-none-eabi/13.3.1/../../../../arm-none-eabi/bin/ld.exe: warning: CMakeFiles/X_Track_App_GCC.dir/D_/github/my/E-Track/Simulator/LVGL.Simulator/lvgl/src/extra/widgets/span/lv_span.c.obj uses 2-byte wchar_t yet the output is to use 4-byte wchar_t; use of wchar_t values across objects may fail
D:/singlechip/gcc+gdb+openocd/tools/arm-gnu-toolchain-13.3.rel1-ming/bin/../lib/gcc/arm-none-eabi/13.3.1/../../../../arm-none-eabi/bin/ld.exe: warning: CMakeFiles/X_Track_App_GCC.dir/D_/github/my/E-Track/Simulator/LVGL.Simulator/lvgl/src/extra/widgets/spinbox/lv_spinbox.c.obj uses 2-byte wchar_t yet the output is to use 4-byte wchar_t; use of wchar_t values across objects may fail
D:/singlechip/gcc+gdb+openocd/tools/arm-gnu-toolchain-13.3.rel1-ming/bin/../lib/gcc/arm-none-eabi/13.3.1/../../../../arm-none-eabi/bin/ld.exe: warning: CMakeFiles/X_Track_App_GCC.dir/D_/github/my/E-Track/Simulator/LVGL.Simulator/lvgl/src/extra/widgets/spinner/lv_spinner.c.obj uses 2-byte wchar_t yet the output is to use 4-byte wchar_t; use of wchar_t values across objects may fail
D:/singlechip/gcc+gdb+openocd/tools/arm-gnu-toolchain-13.3.rel1-ming/bin/../lib/gcc/arm-none-eabi/13.3.1/../../../../arm-none-eabi/bin/ld.exe: warning: CMakeFiles/X_Track_App_GCC.dir/D_/github/my/E-Track/Simulator/LVGL.Simulator/lvgl/src/extra/widgets/tabview/lv_tabview.c.obj uses 2-byte wchar_t yet the output is to use 4-byte wchar_t; use of wchar_t values across objects may fail
D:/singlechip/gcc+gdb+openocd/tools/arm-gnu-toolchain-13.3.rel1-ming/bin/../lib/gcc/arm-none-eabi/13.3.1/../../../../arm-none-eabi/bin/ld.exe: warning: CMakeFiles/X_Track_App_GCC.dir/D_/github/my/E-Track/Simulator/LVGL.Simulator/lvgl/src/extra/widgets/tileview/lv_tileview.c.obj uses 2-byte wchar_t yet the output is to use 4-byte wchar_t; use of wchar_t values across objects may fail
D:/singlechip/gcc+gdb+openocd/tools/arm-gnu-toolchain-13.3.rel1-ming/bin/../lib/gcc/arm-none-eabi/13.3.1/../../../../arm-none-eabi/bin/ld.exe: warning: CMakeFiles/X_Track_App_GCC.dir/D_/github/my/E-Track/Simulator/LVGL.Simulator/lvgl/src/extra/widgets/win/lv_win.c.obj uses 2-byte wchar_t yet the output is to use 4-byte wchar_t; use of wchar_t values across objects may fail
D:/singlechip/gcc+gdb+openocd/tools/arm-gnu-toolchain-13.3.rel1-ming/bin/../lib/gcc/arm-none-eabi/13.3.1/../../../../arm-none-eabi/bin/ld.exe: warning: CMakeFiles/X_Track_App_GCC.dir/D_/github/my/E-Track/Simulator/LVGL.Simulator/lvgl/src/font/lv_font.c.obj uses 2-byte wchar_t yet the output is to use 4-byte wchar_t; use of wchar_t values across objects may fail
D:/singlechip/gcc+gdb+openocd/tools/arm-gnu-toolchain-13.3.rel1-ming/bin/../lib/gcc/arm-none-eabi/13.3.1/../../../../arm-none-eabi/bin/ld.exe: warning: CMakeFiles/X_Track_App_GCC.dir/D_/github/my/E-Track/Simulator/LVGL.Simulator/lvgl/src/font/lv_font_dejavu_16_persian_hebrew.c.obj uses 2-byte wchar_t yet the output is to use 4-byte wchar_t; use of wchar_t values across objects may fail
D:/singlechip/gcc+gdb+openocd/tools/arm-gnu-toolchain-13.3.rel1-ming/bin/../lib/gcc/arm-none-eabi/13.3.1/../../../../arm-none-eabi/bin/ld.exe: warning: CMakeFiles/X_Track_App_GCC.dir/D_/github/my/E-Track/Simulator/LVGL.Simulator/lvgl/src/font/lv_font_fmt_txt.c.obj uses 2-byte wchar_t yet the output is to use 4-byte wchar_t; use of wchar_t values across objects may fail
D:/singlechip/gcc+gdb+openocd/tools/arm-gnu-toolchain-13.3.rel1-ming/bin/../lib/gcc/arm-none-eabi/13.3.1/../../../../arm-none-eabi/bin/ld.exe: warning: CMakeFiles/X_Track_App_GCC.dir/D_/github/my/E-Track/Simulator/LVGL.Simulator/lvgl/src/font/lv_font_loader.c.obj uses 2-byte wchar_t yet the output is to use 4-byte wchar_t; use of wchar_t values across objects may fail
D:/singlechip/gcc+gdb+openocd/tools/arm-gnu-toolchain-13.3.rel1-ming/bin/../lib/gcc/arm-none-eabi/13.3.1/../../../../arm-none-eabi/bin/ld.exe: warning: CMakeFiles/X_Track_App_GCC.dir/D_/github/my/E-Track/Simulator/LVGL.Simulator/lvgl/src/font/lv_font_montserrat_10.c.obj uses 2-byte wchar_t yet the output is to use 4-byte wchar_t; use of wchar_t values across objects may fail
D:/singlechip/gcc+gdb+openocd/tools/arm-gnu-toolchain-13.3.rel1-ming/bin/../lib/gcc/arm-none-eabi/13.3.1/../../../../arm-none-eabi/bin/ld.exe: warning: CMakeFiles/X_Track_App_GCC.dir/D_/github/my/E-Track/Simulator/LVGL.Simulator/lvgl/src/font/lv_font_montserrat_12.c.obj uses 2-byte wchar_t yet the output is to use 4-byte wchar_t; use of wchar_t values across objects may fail
D:/singlechip/gcc+gdb+openocd/tools/arm-gnu-toolchain-13.3.rel1-ming/bin/../lib/gcc/arm-none-eabi/13.3.1/../../../../arm-none-eabi/bin/ld.exe: warning: CMakeFiles/X_Track_App_GCC.dir/D_/github/my/E-Track/Simulator/LVGL.Simulator/lvgl/src/font/lv_font_montserrat_12_subpx.c.obj uses 2-byte wchar_t yet the output is to use 4-byte wchar_t; use of wchar_t values across objects may fail
D:/singlechip/gcc+gdb+openocd/tools/arm-gnu-toolchain-13.3.rel1-ming/bin/../lib/gcc/arm-none-eabi/13.3.1/../../../../arm-none-eabi/bin/ld.exe: warning: CMakeFiles/X_Track_App_GCC.dir/D_/github/my/E-Track/Simulator/LVGL.Simulator/lvgl/src/font/lv_font_montserrat_14.c.obj uses 2-byte wchar_t yet the output is to use 4-byte wchar_t; use of wchar_t values across objects may fail
D:/singlechip/gcc+gdb+openocd/tools/arm-gnu-toolchain-13.3.rel1-ming/bin/../lib/gcc/arm-none-eabi/13.3.1/../../../../arm-none-eabi/bin/ld.exe: warning: CMakeFiles/X_Track_App_GCC.dir/D_/github/my/E-Track/Simulator/LVGL.Simulator/lvgl/src/font/lv_font_montserrat_16.c.obj uses 2-byte wchar_t yet the output is to use 4-byte wchar_t; use of wchar_t values across objects may fail
D:/singlechip/gcc+gdb+openocd/tools/arm-gnu-toolchain-13.3.rel1-ming/bin/../lib/gcc/arm-none-eabi/13.3.1/../../../../arm-none-eabi/bin/ld.exe: warning: CMakeFiles/X_Track_App_GCC.dir/D_/github/my/E-Track/Simulator/LVGL.Simulator/lvgl/src/font/lv_font_montserrat_18.c.obj uses 2-byte wchar_t yet the output is to use 4-byte wchar_t; use of wchar_t values across objects may fail
D:/singlechip/gcc+gdb+openocd/tools/arm-gnu-toolchain-13.3.rel1-ming/bin/../lib/gcc/arm-none-eabi/13.3.1/../../../../arm-none-eabi/bin/ld.exe: warning: CMakeFiles/X_Track_App_GCC.dir/D_/github/my/E-Track/Simulator/LVGL.Simulator/lvgl/src/font/lv_font_montserrat_20.c.obj uses 2-byte wchar_t yet the output is to use 4-byte wchar_t; use of wchar_t values across objects may fail
D:/singlechip/gcc+gdb+openocd/tools/arm-gnu-toolchain-13.3.rel1-ming/bin/../lib/gcc/arm-none-eabi/13.3.1/../../../../arm-none-eabi/bin/ld.exe: warning: CMakeFiles/X_Track_App_GCC.dir/D_/github/my/E-Track/Simulator/LVGL.Simulator/lvgl/src/font/lv_font_montserrat_22.c.obj uses 2-byte wchar_t yet the output is to use 4-byte wchar_t; use of wchar_t values across objects may fail
D:/singlechip/gcc+gdb+openocd/tools/arm-gnu-toolchain-13.3.rel1-ming/bin/../lib/gcc/arm-none-eabi/13.3.1/../../../../arm-none-eabi/bin/ld.exe: warning: CMakeFiles/X_Track_App_GCC.dir/D_/github/my/E-Track/Simulator/LVGL.Simulator/lvgl/src/font/lv_font_montserrat_24.c.obj uses 2-byte wchar_t yet the output is to use 4-byte wchar_t; use of wchar_t values across objects may fail
D:/singlechip/gcc+gdb+openocd/tools/arm-gnu-toolchain-13.3.rel1-ming/bin/../lib/gcc/arm-none-eabi/13.3.1/../../../../arm-none-eabi/bin/ld.exe: warning: CMakeFiles/X_Track_App_GCC.dir/D_/github/my/E-Track/Simulator/LVGL.Simulator/lvgl/src/font/lv_font_montserrat_26.c.obj uses 2-byte wchar_t yet the output is to use 4-byte wchar_t; use of wchar_t values across objects may fail
D:/singlechip/gcc+gdb+openocd/tools/arm-gnu-toolchain-13.3.rel1-ming/bin/../lib/gcc/arm-none-eabi/13.3.1/../../../../arm-none-eabi/bin/ld.exe: warning: CMakeFiles/X_Track_App_GCC.dir/D_/github/my/E-Track/Simulator/LVGL.Simulator/lvgl/src/font/lv_font_montserrat_28.c.obj uses 2-byte wchar_t yet the output is to use 4-byte wchar_t; use of wchar_t values across objects may fail
D:/singlechip/gcc+gdb+openocd/tools/arm-gnu-toolchain-13.3.rel1-ming/bin/../lib/gcc/arm-none-eabi/13.3.1/../../../../arm-none-eabi/bin/ld.exe: warning: CMakeFiles/X_Track_App_GCC.dir/D_/github/my/E-Track/Simulator/LVGL.Simulator/lvgl/src/font/lv_font_montserrat_28_compressed.c.obj uses 2-byte wchar_t yet the output is to use 4-byte wchar_t; use of wchar_t values across objects may fail
D:/singlechip/gcc+gdb+openocd/tools/arm-gnu-toolchain-13.3.rel1-ming/bin/../lib/gcc/arm-none-eabi/13.3.1/../../../../arm-none-eabi/bin/ld.exe: warning: CMakeFiles/X_Track_App_GCC.dir/D_/github/my/E-Track/Simulator/LVGL.Simulator/lvgl/src/font/lv_font_montserrat_30.c.obj uses 2-byte wchar_t yet the output is to use 4-byte wchar_t; use of wchar_t values across objects may fail
D:/singlechip/gcc+gdb+openocd/tools/arm-gnu-toolchain-13.3.rel1-ming/bin/../lib/gcc/arm-none-eabi/13.3.1/../../../../arm-none-eabi/bin/ld.exe: warning: CMakeFiles/X_Track_App_GCC.dir/D_/github/my/E-Track/Simulator/LVGL.Simulator/lvgl/src/font/lv_font_montserrat_32.c.obj uses 2-byte wchar_t yet the output is to use 4-byte wchar_t; use of wchar_t values across objects may fail
D:/singlechip/gcc+gdb+openocd/tools/arm-gnu-toolchain-13.3.rel1-ming/bin/../lib/gcc/arm-none-eabi/13.3.1/../../../../arm-none-eabi/bin/ld.exe: warning: CMakeFiles/X_Track_App_GCC.dir/D_/github/my/E-Track/Simulator/LVGL.Simulator/lvgl/src/font/lv_font_montserrat_34.c.obj uses 2-byte wchar_t yet the output is to use 4-byte wchar_t; use of wchar_t values across objects may fail
D:/singlechip/gcc+gdb+openocd/tools/arm-gnu-toolchain-13.3.rel1-ming/bin/../lib/gcc/arm-none-eabi/13.3.1/../../../../arm-none-eabi/bin/ld.exe: warning: CMakeFiles/X_Track_App_GCC.dir/D_/github/my/E-Track/Simulator/LVGL.Simulator/lvgl/src/font/lv_font_montserrat_36.c.obj uses 2-byte wchar_t yet the output is to use 4-byte wchar_t; use of wchar_t values across objects may fail
D:/singlechip/gcc+gdb+openocd/tools/arm-gnu-toolchain-13.3.rel1-ming/bin/../lib/gcc/arm-none-eabi/13.3.1/../../../../arm-none-eabi/bin/ld.exe: warning: CMakeFiles/X_Track_App_GCC.dir/D_/github/my/E-Track/Simulator/LVGL.Simulator/lvgl/src/font/lv_font_montserrat_38.c.obj uses 2-byte wchar_t yet the output is to use 4-byte wchar_t; use of wchar_t values across objects may fail
D:/singlechip/gcc+gdb+openocd/tools/arm-gnu-toolchain-13.3.rel1-ming/bin/../lib/gcc/arm-none-eabi/13.3.1/../../../../arm-none-eabi/bin/ld.exe: warning: CMakeFiles/X_Track_App_GCC.dir/D_/github/my/E-Track/Simulator/LVGL.Simulator/lvgl/src/font/lv_font_montserrat_40.c.obj uses 2-byte wchar_t yet the output is to use 4-byte wchar_t; use of wchar_t values across objects may fail
D:/singlechip/gcc+gdb+openocd/tools/arm-gnu-toolchain-13.3.rel1-ming/bin/../lib/gcc/arm-none-eabi/13.3.1/../../../../arm-none-eabi/bin/ld.exe: warning: CMakeFiles/X_Track_App_GCC.dir/D_/github/my/E-Track/Simulator/LVGL.Simulator/lvgl/src/font/lv_font_montserrat_42.c.obj uses 2-byte wchar_t yet the output is to use 4-byte wchar_t; use of wchar_t values across objects may fail
D:/singlechip/gcc+gdb+openocd/tools/arm-gnu-toolchain-13.3.rel1-ming/bin/../lib/gcc/arm-none-eabi/13.3.1/../../../../arm-none-eabi/bin/ld.exe: warning: CMakeFiles/X_Track_App_GCC.dir/D_/github/my/E-Track/Simulator/LVGL.Simulator/lvgl/src/font/lv_font_montserrat_44.c.obj uses 2-byte wchar_t yet the output is to use 4-byte wchar_t; use of wchar_t values across objects may fail
D:/singlechip/gcc+gdb+openocd/tools/arm-gnu-toolchain-13.3.rel1-ming/bin/../lib/gcc/arm-none-eabi/13.3.1/../../../../arm-none-eabi/bin/ld.exe: warning: CMakeFiles/X_Track_App_GCC.dir/D_/github/my/E-Track/Simulator/LVGL.Simulator/lvgl/src/font/lv_font_montserrat_46.c.obj uses 2-byte wchar_t yet the output is to use 4-byte wchar_t; use of wchar_t values across objects may fail
D:/singlechip/gcc+gdb+openocd/tools/arm-gnu-toolchain-13.3.rel1-ming/bin/../lib/gcc/arm-none-eabi/13.3.1/../../../../arm-none-eabi/bin/ld.exe: warning: CMakeFiles/X_Track_App_GCC.dir/D_/github/my/E-Track/Simulator/LVGL.Simulator/lvgl/src/font/lv_font_montserrat_48.c.obj uses 2-byte wchar_t yet the output is to use 4-byte wchar_t; use of wchar_t values across objects may fail
D:/singlechip/gcc+gdb+openocd/tools/arm-gnu-toolchain-13.3.rel1-ming/bin/../lib/gcc/arm-none-eabi/13.3.1/../../../../arm-none-eabi/bin/ld.exe: warning: CMakeFiles/X_Track_App_GCC.dir/D_/github/my/E-Track/Simulator/LVGL.Simulator/lvgl/src/font/lv_font_montserrat_8.c.obj uses 2-byte wchar_t yet the output is to use 4-byte wchar_t; use of wchar_t values across objects may fail
D:/singlechip/gcc+gdb+openocd/tools/arm-gnu-toolchain-13.3.rel1-ming/bin/../lib/gcc/arm-none-eabi/13.3.1/../../../../arm-none-eabi/bin/ld.exe: warning: CMakeFiles/X_Track_App_GCC.dir/D_/github/my/E-Track/Simulator/LVGL.Simulator/lvgl/src/font/lv_font_simsun_16_cjk.c.obj uses 2-byte wchar_t yet the output is to use 4-byte wchar_t; use of wchar_t values across objects may fail
D:/singlechip/gcc+gdb+openocd/tools/arm-gnu-toolchain-13.3.rel1-ming/bin/../lib/gcc/arm-none-eabi/13.3.1/../../../../arm-none-eabi/bin/ld.exe: warning: CMakeFiles/X_Track_App_GCC.dir/D_/github/my/E-Track/Simulator/LVGL.Simulator/lvgl/src/font/lv_font_unscii_16.c.obj uses 2-byte wchar_t yet the output is to use 4-byte wchar_t; use of wchar_t values across objects may fail
D:/singlechip/gcc+gdb+openocd/tools/arm-gnu-toolchain-13.3.rel1-ming/bin/../lib/gcc/arm-none-eabi/13.3.1/../../../../arm-none-eabi/bin/ld.exe: warning: CMakeFiles/X_Track_App_GCC.dir/D_/github/my/E-Track/Simulator/LVGL.Simulator/lvgl/src/font/lv_font_unscii_8.c.obj uses 2-byte wchar_t yet the output is to use 4-byte wchar_t; use of wchar_t values across objects may fail
D:/singlechip/gcc+gdb+openocd/tools/arm-gnu-toolchain-13.3.rel1-ming/bin/../lib/gcc/arm-none-eabi/13.3.1/../../../../arm-none-eabi/bin/ld.exe: warning: CMakeFiles/X_Track_App_GCC.dir/D_/github/my/E-Track/Simulator/LVGL.Simulator/lvgl/src/hal/lv_hal_disp.c.obj uses 2-byte wchar_t yet the output is to use 4-byte wchar_t; use of wchar_t values across objects may fail
D:/singlechip/gcc+gdb+openocd/tools/arm-gnu-toolchain-13.3.rel1-ming/bin/../lib/gcc/arm-none-eabi/13.3.1/../../../../arm-none-eabi/bin/ld.exe: warning: CMakeFiles/X_Track_App_GCC.dir/D_/github/my/E-Track/Simulator/LVGL.Simulator/lvgl/src/hal/lv_hal_indev.c.obj uses 2-byte wchar_t yet the output is to use 4-byte wchar_t; use of wchar_t values across objects may fail
D:/singlechip/gcc+gdb+openocd/tools/arm-gnu-toolchain-13.3.rel1-ming/bin/../lib/gcc/arm-none-eabi/13.3.1/../../../../arm-none-eabi/bin/ld.exe: warning: CMakeFiles/X_Track_App_GCC.dir/D_/github/my/E-Track/Simulator/LVGL.Simulator/lvgl/src/hal/lv_hal_tick.c.obj uses 2-byte wchar_t yet the output is to use 4-byte wchar_t; use of wchar_t values across objects may fail
D:/singlechip/gcc+gdb+openocd/tools/arm-gnu-toolchain-13.3.rel1-ming/bin/../lib/gcc/arm-none-eabi/13.3.1/../../../../arm-none-eabi/bin/ld.exe: warning: CMakeFiles/X_Track_App_GCC.dir/D_/github/my/E-Track/Simulator/LVGL.Simulator/lvgl/src/misc/lv_anim.c.obj uses 2-byte wchar_t yet the output is to use 4-byte wchar_t; use of wchar_t values across objects may fail
D:/singlechip/gcc+gdb+openocd/tools/arm-gnu-toolchain-13.3.rel1-ming/bin/../lib/gcc/arm-none-eabi/13.3.1/../../../../arm-none-eabi/bin/ld.exe: warning: CMakeFiles/X_Track_App_GCC.dir/D_/github/my/E-Track/Simulator/LVGL.Simulator/lvgl/src/misc/lv_anim_timeline.c.obj uses 2-byte wchar_t yet the output is to use 4-byte wchar_t; use of wchar_t values across objects may fail
D:/singlechip/gcc+gdb+openocd/tools/arm-gnu-toolchain-13.3.rel1-ming/bin/../lib/gcc/arm-none-eabi/13.3.1/../../../../arm-none-eabi/bin/ld.exe: warning: CMakeFiles/X_Track_App_GCC.dir/D_/github/my/E-Track/Simulator/LVGL.Simulator/lvgl/src/misc/lv_area.c.obj uses 2-byte wchar_t yet the output is to use 4-byte wchar_t; use of wchar_t values across objects may fail
D:/singlechip/gcc+gdb+openocd/tools/arm-gnu-toolchain-13.3.rel1-ming/bin/../lib/gcc/arm-none-eabi/13.3.1/../../../../arm-none-eabi/bin/ld.exe: warning: CMakeFiles/X_Track_App_GCC.dir/D_/github/my/E-Track/Simulator/LVGL.Simulator/lvgl/src/misc/lv_async.c.obj uses 2-byte wchar_t yet the output is to use 4-byte wchar_t; use of wchar_t values across objects may fail
D:/singlechip/gcc+gdb+openocd/tools/arm-gnu-toolchain-13.3.rel1-ming/bin/../lib/gcc/arm-none-eabi/13.3.1/../../../../arm-none-eabi/bin/ld.exe: warning: CMakeFiles/X_Track_App_GCC.dir/D_/github/my/E-Track/Simulator/LVGL.Simulator/lvgl/src/misc/lv_bidi.c.obj uses 2-byte wchar_t yet the output is to use 4-byte wchar_t; use of wchar_t values across objects may fail
D:/singlechip/gcc+gdb+openocd/tools/arm-gnu-toolchain-13.3.rel1-ming/bin/../lib/gcc/arm-none-eabi/13.3.1/../../../../arm-none-eabi/bin/ld.exe: warning: CMakeFiles/X_Track_App_GCC.dir/D_/github/my/E-Track/Simulator/LVGL.Simulator/lvgl/src/misc/lv_color.c.obj uses 2-byte wchar_t yet the output is to use 4-byte wchar_t; use of wchar_t values across objects may fail
D:/singlechip/gcc+gdb+openocd/tools/arm-gnu-toolchain-13.3.rel1-ming/bin/../lib/gcc/arm-none-eabi/13.3.1/../../../../arm-none-eabi/bin/ld.exe: warning: CMakeFiles/X_Track_App_GCC.dir/D_/github/my/E-Track/Simulator/LVGL.Simulator/lvgl/src/misc/lv_fs.c.obj uses 2-byte wchar_t yet the output is to use 4-byte wchar_t; use of wchar_t values across objects may fail
D:/singlechip/gcc+gdb+openocd/tools/arm-gnu-toolchain-13.3.rel1-ming/bin/../lib/gcc/arm-none-eabi/13.3.1/../../../../arm-none-eabi/bin/ld.exe: warning: CMakeFiles/X_Track_App_GCC.dir/D_/github/my/E-Track/Simulator/LVGL.Simulator/lvgl/src/misc/lv_gc.c.obj uses 2-byte wchar_t yet the output is to use 4-byte wchar_t; use of wchar_t values across objects may fail
D:/singlechip/gcc+gdb+openocd/tools/arm-gnu-toolchain-13.3.rel1-ming/bin/../lib/gcc/arm-none-eabi/13.3.1/../../../../arm-none-eabi/bin/ld.exe: warning: CMakeFiles/X_Track_App_GCC.dir/D_/github/my/E-Track/Simulator/LVGL.Simulator/lvgl/src/misc/lv_ll.c.obj uses 2-byte wchar_t yet the output is to use 4-byte wchar_t; use of wchar_t values across objects may fail
D:/singlechip/gcc+gdb+openocd/tools/arm-gnu-toolchain-13.3.rel1-ming/bin/../lib/gcc/arm-none-eabi/13.3.1/../../../../arm-none-eabi/bin/ld.exe: warning: CMakeFiles/X_Track_App_GCC.dir/D_/github/my/E-Track/Simulator/LVGL.Simulator/lvgl/src/misc/lv_log.c.obj uses 2-byte wchar_t yet the output is to use 4-byte wchar_t; use of wchar_t values across objects may fail
D:/singlechip/gcc+gdb+openocd/tools/arm-gnu-toolchain-13.3.rel1-ming/bin/../lib/gcc/arm-none-eabi/13.3.1/../../../../arm-none-eabi/bin/ld.exe: warning: CMakeFiles/X_Track_App_GCC.dir/D_/github/my/E-Track/Simulator/LVGL.Simulator/lvgl/src/misc/lv_math.c.obj uses 2-byte wchar_t yet the output is to use 4-byte wchar_t; use of wchar_t values across objects may fail
D:/singlechip/gcc+gdb+openocd/tools/arm-gnu-toolchain-13.3.rel1-ming/bin/../lib/gcc/arm-none-eabi/13.3.1/../../../../arm-none-eabi/bin/ld.exe: warning: CMakeFiles/X_Track_App_GCC.dir/D_/github/my/E-Track/Simulator/LVGL.Simulator/lvgl/src/misc/lv_mem.c.obj uses 2-byte wchar_t yet the output is to use 4-byte wchar_t; use of wchar_t values across objects may fail
D:/singlechip/gcc+gdb+openocd/tools/arm-gnu-toolchain-13.3.rel1-ming/bin/../lib/gcc/arm-none-eabi/13.3.1/../../../../arm-none-eabi/bin/ld.exe: warning: CMakeFiles/X_Track_App_GCC.dir/D_/github/my/E-Track/Simulator/LVGL.Simulator/lvgl/src/misc/lv_printf.c.obj uses 2-byte wchar_t yet the output is to use 4-byte wchar_t; use of wchar_t values across objects may fail
D:/singlechip/gcc+gdb+openocd/tools/arm-gnu-toolchain-13.3.rel1-ming/bin/../lib/gcc/arm-none-eabi/13.3.1/../../../../arm-none-eabi/bin/ld.exe: warning: CMakeFiles/X_Track_App_GCC.dir/D_/github/my/E-Track/Simulator/LVGL.Simulator/lvgl/src/misc/lv_style.c.obj uses 2-byte wchar_t yet the output is to use 4-byte wchar_t; use of wchar_t values across objects may fail
D:/singlechip/gcc+gdb+openocd/tools/arm-gnu-toolchain-13.3.rel1-ming/bin/../lib/gcc/arm-none-eabi/13.3.1/../../../../arm-none-eabi/bin/ld.exe: warning: CMakeFiles/X_Track_App_GCC.dir/D_/github/my/E-Track/Simulator/LVGL.Simulator/lvgl/src/misc/lv_style_gen.c.obj uses 2-byte wchar_t yet the output is to use 4-byte wchar_t; use of wchar_t values across objects may fail
D:/singlechip/gcc+gdb+openocd/tools/arm-gnu-toolchain-13.3.rel1-ming/bin/../lib/gcc/arm-none-eabi/13.3.1/../../../../arm-none-eabi/bin/ld.exe: warning: CMakeFiles/X_Track_App_GCC.dir/D_/github/my/E-Track/Simulator/LVGL.Simulator/lvgl/src/misc/lv_templ.c.obj uses 2-byte wchar_t yet the output is to use 4-byte wchar_t; use of wchar_t values across objects may fail
D:/singlechip/gcc+gdb+openocd/tools/arm-gnu-toolchain-13.3.rel1-ming/bin/../lib/gcc/arm-none-eabi/13.3.1/../../../../arm-none-eabi/bin/ld.exe: warning: CMakeFiles/X_Track_App_GCC.dir/D_/github/my/E-Track/Simulator/LVGL.Simulator/lvgl/src/misc/lv_timer.c.obj uses 2-byte wchar_t yet the output is to use 4-byte wchar_t; use of wchar_t values across objects may fail
D:/singlechip/gcc+gdb+openocd/tools/arm-gnu-toolchain-13.3.rel1-ming/bin/../lib/gcc/arm-none-eabi/13.3.1/../../../../arm-none-eabi/bin/ld.exe: warning: CMakeFiles/X_Track_App_GCC.dir/D_/github/my/E-Track/Simulator/LVGL.Simulator/lvgl/src/misc/lv_tlsf.c.obj uses 2-byte wchar_t yet the output is to use 4-byte wchar_t; use of wchar_t values across objects may fail
D:/singlechip/gcc+gdb+openocd/tools/arm-gnu-toolchain-13.3.rel1-ming/bin/../lib/gcc/arm-none-eabi/13.3.1/../../../../arm-none-eabi/bin/ld.exe: warning: CMakeFiles/X_Track_App_GCC.dir/D_/github/my/E-Track/Simulator/LVGL.Simulator/lvgl/src/misc/lv_txt.c.obj uses 2-byte wchar_t yet the output is to use 4-byte wchar_t; use of wchar_t values across objects may fail
D:/singlechip/gcc+gdb+openocd/tools/arm-gnu-toolchain-13.3.rel1-ming/bin/../lib/gcc/arm-none-eabi/13.3.1/../../../../arm-none-eabi/bin/ld.exe: warning: CMakeFiles/X_Track_App_GCC.dir/D_/github/my/E-Track/Simulator/LVGL.Simulator/lvgl/src/misc/lv_txt_ap.c.obj uses 2-byte wchar_t yet the output is to use 4-byte wchar_t; use of wchar_t values across objects may fail
D:/singlechip/gcc+gdb+openocd/tools/arm-gnu-toolchain-13.3.rel1-ming/bin/../lib/gcc/arm-none-eabi/13.3.1/../../../../arm-none-eabi/bin/ld.exe: warning: CMakeFiles/X_Track_App_GCC.dir/D_/github/my/E-Track/Simulator/LVGL.Simulator/lvgl/src/misc/lv_utils.c.obj uses 2-byte wchar_t yet the output is to use 4-byte wchar_t; use of wchar_t values across objects may fail
D:/singlechip/gcc+gdb+openocd/tools/arm-gnu-toolchain-13.3.rel1-ming/bin/../lib/gcc/arm-none-eabi/13.3.1/../../../../arm-none-eabi/bin/ld.exe: warning: CMakeFiles/X_Track_App_GCC.dir/D_/github/my/E-Track/Simulator/LVGL.Simulator/lvgl/src/widgets/lv_arc.c.obj uses 2-byte wchar_t yet the output is to use 4-byte wchar_t; use of wchar_t values across objects may fail
D:/singlechip/gcc+gdb+openocd/tools/arm-gnu-toolchain-13.3.rel1-ming/bin/../lib/gcc/arm-none-eabi/13.3.1/../../../../arm-none-eabi/bin/ld.exe: warning: CMakeFiles/X_Track_App_GCC.dir/D_/github/my/E-Track/Simulator/LVGL.Simulator/lvgl/src/widgets/lv_bar.c.obj uses 2-byte wchar_t yet the output is to use 4-byte wchar_t; use of wchar_t values across objects may fail
D:/singlechip/gcc+gdb+openocd/tools/arm-gnu-toolchain-13.3.rel1-ming/bin/../lib/gcc/arm-none-eabi/13.3.1/../../../../arm-none-eabi/bin/ld.exe: warning: CMakeFiles/X_Track_App_GCC.dir/D_/github/my/E-Track/Simulator/LVGL.Simulator/lvgl/src/widgets/lv_btn.c.obj uses 2-byte wchar_t yet the output is to use 4-byte wchar_t; use of wchar_t values across objects may fail
D:/singlechip/gcc+gdb+openocd/tools/arm-gnu-toolchain-13.3.rel1-ming/bin/../lib/gcc/arm-none-eabi/13.3.1/../../../../arm-none-eabi/bin/ld.exe: warning: CMakeFiles/X_Track_App_GCC.dir/D_/github/my/E-Track/Simulator/LVGL.Simulator/lvgl/src/widgets/lv_btnmatrix.c.obj uses 2-byte wchar_t yet the output is to use 4-byte wchar_t; use of wchar_t values across objects may fail
D:/singlechip/gcc+gdb+openocd/tools/arm-gnu-toolchain-13.3.rel1-ming/bin/../lib/gcc/arm-none-eabi/13.3.1/../../../../arm-none-eabi/bin/ld.exe: warning: CMakeFiles/X_Track_App_GCC.dir/D_/github/my/E-Track/Simulator/LVGL.Simulator/lvgl/src/widgets/lv_canvas.c.obj uses 2-byte wchar_t yet the output is to use 4-byte wchar_t; use of wchar_t values across objects may fail
D:/singlechip/gcc+gdb+openocd/tools/arm-gnu-toolchain-13.3.rel1-ming/bin/../lib/gcc/arm-none-eabi/13.3.1/../../../../arm-none-eabi/bin/ld.exe: warning: CMakeFiles/X_Track_App_GCC.dir/D_/github/my/E-Track/Simulator/LVGL.Simulator/lvgl/src/widgets/lv_checkbox.c.obj uses 2-byte wchar_t yet the output is to use 4-byte wchar_t; use of wchar_t values across objects may fail
D:/singlechip/gcc+gdb+openocd/tools/arm-gnu-toolchain-13.3.rel1-ming/bin/../lib/gcc/arm-none-eabi/13.3.1/../../../../arm-none-eabi/bin/ld.exe: warning: CMakeFiles/X_Track_App_GCC.dir/D_/github/my/E-Track/Simulator/LVGL.Simulator/lvgl/src/widgets/lv_dropdown.c.obj uses 2-byte wchar_t yet the output is to use 4-byte wchar_t; use of wchar_t values across objects may fail
D:/singlechip/gcc+gdb+openocd/tools/arm-gnu-toolchain-13.3.rel1-ming/bin/../lib/gcc/arm-none-eabi/13.3.1/../../../../arm-none-eabi/bin/ld.exe: warning: CMakeFiles/X_Track_App_GCC.dir/D_/github/my/E-Track/Simulator/LVGL.Simulator/lvgl/src/widgets/lv_img.c.obj uses 2-byte wchar_t yet the output is to use 4-byte wchar_t; use of wchar_t values across objects may fail
D:/singlechip/gcc+gdb+openocd/tools/arm-gnu-toolchain-13.3.rel1-ming/bin/../lib/gcc/arm-none-eabi/13.3.1/../../../../arm-none-eabi/bin/ld.exe: warning: CMakeFiles/X_Track_App_GCC.dir/D_/github/my/E-Track/Simulator/LVGL.Simulator/lvgl/src/widgets/lv_label.c.obj uses 2-byte wchar_t yet the output is to use 4-byte wchar_t; use of wchar_t values across objects may fail
D:/singlechip/gcc+gdb+openocd/tools/arm-gnu-toolchain-13.3.rel1-ming/bin/../lib/gcc/arm-none-eabi/13.3.1/../../../../arm-none-eabi/bin/ld.exe: warning: CMakeFiles/X_Track_App_GCC.dir/D_/github/my/E-Track/Simulator/LVGL.Simulator/lvgl/src/widgets/lv_line.c.obj uses 2-byte wchar_t yet the output is to use 4-byte wchar_t; use of wchar_t values across objects may fail
D:/singlechip/gcc+gdb+openocd/tools/arm-gnu-toolchain-13.3.rel1-ming/bin/../lib/gcc/arm-none-eabi/13.3.1/../../../../arm-none-eabi/bin/ld.exe: warning: CMakeFiles/X_Track_App_GCC.dir/D_/github/my/E-Track/Simulator/LVGL.Simulator/lvgl/src/widgets/lv_objx_templ.c.obj uses 2-byte wchar_t yet the output is to use 4-byte wchar_t; use of wchar_t values across objects may fail
D:/singlechip/gcc+gdb+openocd/tools/arm-gnu-toolchain-13.3.rel1-ming/bin/../lib/gcc/arm-none-eabi/13.3.1/../../../../arm-none-eabi/bin/ld.exe: warning: CMakeFiles/X_Track_App_GCC.dir/D_/github/my/E-Track/Simulator/LVGL.Simulator/lvgl/src/widgets/lv_roller.c.obj uses 2-byte wchar_t yet the output is to use 4-byte wchar_t; use of wchar_t values across objects may fail
D:/singlechip/gcc+gdb+openocd/tools/arm-gnu-toolchain-13.3.rel1-ming/bin/../lib/gcc/arm-none-eabi/13.3.1/../../../../arm-none-eabi/bin/ld.exe: warning: CMakeFiles/X_Track_App_GCC.dir/D_/github/my/E-Track/Simulator/LVGL.Simulator/lvgl/src/widgets/lv_slider.c.obj uses 2-byte wchar_t yet the output is to use 4-byte wchar_t; use of wchar_t values across objects may fail
D:/singlechip/gcc+gdb+openocd/tools/arm-gnu-toolchain-13.3.rel1-ming/bin/../lib/gcc/arm-none-eabi/13.3.1/../../../../arm-none-eabi/bin/ld.exe: warning: CMakeFiles/X_Track_App_GCC.dir/D_/github/my/E-Track/Simulator/LVGL.Simulator/lvgl/src/widgets/lv_switch.c.obj uses 2-byte wchar_t yet the output is to use 4-byte wchar_t; use of wchar_t values across objects may fail
D:/singlechip/gcc+gdb+openocd/tools/arm-gnu-toolchain-13.3.rel1-ming/bin/../lib/gcc/arm-none-eabi/13.3.1/../../../../arm-none-eabi/bin/ld.exe: warning: CMakeFiles/X_Track_App_GCC.dir/D_/github/my/E-Track/Simulator/LVGL.Simulator/lvgl/src/widgets/lv_table.c.obj uses 2-byte wchar_t yet the output is to use 4-byte wchar_t; use of wchar_t values across objects may fail
D:/singlechip/gcc+gdb+openocd/tools/arm-gnu-toolchain-13.3.rel1-ming/bin/../lib/gcc/arm-none-eabi/13.3.1/../../../../arm-none-eabi/bin/ld.exe: warning: CMakeFiles/X_Track_App_GCC.dir/D_/github/my/E-Track/Simulator/LVGL.Simulator/lvgl/src/widgets/lv_textarea.c.obj uses 2-byte wchar_t yet the output is to use 4-byte wchar_t; use of wchar_t values across objects may fail
D:/singlechip/gcc+gdb+openocd/tools/arm-gnu-toolchain-13.3.rel1-ming/bin/../lib/gcc/arm-none-eabi/13.3.1/../../../../arm-none-eabi/bin/ld.exe: warning: CMakeFiles/X_Track_App_GCC.dir/D_/github/my/E-Track/USER/App/App.cpp.obj uses 2-byte wchar_t yet the output is to use 4-byte wchar_t; use of wchar_t values across objects may fail
D:/singlechip/gcc+gdb+openocd/tools/arm-gnu-toolchain-13.3.rel1-ming/bin/../lib/gcc/arm-none-eabi/13.3.1/../../../../arm-none-eabi/bin/ld.exe: warning: CMakeFiles/X_Track_App_GCC.dir/D_/github/my/E-Track/USER/App/Common/DataProc/DP_Clock.cpp.obj uses 2-byte wchar_t yet the output is to use 4-byte wchar_t; use of wchar_t values across objects may fail
D:/singlechip/gcc+gdb+openocd/tools/arm-gnu-toolchain-13.3.rel1-ming/bin/../lib/gcc/arm-none-eabi/13.3.1/../../../../arm-none-eabi/bin/ld.exe: warning: CMakeFiles/X_Track_App_GCC.dir/D_/github/my/E-Track/USER/App/Common/DataProc/DP_GPS.cpp.obj uses 2-byte wchar_t yet the output is to use 4-byte wchar_t; use of wchar_t values across objects may fail
D:/singlechip/gcc+gdb+openocd/tools/arm-gnu-toolchain-13.3.rel1-ming/bin/../lib/gcc/arm-none-eabi/13.3.1/../../../../arm-none-eabi/bin/ld.exe: warning: CMakeFiles/X_Track_App_GCC.dir/D_/github/my/E-Track/USER/App/Common/DataProc/DP_IMU.cpp.obj uses 2-byte wchar_t yet the output is to use 4-byte wchar_t; use of wchar_t values across objects may fail
D:/singlechip/gcc+gdb+openocd/tools/arm-gnu-toolchain-13.3.rel1-ming/bin/../lib/gcc/arm-none-eabi/13.3.1/../../../../arm-none-eabi/bin/ld.exe: warning: CMakeFiles/X_Track_App_GCC.dir/D_/github/my/E-Track/USER/App/Common/DataProc/DP_MAG.cpp.obj uses 2-byte wchar_t yet the output is to use 4-byte wchar_t; use of wchar_t values across objects may fail
D:/singlechip/gcc+gdb+openocd/tools/arm-gnu-toolchain-13.3.rel1-ming/bin/../lib/gcc/arm-none-eabi/13.3.1/../../../../arm-none-eabi/bin/ld.exe: warning: CMakeFiles/X_Track_App_GCC.dir/D_/github/my/E-Track/USER/App/Common/DataProc/DP_MusicPlayer.cpp.obj uses 2-byte wchar_t yet the output is to use 4-byte wchar_t; use of wchar_t values across objects may fail
D:/singlechip/gcc+gdb+openocd/tools/arm-gnu-toolchain-13.3.rel1-ming/bin/../lib/gcc/arm-none-eabi/13.3.1/../../../../arm-none-eabi/bin/ld.exe: warning: CMakeFiles/X_Track_App_GCC.dir/D_/github/my/E-Track/USER/App/Common/DataProc/DP_Navigation.cpp.obj uses 2-byte wchar_t yet the output is to use 4-byte wchar_t; use of wchar_t values across objects may fail
D:/singlechip/gcc+gdb+openocd/tools/arm-gnu-toolchain-13.3.rel1-ming/bin/../lib/gcc/arm-none-eabi/13.3.1/../../../../arm-none-eabi/bin/ld.exe: warning: CMakeFiles/X_Track_App_GCC.dir/D_/github/my/E-Track/USER/App/Common/DataProc/DP_Power.cpp.obj uses 2-byte wchar_t yet the output is to use 4-byte wchar_t; use of wchar_t values across objects may fail
D:/singlechip/gcc+gdb+openocd/tools/arm-gnu-toolchain-13.3.rel1-ming/bin/../lib/gcc/arm-none-eabi/13.3.1/../../../../arm-none-eabi/bin/ld.exe: warning: CMakeFiles/X_Track_App_GCC.dir/D_/github/my/E-Track/USER/App/Common/DataProc/DP_Recorder.cpp.obj uses 2-byte wchar_t yet the output is to use 4-byte wchar_t; use of wchar_t values across objects may fail
D:/singlechip/gcc+gdb+openocd/tools/arm-gnu-toolchain-13.3.rel1-ming/bin/../lib/gcc/arm-none-eabi/13.3.1/../../../../arm-none-eabi/bin/ld.exe: warning: CMakeFiles/X_Track_App_GCC.dir/D_/github/my/E-Track/USER/App/Common/DataProc/DP_SportStatus.cpp.obj uses 2-byte wchar_t yet the output is to use 4-byte wchar_t; use of wchar_t values across objects may fail
D:/singlechip/gcc+gdb+openocd/tools/arm-gnu-toolchain-13.3.rel1-ming/bin/../lib/gcc/arm-none-eabi/13.3.1/../../../../arm-none-eabi/bin/ld.exe: warning: CMakeFiles/X_Track_App_GCC.dir/D_/github/my/E-Track/USER/App/Common/DataProc/DP_Storage.cpp.obj uses 2-byte wchar_t yet the output is to use 4-byte wchar_t; use of wchar_t values across objects may fail
D:/singlechip/gcc+gdb+openocd/tools/arm-gnu-toolchain-13.3.rel1-ming/bin/../lib/gcc/arm-none-eabi/13.3.1/../../../../arm-none-eabi/bin/ld.exe: warning: CMakeFiles/X_Track_App_GCC.dir/D_/github/my/E-Track/USER/App/Common/DataProc/DP_SysConfig.cpp.obj uses 2-byte wchar_t yet the output is to use 4-byte wchar_t; use of wchar_t values across objects may fail
D:/singlechip/gcc+gdb+openocd/tools/arm-gnu-toolchain-13.3.rel1-ming/bin/../lib/gcc/arm-none-eabi/13.3.1/../../../../arm-none-eabi/bin/ld.exe: warning: CMakeFiles/X_Track_App_GCC.dir/D_/github/my/E-Track/USER/App/Common/DataProc/DP_TrackFilter.cpp.obj uses 2-byte wchar_t yet the output is to use 4-byte wchar_t; use of wchar_t values across objects may fail
D:/singlechip/gcc+gdb+openocd/tools/arm-gnu-toolchain-13.3.rel1-ming/bin/../lib/gcc/arm-none-eabi/13.3.1/../../../../arm-none-eabi/bin/ld.exe: warning: CMakeFiles/X_Track_App_GCC.dir/D_/github/my/E-Track/USER/App/Common/DataProc/DP_TzConv.cpp.obj uses 2-byte wchar_t yet the output is to use 4-byte wchar_t; use of wchar_t values across objects may fail
D:/singlechip/gcc+gdb+openocd/tools/arm-gnu-toolchain-13.3.rel1-ming/bin/../lib/gcc/arm-none-eabi/13.3.1/../../../../arm-none-eabi/bin/ld.exe: warning: CMakeFiles/X_Track_App_GCC.dir/D_/github/my/E-Track/USER/App/Common/DataProc/DataProc.cpp.obj uses 2-byte wchar_t yet the output is to use 4-byte wchar_t; use of wchar_t values across objects may fail
D:/singlechip/gcc+gdb+openocd/tools/arm-gnu-toolchain-13.3.rel1-ming/bin/../lib/gcc/arm-none-eabi/13.3.1/../../../../arm-none-eabi/bin/ld.exe: warning: CMakeFiles/X_Track_App_GCC.dir/D_/github/my/E-Track/USER/App/Pages/AppFactory.cpp.obj uses 2-byte wchar_t yet the output is to use 4-byte wchar_t; use of wchar_t values across objects may fail
D:/singlechip/gcc+gdb+openocd/tools/arm-gnu-toolchain-13.3.rel1-ming/bin/../lib/gcc/arm-none-eabi/13.3.1/../../../../arm-none-eabi/bin/ld.exe: warning: CMakeFiles/X_Track_App_GCC.dir/D_/github/my/E-Track/USER/App/Pages/Dialplate/Dialplate.cpp.obj uses 2-byte wchar_t yet the output is to use 4-byte wchar_t; use of wchar_t values across objects may fail
D:/singlechip/gcc+gdb+openocd/tools/arm-gnu-toolchain-13.3.rel1-ming/bin/../lib/gcc/arm-none-eabi/13.3.1/../../../../arm-none-eabi/bin/ld.exe: warning: CMakeFiles/X_Track_App_GCC.dir/D_/github/my/E-Track/USER/App/Pages/Dialplate/DialplateModel.cpp.obj uses 2-byte wchar_t yet the output is to use 4-byte wchar_t; use of wchar_t values across objects may fail
D:/singlechip/gcc+gdb+openocd/tools/arm-gnu-toolchain-13.3.rel1-ming/bin/../lib/gcc/arm-none-eabi/13.3.1/../../../../arm-none-eabi/bin/ld.exe: warning: CMakeFiles/X_Track_App_GCC.dir/D_/github/my/E-Track/USER/App/Pages/Dialplate/DialplateView.cpp.obj uses 2-byte wchar_t yet the output is to use 4-byte wchar_t; use of wchar_t values across objects may fail
D:/singlechip/gcc+gdb+openocd/tools/arm-gnu-toolchain-13.3.rel1-ming/bin/../lib/gcc/arm-none-eabi/13.3.1/../../../../arm-none-eabi/bin/ld.exe: warning: CMakeFiles/X_Track_App_GCC.dir/D_/github/my/E-Track/USER/App/Pages/LiveMap/LiveMap.cpp.obj uses 2-byte wchar_t yet the output is to use 4-byte wchar_t; use of wchar_t values across objects may fail
D:/singlechip/gcc+gdb+openocd/tools/arm-gnu-toolchain-13.3.rel1-ming/bin/../lib/gcc/arm-none-eabi/13.3.1/../../../../arm-none-eabi/bin/ld.exe: warning: CMakeFiles/X_Track_App_GCC.dir/D_/github/my/E-Track/USER/App/Pages/LiveMap/LiveMapModel.cpp.obj uses 2-byte wchar_t yet the output is to use 4-byte wchar_t; use of wchar_t values across objects may fail
D:/singlechip/gcc+gdb+openocd/tools/arm-gnu-toolchain-13.3.rel1-ming/bin/../lib/gcc/arm-none-eabi/13.3.1/../../../../arm-none-eabi/bin/ld.exe: warning: CMakeFiles/X_Track_App_GCC.dir/D_/github/my/E-Track/USER/App/Pages/LiveMap/LiveMapView.cpp.obj uses 2-byte wchar_t yet the output is to use 4-byte wchar_t; use of wchar_t values across objects may fail
D:/singlechip/gcc+gdb+openocd/tools/arm-gnu-toolchain-13.3.rel1-ming/bin/../lib/gcc/arm-none-eabi/13.3.1/../../../../arm-none-eabi/bin/ld.exe: warning: CMakeFiles/X_Track_App_GCC.dir/D_/github/my/E-Track/USER/App/Pages/Menu/MainMenu.cpp.obj uses 2-byte wchar_t yet the output is to use 4-byte wchar_t; use of wchar_t values across objects may fail
D:/singlechip/gcc+gdb+openocd/tools/arm-gnu-toolchain-13.3.rel1-ming/bin/../lib/gcc/arm-none-eabi/13.3.1/../../../../arm-none-eabi/bin/ld.exe: warning: CMakeFiles/X_Track_App_GCC.dir/D_/github/my/E-Track/USER/App/Pages/RouteImport/RouteImport.cpp.obj uses 2-byte wchar_t yet the output is to use 4-byte wchar_t; use of wchar_t values across objects may fail
D:/singlechip/gcc+gdb+openocd/tools/arm-gnu-toolchain-13.3.rel1-ming/bin/../lib/gcc/arm-none-eabi/13.3.1/../../../../arm-none-eabi/bin/ld.exe: warning: CMakeFiles/X_Track_App_GCC.dir/D_/github/my/E-Track/USER/App/Pages/RouteSelect/RouteSelect.cpp.obj uses 2-byte wchar_t yet the output is to use 4-byte wchar_t; use of wchar_t values across objects may fail
D:/singlechip/gcc+gdb+openocd/tools/arm-gnu-toolchain-13.3.rel1-ming/bin/../lib/gcc/arm-none-eabi/13.3.1/../../../../arm-none-eabi/bin/ld.exe: warning: CMakeFiles/X_Track_App_GCC.dir/D_/github/my/E-Track/USER/App/Pages/StartUp/StartUp.cpp.obj uses 2-byte wchar_t yet the output is to use 4-byte wchar_t; use of wchar_t values across objects may fail
D:/singlechip/gcc+gdb+openocd/tools/arm-gnu-toolchain-13.3.rel1-ming/bin/../lib/gcc/arm-none-eabi/13.3.1/../../../../arm-none-eabi/bin/ld.exe: warning: CMakeFiles/X_Track_App_GCC.dir/D_/github/my/E-Track/USER/App/Pages/StartUp/StartUpModel.cpp.obj uses 2-byte wchar_t yet the output is to use 4-byte wchar_t; use of wchar_t values across objects may fail
D:/singlechip/gcc+gdb+openocd/tools/arm-gnu-toolchain-13.3.rel1-ming/bin/../lib/gcc/arm-none-eabi/13.3.1/../../../../arm-none-eabi/bin/ld.exe: warning: CMakeFiles/X_Track_App_GCC.dir/D_/github/my/E-Track/USER/App/Pages/StartUp/StartUpView.cpp.obj uses 2-byte wchar_t yet the output is to use 4-byte wchar_t; use of wchar_t values across objects may fail
D:/singlechip/gcc+gdb+openocd/tools/arm-gnu-toolchain-13.3.rel1-ming/bin/../lib/gcc/arm-none-eabi/13.3.1/../../../../arm-none-eabi/bin/ld.exe: warning: CMakeFiles/X_Track_App_GCC.dir/D_/github/my/E-Track/USER/App/Pages/StatusBar/StatusBar.cpp.obj uses 2-byte wchar_t yet the output is to use 4-byte wchar_t; use of wchar_t values across objects may fail
D:/singlechip/gcc+gdb+openocd/tools/arm-gnu-toolchain-13.3.rel1-ming/bin/../lib/gcc/arm-none-eabi/13.3.1/../../../../arm-none-eabi/bin/ld.exe: warning: CMakeFiles/X_Track_App_GCC.dir/D_/github/my/E-Track/USER/App/Pages/SystemInfos/SystemInfos.cpp.obj uses 2-byte wchar_t yet the output is to use 4-byte wchar_t; use of wchar_t values across objects may fail
D:/singlechip/gcc+gdb+openocd/tools/arm-gnu-toolchain-13.3.rel1-ming/bin/../lib/gcc/arm-none-eabi/13.3.1/../../../../arm-none-eabi/bin/ld.exe: warning: CMakeFiles/X_Track_App_GCC.dir/D_/github/my/E-Track/USER/App/Pages/SystemInfos/SystemInfosModel.cpp.obj uses 2-byte wchar_t yet the output is to use 4-byte wchar_t; use of wchar_t values across objects may fail
D:/singlechip/gcc+gdb+openocd/tools/arm-gnu-toolchain-13.3.rel1-ming/bin/../lib/gcc/arm-none-eabi/13.3.1/../../../../arm-none-eabi/bin/ld.exe: warning: CMakeFiles/X_Track_App_GCC.dir/D_/github/my/E-Track/USER/App/Pages/SystemInfos/SystemInfosView.cpp.obj uses 2-byte wchar_t yet the output is to use 4-byte wchar_t; use of wchar_t values across objects may fail
D:/singlechip/gcc+gdb+openocd/tools/arm-gnu-toolchain-13.3.rel1-ming/bin/../lib/gcc/arm-none-eabi/13.3.1/../../../../arm-none-eabi/bin/ld.exe: warning: CMakeFiles/X_Track_App_GCC.dir/D_/github/my/E-Track/USER/App/Pages/_Template/Template.cpp.obj uses 2-byte wchar_t yet the output is to use 4-byte wchar_t; use of wchar_t values across objects may fail
D:/singlechip/gcc+gdb+openocd/tools/arm-gnu-toolchain-13.3.rel1-ming/bin/../lib/gcc/arm-none-eabi/13.3.1/../../../../arm-none-eabi/bin/ld.exe: warning: CMakeFiles/X_Track_App_GCC.dir/D_/github/my/E-Track/USER/App/Pages/_Template/TemplateModel.cpp.obj uses 2-byte wchar_t yet the output is to use 4-byte wchar_t; use of wchar_t values across objects may fail
D:/singlechip/gcc+gdb+openocd/tools/arm-gnu-toolchain-13.3.rel1-ming/bin/../lib/gcc/arm-none-eabi/13.3.1/../../../../arm-none-eabi/bin/ld.exe: warning: CMakeFiles/X_Track_App_GCC.dir/D_/github/my/E-Track/USER/App/Pages/_Template/TemplateView.cpp.obj uses 2-byte wchar_t yet the output is to use 4-byte wchar_t; use of wchar_t values across objects may fail
D:/singlechip/gcc+gdb+openocd/tools/arm-gnu-toolchain-13.3.rel1-ming/bin/../lib/gcc/arm-none-eabi/13.3.1/../../../../arm-none-eabi/bin/ld.exe: warning: CMakeFiles/X_Track_App_GCC.dir/D_/github/my/E-Track/USER/App/Resource/Font/font_agencyb_12.c.obj uses 2-byte wchar_t yet the output is to use 4-byte wchar_t; use of wchar_t values across objects may fail
D:/singlechip/gcc+gdb+openocd/tools/arm-gnu-toolchain-13.3.rel1-ming/bin/../lib/gcc/arm-none-eabi/13.3.1/../../../../arm-none-eabi/bin/ld.exe: warning: CMakeFiles/X_Track_App_GCC.dir/D_/github/my/E-Track/USER/App/Resource/Font/font_agencyb_36.c.obj uses 2-byte wchar_t yet the output is to use 4-byte wchar_t; use of wchar_t values across objects may fail
D:/singlechip/gcc+gdb+openocd/tools/arm-gnu-toolchain-13.3.rel1-ming/bin/../lib/gcc/arm-none-eabi/13.3.1/../../../../arm-none-eabi/bin/ld.exe: warning: CMakeFiles/X_Track_App_GCC.dir/D_/github/my/E-Track/USER/App/Resource/Font/font_bahnschrift_13.c.obj uses 2-byte wchar_t yet the output is to use 4-byte wchar_t; use of wchar_t values across objects may fail
D:/singlechip/gcc+gdb+openocd/tools/arm-gnu-toolchain-13.3.rel1-ming/bin/../lib/gcc/arm-none-eabi/13.3.1/../../../../arm-none-eabi/bin/ld.exe: warning: CMakeFiles/X_Track_App_GCC.dir/D_/github/my/E-Track/USER/App/Resource/Font/font_bahnschrift_17.c.obj uses 2-byte wchar_t yet the output is to use 4-byte wchar_t; use of wchar_t values across objects may fail
D:/singlechip/gcc+gdb+openocd/tools/arm-gnu-toolchain-13.3.rel1-ming/bin/../lib/gcc/arm-none-eabi/13.3.1/../../../../arm-none-eabi/bin/ld.exe: warning: CMakeFiles/X_Track_App_GCC.dir/D_/github/my/E-Track/USER/App/Resource/Font/font_bahnschrift_24.c.obj uses 2-byte wchar_t yet the output is to use 4-byte wchar_t; use of wchar_t values across objects may fail
D:/singlechip/gcc+gdb+openocd/tools/arm-gnu-toolchain-13.3.rel1-ming/bin/../lib/gcc/arm-none-eabi/13.3.1/../../../../arm-none-eabi/bin/ld.exe: warning: CMakeFiles/X_Track_App_GCC.dir/D_/github/my/E-Track/USER/App/Resource/Font/font_bahnschrift_32.c.obj uses 2-byte wchar_t yet the output is to use 4-byte wchar_t; use of wchar_t values across objects may fail
D:/singlechip/gcc+gdb+openocd/tools/arm-gnu-toolchain-13.3.rel1-ming/bin/../lib/gcc/arm-none-eabi/13.3.1/../../../../arm-none-eabi/bin/ld.exe: warning: CMakeFiles/X_Track_App_GCC.dir/D_/github/my/E-Track/USER/App/Resource/Font/font_bahnschrift_48.c.obj uses 2-byte wchar_t yet the output is to use 4-byte wchar_t; use of wchar_t values across objects may fail
D:/singlechip/gcc+gdb+openocd/tools/arm-gnu-toolchain-13.3.rel1-ming/bin/../lib/gcc/arm-none-eabi/13.3.1/../../../../arm-none-eabi/bin/ld.exe: warning: CMakeFiles/X_Track_App_GCC.dir/D_/github/my/E-Track/USER/App/Resource/Font/font_bahnschrift_65.c.obj uses 2-byte wchar_t yet the output is to use 4-byte wchar_t; use of wchar_t values across objects may fail
D:/singlechip/gcc+gdb+openocd/tools/arm-gnu-toolchain-13.3.rel1-ming/bin/../lib/gcc/arm-none-eabi/13.3.1/../../../../arm-none-eabi/bin/ld.exe: warning: CMakeFiles/X_Track_App_GCC.dir/D_/github/my/E-Track/USER/App/Resource/Font/font_cn_16.c.obj uses 2-byte wchar_t yet the output is to use 4-byte wchar_t; use of wchar_t values across objects may fail
D:/singlechip/gcc+gdb+openocd/tools/arm-gnu-toolchain-13.3.rel1-ming/bin/../lib/gcc/arm-none-eabi/13.3.1/../../../../arm-none-eabi/bin/ld.exe: warning: CMakeFiles/X_Track_App_GCC.dir/D_/github/my/E-Track/USER/App/Resource/Font/font_iconfont_16.c.obj uses 2-byte wchar_t yet the output is to use 4-byte wchar_t; use of wchar_t values across objects may fail
D:/singlechip/gcc+gdb+openocd/tools/arm-gnu-toolchain-13.3.rel1-ming/bin/../lib/gcc/arm-none-eabi/13.3.1/../../../../arm-none-eabi/bin/ld.exe: warning: CMakeFiles/X_Track_App_GCC.dir/D_/github/my/E-Track/USER/App/Resource/Font/font_iconfont_20.c.obj uses 2-byte wchar_t yet the output is to use 4-byte wchar_t; use of wchar_t values across objects may fail
D:/singlechip/gcc+gdb+openocd/tools/arm-gnu-toolchain-13.3.rel1-ming/bin/../lib/gcc/arm-none-eabi/13.3.1/../../../../arm-none-eabi/bin/ld.exe: warning: CMakeFiles/X_Track_App_GCC.dir/D_/github/my/E-Track/USER/App/Resource/Image/img_src_alarm.c.obj uses 2-byte wchar_t yet the output is to use 4-byte wchar_t; use of wchar_t values across objects may fail
D:/singlechip/gcc+gdb+openocd/tools/arm-gnu-toolchain-13.3.rel1-ming/bin/../lib/gcc/arm-none-eabi/13.3.1/../../../../arm-none-eabi/bin/ld.exe: warning: CMakeFiles/X_Track_App_GCC.dir/D_/github/my/E-Track/USER/App/Resource/Image/img_src_battery.c.obj uses 2-byte wchar_t yet the output is to use 4-byte wchar_t; use of wchar_t values across objects may fail
D:/singlechip/gcc+gdb+openocd/tools/arm-gnu-toolchain-13.3.rel1-ming/bin/../lib/gcc/arm-none-eabi/13.3.1/../../../../arm-none-eabi/bin/ld.exe: warning: CMakeFiles/X_Track_App_GCC.dir/D_/github/my/E-Track/USER/App/Resource/Image/img_src_battery_info.c.obj uses 2-byte wchar_t yet the output is to use 4-byte wchar_t; use of wchar_t values across objects may fail
D:/singlechip/gcc+gdb+openocd/tools/arm-gnu-toolchain-13.3.rel1-ming/bin/../lib/gcc/arm-none-eabi/13.3.1/../../../../arm-none-eabi/bin/ld.exe: warning: CMakeFiles/X_Track_App_GCC.dir/D_/github/my/E-Track/USER/App/Resource/Image/img_src_bicycle.c.obj uses 2-byte wchar_t yet the output is to use 4-byte wchar_t; use of wchar_t values across objects may fail
D:/singlechip/gcc+gdb+openocd/tools/arm-gnu-toolchain-13.3.rel1-ming/bin/../lib/gcc/arm-none-eabi/13.3.1/../../../../arm-none-eabi/bin/ld.exe: warning: CMakeFiles/X_Track_App_GCC.dir/D_/github/my/E-Track/USER/App/Resource/Image/img_src_bluetooth.c.obj uses 2-byte wchar_t yet the output is to use 4-byte wchar_t; use of wchar_t values across objects may fail
D:/singlechip/gcc+gdb+openocd/tools/arm-gnu-toolchain-13.3.rel1-ming/bin/../lib/gcc/arm-none-eabi/13.3.1/../../../../arm-none-eabi/bin/ld.exe: warning: CMakeFiles/X_Track_App_GCC.dir/D_/github/my/E-Track/USER/App/Resource/Image/img_src_compass.c.obj uses 2-byte wchar_t yet the output is to use 4-byte wchar_t; use of wchar_t values across objects may fail
D:/singlechip/gcc+gdb+openocd/tools/arm-gnu-toolchain-13.3.rel1-ming/bin/../lib/gcc/arm-none-eabi/13.3.1/../../../../arm-none-eabi/bin/ld.exe: warning: CMakeFiles/X_Track_App_GCC.dir/D_/github/my/E-Track/USER/App/Resource/Image/img_src_dialplate_skin.c.obj uses 2-byte wchar_t yet the output is to use 4-byte wchar_t; use of wchar_t values across objects may fail
D:/singlechip/gcc+gdb+openocd/tools/arm-gnu-toolchain-13.3.rel1-ming/bin/../lib/gcc/arm-none-eabi/13.3.1/../../../../arm-none-eabi/bin/ld.exe: warning: CMakeFiles/X_Track_App_GCC.dir/D_/github/my/E-Track/USER/App/Resource/Image/img_src_gps_arrow_dark.c.obj uses 2-byte wchar_t yet the output is to use 4-byte wchar_t; use of wchar_t values across objects may fail
D:/singlechip/gcc+gdb+openocd/tools/arm-gnu-toolchain-13.3.rel1-ming/bin/../lib/gcc/arm-none-eabi/13.3.1/../../../../arm-none-eabi/bin/ld.exe: warning: CMakeFiles/X_Track_App_GCC.dir/D_/github/my/E-Track/USER/App/Resource/Image/img_src_gps_arrow_default.c.obj uses 2-byte wchar_t yet the output is to use 4-byte wchar_t; use of wchar_t values across objects may fail
D:/singlechip/gcc+gdb+openocd/tools/arm-gnu-toolchain-13.3.rel1-ming/bin/../lib/gcc/arm-none-eabi/13.3.1/../../../../arm-none-eabi/bin/ld.exe: warning: CMakeFiles/X_Track_App_GCC.dir/D_/github/my/E-Track/USER/App/Resource/Image/img_src_gps_arrow_light.c.obj uses 2-byte wchar_t yet the output is to use 4-byte wchar_t; use of wchar_t values across objects may fail
D:/singlechip/gcc+gdb+openocd/tools/arm-gnu-toolchain-13.3.rel1-ming/bin/../lib/gcc/arm-none-eabi/13.3.1/../../../../arm-none-eabi/bin/ld.exe: warning: CMakeFiles/X_Track_App_GCC.dir/D_/github/my/E-Track/USER/App/Resource/Image/img_src_gps_pin.c.obj uses 2-byte wchar_t yet the output is to use 4-byte wchar_t; use of wchar_t values across objects may fail
D:/singlechip/gcc+gdb+openocd/tools/arm-gnu-toolchain-13.3.rel1-ming/bin/../lib/gcc/arm-none-eabi/13.3.1/../../../../arm-none-eabi/bin/ld.exe: warning: CMakeFiles/X_Track_App_GCC.dir/D_/github/my/E-Track/USER/App/Resource/Image/img_src_gyroscope.c.obj uses 2-byte wchar_t yet the output is to use 4-byte wchar_t; use of wchar_t values across objects may fail
D:/singlechip/gcc+gdb+openocd/tools/arm-gnu-toolchain-13.3.rel1-ming/bin/../lib/gcc/arm-none-eabi/13.3.1/../../../../arm-none-eabi/bin/ld.exe: warning: CMakeFiles/X_Track_App_GCC.dir/D_/github/my/E-Track/USER/App/Resource/Image/img_src_locate.c.obj uses 2-byte wchar_t yet the output is to use 4-byte wchar_t; use of wchar_t values across objects may fail
D:/singlechip/gcc+gdb+openocd/tools/arm-gnu-toolchain-13.3.rel1-ming/bin/../lib/gcc/arm-none-eabi/13.3.1/../../../../arm-none-eabi/bin/ld.exe: warning: CMakeFiles/X_Track_App_GCC.dir/D_/github/my/E-Track/USER/App/Resource/Image/img_src_map_location.c.obj uses 2-byte wchar_t yet the output is to use 4-byte wchar_t; use of wchar_t values across objects may fail
D:/singlechip/gcc+gdb+openocd/tools/arm-gnu-toolchain-13.3.rel1-ming/bin/../lib/gcc/arm-none-eabi/13.3.1/../../../../arm-none-eabi/bin/ld.exe: warning: CMakeFiles/X_Track_App_GCC.dir/D_/github/my/E-Track/USER/App/Resource/Image/img_src_menu.c.obj uses 2-byte wchar_t yet the output is to use 4-byte wchar_t; use of wchar_t values across objects may fail
D:/singlechip/gcc+gdb+openocd/tools/arm-gnu-toolchain-13.3.rel1-ming/bin/../lib/gcc/arm-none-eabi/13.3.1/../../../../arm-none-eabi/bin/ld.exe: warning: CMakeFiles/X_Track_App_GCC.dir/D_/github/my/E-Track/USER/App/Resource/Image/img_src_origin_point.c.obj uses 2-byte wchar_t yet the output is to use 4-byte wchar_t; use of wchar_t values across objects may fail
D:/singlechip/gcc+gdb+openocd/tools/arm-gnu-toolchain-13.3.rel1-ming/bin/../lib/gcc/arm-none-eabi/13.3.1/../../../../arm-none-eabi/bin/ld.exe: warning: CMakeFiles/X_Track_App_GCC.dir/D_/github/my/E-Track/USER/App/Resource/Image/img_src_pause.c.obj uses 2-byte wchar_t yet the output is to use 4-byte wchar_t; use of wchar_t values across objects may fail
D:/singlechip/gcc+gdb+openocd/tools/arm-gnu-toolchain-13.3.rel1-ming/bin/../lib/gcc/arm-none-eabi/13.3.1/../../../../arm-none-eabi/bin/ld.exe: warning: CMakeFiles/X_Track_App_GCC.dir/D_/github/my/E-Track/USER/App/Resource/Image/img_src_satellite.c.obj uses 2-byte wchar_t yet the output is to use 4-byte wchar_t; use of wchar_t values across objects may fail
D:/singlechip/gcc+gdb+openocd/tools/arm-gnu-toolchain-13.3.rel1-ming/bin/../lib/gcc/arm-none-eabi/13.3.1/../../../../arm-none-eabi/bin/ld.exe: warning: CMakeFiles/X_Track_App_GCC.dir/D_/github/my/E-Track/USER/App/Resource/Image/img_src_sd_card.c.obj uses 2-byte wchar_t yet the output is to use 4-byte wchar_t; use of wchar_t values across objects may fail
D:/singlechip/gcc+gdb+openocd/tools/arm-gnu-toolchain-13.3.rel1-ming/bin/../lib/gcc/arm-none-eabi/13.3.1/../../../../arm-none-eabi/bin/ld.exe: warning: CMakeFiles/X_Track_App_GCC.dir/D_/github/my/E-Track/USER/App/Resource/Image/img_src_start.c.obj uses 2-byte wchar_t yet the output is to use 4-byte wchar_t; use of wchar_t values across objects may fail
D:/singlechip/gcc+gdb+openocd/tools/arm-gnu-toolchain-13.3.rel1-ming/bin/../lib/gcc/arm-none-eabi/13.3.1/../../../../arm-none-eabi/bin/ld.exe: warning: CMakeFiles/X_Track_App_GCC.dir/D_/github/my/E-Track/USER/App/Resource/Image/img_src_stop.c.obj uses 2-byte wchar_t yet the output is to use 4-byte wchar_t; use of wchar_t values across objects may fail
D:/singlechip/gcc+gdb+openocd/tools/arm-gnu-toolchain-13.3.rel1-ming/bin/../lib/gcc/arm-none-eabi/13.3.1/../../../../arm-none-eabi/bin/ld.exe: warning: CMakeFiles/X_Track_App_GCC.dir/D_/github/my/E-Track/USER/App/Resource/Image/img_src_storage.c.obj uses 2-byte wchar_t yet the output is to use 4-byte wchar_t; use of wchar_t values across objects may fail
D:/singlechip/gcc+gdb+openocd/tools/arm-gnu-toolchain-13.3.rel1-ming/bin/../lib/gcc/arm-none-eabi/13.3.1/../../../../arm-none-eabi/bin/ld.exe: warning: CMakeFiles/X_Track_App_GCC.dir/D_/github/my/E-Track/USER/App/Resource/Image/img_src_system_info.c.obj uses 2-byte wchar_t yet the output is to use 4-byte wchar_t; use of wchar_t values across objects may fail
D:/singlechip/gcc+gdb+openocd/tools/arm-gnu-toolchain-13.3.rel1-ming/bin/../lib/gcc/arm-none-eabi/13.3.1/../../../../arm-none-eabi/bin/ld.exe: warning: CMakeFiles/X_Track_App_GCC.dir/D_/github/my/E-Track/USER/App/Resource/Image/img_src_time_info.c.obj uses 2-byte wchar_t yet the output is to use 4-byte wchar_t; use of wchar_t values across objects may fail
D:/singlechip/gcc+gdb+openocd/tools/arm-gnu-toolchain-13.3.rel1-ming/bin/../lib/gcc/arm-none-eabi/13.3.1/../../../../arm-none-eabi/bin/ld.exe: warning: CMakeFiles/X_Track_App_GCC.dir/D_/github/my/E-Track/USER/App/Resource/Image/img_src_trip.c.obj uses 2-byte wchar_t yet the output is to use 4-byte wchar_t; use of wchar_t values across objects may fail
D:/singlechip/gcc+gdb+openocd/tools/arm-gnu-toolchain-13.3.rel1-ming/bin/../lib/gcc/arm-none-eabi/13.3.1/../../../../arm-none-eabi/bin/ld.exe: warning: CMakeFiles/X_Track_App_GCC.dir/D_/github/my/E-Track/USER/App/Resource/ResourcePool.cpp.obj uses 2-byte wchar_t yet the output is to use 4-byte wchar_t; use of wchar_t values across objects may fail
D:/singlechip/gcc+gdb+openocd/tools/arm-gnu-toolchain-13.3.rel1-ming/bin/../lib/gcc/arm-none-eabi/13.3.1/../../../../arm-none-eabi/bin/ld.exe: warning: CMakeFiles/X_Track_App_GCC.dir/D_/github/my/E-Track/USER/App/Utils/DataCenter/Account.cpp.obj uses 2-byte wchar_t yet the output is to use 4-byte wchar_t; use of wchar_t values across objects may fail
D:/singlechip/gcc+gdb+openocd/tools/arm-gnu-toolchain-13.3.rel1-ming/bin/../lib/gcc/arm-none-eabi/13.3.1/../../../../arm-none-eabi/bin/ld.exe: warning: CMakeFiles/X_Track_App_GCC.dir/D_/github/my/E-Track/USER/App/Utils/DataCenter/DataCenter.cpp.obj uses 2-byte wchar_t yet the output is to use 4-byte wchar_t; use of wchar_t values across objects may fail
D:/singlechip/gcc+gdb+openocd/tools/arm-gnu-toolchain-13.3.rel1-ming/bin/../lib/gcc/arm-none-eabi/13.3.1/../../../../arm-none-eabi/bin/ld.exe: warning: CMakeFiles/X_Track_App_GCC.dir/D_/github/my/E-Track/USER/App/Utils/DataCenter/PingPongBuffer/PingPongBuffer.c.obj uses 2-byte wchar_t yet the output is to use 4-byte wchar_t; use of wchar_t values across objects may fail
D:/singlechip/gcc+gdb+openocd/tools/arm-gnu-toolchain-13.3.rel1-ming/bin/../lib/gcc/arm-none-eabi/13.3.1/../../../../arm-none-eabi/bin/ld.exe: warning: CMakeFiles/X_Track_App_GCC.dir/D_/github/my/E-Track/USER/App/Utils/GPX/GPX.cpp.obj uses 2-byte wchar_t yet the output is to use 4-byte wchar_t; use of wchar_t values across objects may fail
D:/singlechip/gcc+gdb+openocd/tools/arm-gnu-toolchain-13.3.rel1-ming/bin/../lib/gcc/arm-none-eabi/13.3.1/../../../../arm-none-eabi/bin/ld.exe: warning: CMakeFiles/X_Track_App_GCC.dir/D_/github/my/E-Track/USER/App/Utils/GPX_Parser/GPX_Parser.cpp.obj uses 2-byte wchar_t yet the output is to use 4-byte wchar_t; use of wchar_t values across objects may fail
D:/singlechip/gcc+gdb+openocd/tools/arm-gnu-toolchain-13.3.rel1-ming/bin/../lib/gcc/arm-none-eabi/13.3.1/../../../../arm-none-eabi/bin/ld.exe: warning: CMakeFiles/X_Track_App_GCC.dir/D_/github/my/E-Track/USER/App/Utils/MapConv/GPS_Transform/GPS_Transform.c.obj uses 2-byte wchar_t yet the output is to use 4-byte wchar_t; use of wchar_t values across objects may fail
D:/singlechip/gcc+gdb+openocd/tools/arm-gnu-toolchain-13.3.rel1-ming/bin/../lib/gcc/arm-none-eabi/13.3.1/../../../../arm-none-eabi/bin/ld.exe: warning: CMakeFiles/X_Track_App_GCC.dir/D_/github/my/E-Track/USER/App/Utils/MapConv/MapConv.cpp.obj uses 2-byte wchar_t yet the output is to use 4-byte wchar_t; use of wchar_t values across objects may fail
D:/singlechip/gcc+gdb+openocd/tools/arm-gnu-toolchain-13.3.rel1-ming/bin/../lib/gcc/arm-none-eabi/13.3.1/../../../../arm-none-eabi/bin/ld.exe: warning: CMakeFiles/X_Track_App_GCC.dir/D_/github/my/E-Track/USER/App/Utils/MapConv/TileSystem/TileSystem.cpp.obj uses 2-byte wchar_t yet the output is to use 4-byte wchar_t; use of wchar_t values across objects may fail
D:/singlechip/gcc+gdb+openocd/tools/arm-gnu-toolchain-13.3.rel1-ming/bin/../lib/gcc/arm-none-eabi/13.3.1/../../../../arm-none-eabi/bin/ld.exe: warning: CMakeFiles/X_Track_App_GCC.dir/D_/github/my/E-Track/USER/App/Utils/PageManager/PM_Anim.cpp.obj uses 2-byte wchar_t yet the output is to use 4-byte wchar_t; use of wchar_t values across objects may fail
D:/singlechip/gcc+gdb+openocd/tools/arm-gnu-toolchain-13.3.rel1-ming/bin/../lib/gcc/arm-none-eabi/13.3.1/../../../../arm-none-eabi/bin/ld.exe: warning: CMakeFiles/X_Track_App_GCC.dir/D_/github/my/E-Track/USER/App/Utils/PageManager/PM_Base.cpp.obj uses 2-byte wchar_t yet the output is to use 4-byte wchar_t; use of wchar_t values across objects may fail
D:/singlechip/gcc+gdb+openocd/tools/arm-gnu-toolchain-13.3.rel1-ming/bin/../lib/gcc/arm-none-eabi/13.3.1/../../../../arm-none-eabi/bin/ld.exe: warning: CMakeFiles/X_Track_App_GCC.dir/D_/github/my/E-Track/USER/App/Utils/PageManager/PM_Drag.cpp.obj uses 2-byte wchar_t yet the output is to use 4-byte wchar_t; use of wchar_t values across objects may fail
D:/singlechip/gcc+gdb+openocd/tools/arm-gnu-toolchain-13.3.rel1-ming/bin/../lib/gcc/arm-none-eabi/13.3.1/../../../../arm-none-eabi/bin/ld.exe: warning: CMakeFiles/X_Track_App_GCC.dir/D_/github/my/E-Track/USER/App/Utils/PageManager/PM_Router.cpp.obj uses 2-byte wchar_t yet the output is to use 4-byte wchar_t; use of wchar_t values across objects may fail
D:/singlechip/gcc+gdb+openocd/tools/arm-gnu-toolchain-13.3.rel1-ming/bin/../lib/gcc/arm-none-eabi/13.3.1/../../../../arm-none-eabi/bin/ld.exe: warning: CMakeFiles/X_Track_App_GCC.dir/D_/github/my/E-Track/USER/App/Utils/PageManager/PM_State.cpp.obj uses 2-byte wchar_t yet the output is to use 4-byte wchar_t; use of wchar_t values across objects may fail
D:/singlechip/gcc+gdb+openocd/tools/arm-gnu-toolchain-13.3.rel1-ming/bin/../lib/gcc/arm-none-eabi/13.3.1/../../../../arm-none-eabi/bin/ld.exe: warning: CMakeFiles/X_Track_App_GCC.dir/D_/github/my/E-Track/USER/App/Utils/PageManager/PageBase.cpp.obj uses 2-byte wchar_t yet the output is to use 4-byte wchar_t; use of wchar_t values across objects may fail
D:/singlechip/gcc+gdb+openocd/tools/arm-gnu-toolchain-13.3.rel1-ming/bin/../lib/gcc/arm-none-eabi/13.3.1/../../../../arm-none-eabi/bin/ld.exe: warning: CMakeFiles/X_Track_App_GCC.dir/D_/github/my/E-Track/USER/App/Utils/PointContainer/PointContainer.cpp.obj uses 2-byte wchar_t yet the output is to use 4-byte wchar_t; use of wchar_t values across objects may fail
D:/singlechip/gcc+gdb+openocd/tools/arm-gnu-toolchain-13.3.rel1-ming/bin/../lib/gcc/arm-none-eabi/13.3.1/../../../../arm-none-eabi/bin/ld.exe: warning: CMakeFiles/X_Track_App_GCC.dir/D_/github/my/E-Track/USER/App/Utils/ResourceManager/ResourceManager.cpp.obj uses 2-byte wchar_t yet the output is to use 4-byte wchar_t; use of wchar_t values across objects may fail
D:/singlechip/gcc+gdb+openocd/tools/arm-gnu-toolchain-13.3.rel1-ming/bin/../lib/gcc/arm-none-eabi/13.3.1/../../../../arm-none-eabi/bin/ld.exe: warning: CMakeFiles/X_Track_App_GCC.dir/D_/github/my/E-Track/USER/App/Utils/StorageService/StorageService.cpp.obj uses 2-byte wchar_t yet the output is to use 4-byte wchar_t; use of wchar_t values across objects may fail
D:/singlechip/gcc+gdb+openocd/tools/arm-gnu-toolchain-13.3.rel1-ming/bin/../lib/gcc/arm-none-eabi/13.3.1/../../../../arm-none-eabi/bin/ld.exe: warning: CMakeFiles/X_Track_App_GCC.dir/D_/github/my/E-Track/USER/App/Utils/TileConv/TileConv.cpp.obj uses 2-byte wchar_t yet the output is to use 4-byte wchar_t; use of wchar_t values across objects may fail
D:/singlechip/gcc+gdb+openocd/tools/arm-gnu-toolchain-13.3.rel1-ming/bin/../lib/gcc/arm-none-eabi/13.3.1/../../../../arm-none-eabi/bin/ld.exe: warning: CMakeFiles/X_Track_App_GCC.dir/D_/github/my/E-Track/USER/App/Utils/Time/DateStrings.cpp.obj uses 2-byte wchar_t yet the output is to use 4-byte wchar_t; use of wchar_t values across objects may fail
D:/singlechip/gcc+gdb+openocd/tools/arm-gnu-toolchain-13.3.rel1-ming/bin/../lib/gcc/arm-none-eabi/13.3.1/../../../../arm-none-eabi/bin/ld.exe: warning: CMakeFiles/X_Track_App_GCC.dir/D_/github/my/E-Track/USER/App/Utils/Time/Time.cpp.obj uses 2-byte wchar_t yet the output is to use 4-byte wchar_t; use of wchar_t values across objects may fail
D:/singlechip/gcc+gdb+openocd/tools/arm-gnu-toolchain-13.3.rel1-ming/bin/../lib/gcc/arm-none-eabi/13.3.1/../../../../arm-none-eabi/bin/ld.exe: warning: CMakeFiles/X_Track_App_GCC.dir/D_/github/my/E-Track/USER/App/Utils/TonePlayer/TonePlayer.cpp.obj uses 2-byte wchar_t yet the output is to use 4-byte wchar_t; use of wchar_t values across objects may fail
D:/singlechip/gcc+gdb+openocd/tools/arm-gnu-toolchain-13.3.rel1-ming/bin/../lib/gcc/arm-none-eabi/13.3.1/../../../../arm-none-eabi/bin/ld.exe: warning: CMakeFiles/X_Track_App_GCC.dir/D_/github/my/E-Track/USER/App/Utils/TrackFilter/TrackLineFilter.cpp.obj uses 2-byte wchar_t yet the output is to use 4-byte wchar_t; use of wchar_t values across objects may fail
D:/singlechip/gcc+gdb+openocd/tools/arm-gnu-toolchain-13.3.rel1-ming/bin/../lib/gcc/arm-none-eabi/13.3.1/../../../../arm-none-eabi/bin/ld.exe: warning: CMakeFiles/X_Track_App_GCC.dir/D_/github/my/E-Track/USER/App/Utils/TrackFilter/TrackPointFilter.cpp.obj uses 2-byte wchar_t yet the output is to use 4-byte wchar_t; use of wchar_t values across objects may fail
D:/singlechip/gcc+gdb+openocd/tools/arm-gnu-toolchain-13.3.rel1-ming/bin/../lib/gcc/arm-none-eabi/13.3.1/../../../../arm-none-eabi/bin/ld.exe: warning: CMakeFiles/X_Track_App_GCC.dir/D_/github/my/E-Track/USER/App/Utils/lv_anim_label/lv_anim_label.c.obj uses 2-byte wchar_t yet the output is to use 4-byte wchar_t; use of wchar_t values across objects may fail
D:/singlechip/gcc+gdb+openocd/tools/arm-gnu-toolchain-13.3.rel1-ming/bin/../lib/gcc/arm-none-eabi/13.3.1/../../../../arm-none-eabi/bin/ld.exe: warning: CMakeFiles/X_Track_App_GCC.dir/D_/github/my/E-Track/USER/App/Utils/lv_ext/lv_anim_timeline_wrapper.c.obj uses 2-byte wchar_t yet the output is to use 4-byte wchar_t; use of wchar_t values across objects may fail
D:/singlechip/gcc+gdb+openocd/tools/arm-gnu-toolchain-13.3.rel1-ming/bin/../lib/gcc/arm-none-eabi/13.3.1/../../../../arm-none-eabi/bin/ld.exe: warning: CMakeFiles/X_Track_App_GCC.dir/D_/github/my/E-Track/USER/App/Utils/lv_ext/lv_obj_ext_func.cpp.obj uses 2-byte wchar_t yet the output is to use 4-byte wchar_t; use of wchar_t values across objects may fail
D:/singlechip/gcc+gdb+openocd/tools/arm-gnu-toolchain-13.3.rel1-ming/bin/../lib/gcc/arm-none-eabi/13.3.1/../../../../arm-none-eabi/bin/ld.exe: warning: CMakeFiles/X_Track_App_GCC.dir/D_/github/my/E-Track/USER/App/Utils/lv_img_png/PNGdec/src/PNGdec.cpp.obj uses 2-byte wchar_t yet the output is to use 4-byte wchar_t; use of wchar_t values across objects may fail
D:/singlechip/gcc+gdb+openocd/tools/arm-gnu-toolchain-13.3.rel1-ming/bin/../lib/gcc/arm-none-eabi/13.3.1/../../../../arm-none-eabi/bin/ld.exe: warning: CMakeFiles/X_Track_App_GCC.dir/D_/github/my/E-Track/USER/App/Utils/lv_img_png/PNGdec/src/adler32.c.obj uses 2-byte wchar_t yet the output is to use 4-byte wchar_t; use of wchar_t values across objects may fail
D:/singlechip/gcc+gdb+openocd/tools/arm-gnu-toolchain-13.3.rel1-ming/bin/../lib/gcc/arm-none-eabi/13.3.1/../../../../arm-none-eabi/bin/ld.exe: warning: CMakeFiles/X_Track_App_GCC.dir/D_/github/my/E-Track/USER/App/Utils/lv_img_png/PNGdec/src/crc32.c.obj uses 2-byte wchar_t yet the output is to use 4-byte wchar_t; use of wchar_t values across objects may fail
D:/singlechip/gcc+gdb+openocd/tools/arm-gnu-toolchain-13.3.rel1-ming/bin/../lib/gcc/arm-none-eabi/13.3.1/../../../../arm-none-eabi/bin/ld.exe: warning: CMakeFiles/X_Track_App_GCC.dir/D_/github/my/E-Track/USER/App/Utils/lv_img_png/PNGdec/src/infback.c.obj uses 2-byte wchar_t yet the output is to use 4-byte wchar_t; use of wchar_t values across objects may fail
D:/singlechip/gcc+gdb+openocd/tools/arm-gnu-toolchain-13.3.rel1-ming/bin/../lib/gcc/arm-none-eabi/13.3.1/../../../../arm-none-eabi/bin/ld.exe: warning: CMakeFiles/X_Track_App_GCC.dir/D_/github/my/E-Track/USER/App/Utils/lv_img_png/PNGdec/src/inffast.c.obj uses 2-byte wchar_t yet the output is to use 4-byte wchar_t; use of wchar_t values across objects may fail
D:/singlechip/gcc+gdb+openocd/tools/arm-gnu-toolchain-13.3.rel1-ming/bin/../lib/gcc/arm-none-eabi/13.3.1/../../../../arm-none-eabi/bin/ld.exe: warning: CMakeFiles/X_Track_App_GCC.dir/D_/github/my/E-Track/USER/App/Utils/lv_img_png/PNGdec/src/inflate.c.obj uses 2-byte wchar_t yet the output is to use 4-byte wchar_t; use of wchar_t values across objects may fail
D:/singlechip/gcc+gdb+openocd/tools/arm-gnu-toolchain-13.3.rel1-ming/bin/../lib/gcc/arm-none-eabi/13.3.1/../../../../arm-none-eabi/bin/ld.exe: warning: CMakeFiles/X_Track_App_GCC.dir/D_/github/my/E-Track/USER/App/Utils/lv_img_png/PNGdec/src/inftrees.c.obj uses 2-byte wchar_t yet the output is to use 4-byte wchar_t; use of wchar_t values across objects may fail
D:/singlechip/gcc+gdb+openocd/tools/arm-gnu-toolchain-13.3.rel1-ming/bin/../lib/gcc/arm-none-eabi/13.3.1/../../../../arm-none-eabi/bin/ld.exe: warning: CMakeFiles/X_Track_App_GCC.dir/D_/github/my/E-Track/USER/App/Utils/lv_img_png/PNGdec/src/zutil.c.obj uses 2-byte wchar_t yet the output is to use 4-byte wchar_t; use of wchar_t values across objects may fail
D:/singlechip/gcc+gdb+openocd/tools/arm-gnu-toolchain-13.3.rel1-ming/bin/../lib/gcc/arm-none-eabi/13.3.1/../../../../arm-none-eabi/bin/ld.exe: warning: CMakeFiles/X_Track_App_GCC.dir/D_/github/my/E-Track/USER/App/Utils/lv_img_png/lv_img_png.cpp.obj uses 2-byte wchar_t yet the output is to use 4-byte wchar_t; use of wchar_t values across objects may fail
D:/singlechip/gcc+gdb+openocd/tools/arm-gnu-toolchain-13.3.rel1-ming/bin/../lib/gcc/arm-none-eabi/13.3.1/../../../../arm-none-eabi/bin/ld.exe: warning: CMakeFiles/X_Track_App_GCC.dir/D_/github/my/E-Track/USER/App/Utils/lv_poly_line/lv_poly_line.cpp.obj uses 2-byte wchar_t yet the output is to use 4-byte wchar_t; use of wchar_t values across objects may fail
D:/singlechip/gcc+gdb+openocd/tools/arm-gnu-toolchain-13.3.rel1-ming/bin/../lib/gcc/arm-none-eabi/13.3.1/../../../../arm-none-eabi/bin/ld.exe: warning: CMakeFiles/X_Track_App_GCC.dir/D_/github/my/E-Track/USER/App/Utils/new/new.cpp.obj uses 2-byte wchar_t yet the output is to use 4-byte wchar_t; use of wchar_t values across objects may fail
D:/singlechip/gcc+gdb+openocd/tools/arm-gnu-toolchain-13.3.rel1-ming/bin/../lib/gcc/arm-none-eabi/13.3.1/../../../../arm-none-eabi/bin/ld.exe: warning: CMakeFiles/X_Track_App_GCC.dir/D_/github/my/E-Track/USER/HAL/HAL.cpp.obj uses 2-byte wchar_t yet the output is to use 4-byte wchar_t; use of wchar_t values across objects may fail
D:/singlechip/gcc+gdb+openocd/tools/arm-gnu-toolchain-13.3.rel1-ming/bin/../lib/gcc/arm-none-eabi/13.3.1/../../../../arm-none-eabi/bin/ld.exe: warning: CMakeFiles/X_Track_App_GCC.dir/D_/github/my/E-Track/USER/HAL/HAL_Audio.cpp.obj uses 2-byte wchar_t yet the output is to use 4-byte wchar_t; use of wchar_t values across objects may fail
D:/singlechip/gcc+gdb+openocd/tools/arm-gnu-toolchain-13.3.rel1-ming/bin/../lib/gcc/arm-none-eabi/13.3.1/../../../../arm-none-eabi/bin/ld.exe: warning: CMakeFiles/X_Track_App_GCC.dir/D_/github/my/E-Track/USER/HAL/HAL_Backlight.cpp.obj uses 2-byte wchar_t yet the output is to use 4-byte wchar_t; use of wchar_t values across objects may fail
D:/singlechip/gcc+gdb+openocd/tools/arm-gnu-toolchain-13.3.rel1-ming/bin/../lib/gcc/arm-none-eabi/13.3.1/../../../../arm-none-eabi/bin/ld.exe: warning: CMakeFiles/X_Track_App_GCC.dir/D_/github/my/E-Track/USER/HAL/HAL_Bluetooth.cpp.obj uses 2-byte wchar_t yet the output is to use 4-byte wchar_t; use of wchar_t values across objects may fail
D:/singlechip/gcc+gdb+openocd/tools/arm-gnu-toolchain-13.3.rel1-ming/bin/../lib/gcc/arm-none-eabi/13.3.1/../../../../arm-none-eabi/bin/ld.exe: warning: CMakeFiles/X_Track_App_GCC.dir/D_/github/my/E-Track/USER/HAL/HAL_Buzz.cpp.obj uses 2-byte wchar_t yet the output is to use 4-byte wchar_t; use of wchar_t values across objects may fail
D:/singlechip/gcc+gdb+openocd/tools/arm-gnu-toolchain-13.3.rel1-ming/bin/../lib/gcc/arm-none-eabi/13.3.1/../../../../arm-none-eabi/bin/ld.exe: warning: CMakeFiles/X_Track_App_GCC.dir/D_/github/my/E-Track/USER/HAL/HAL_Clock.cpp.obj uses 2-byte wchar_t yet the output is to use 4-byte wchar_t; use of wchar_t values across objects may fail
D:/singlechip/gcc+gdb+openocd/tools/arm-gnu-toolchain-13.3.rel1-ming/bin/../lib/gcc/arm-none-eabi/13.3.1/../../../../arm-none-eabi/bin/ld.exe: warning: CMakeFiles/X_Track_App_GCC.dir/D_/github/my/E-Track/USER/HAL/HAL_EEPROM.cpp.obj uses 2-byte wchar_t yet the output is to use 4-byte wchar_t; use of wchar_t values across objects may fail
D:/singlechip/gcc+gdb+openocd/tools/arm-gnu-toolchain-13.3.rel1-ming/bin/../lib/gcc/arm-none-eabi/13.3.1/../../../../arm-none-eabi/bin/ld.exe: warning: CMakeFiles/X_Track_App_GCC.dir/D_/github/my/E-Track/USER/HAL/HAL_Encoder.cpp.obj uses 2-byte wchar_t yet the output is to use 4-byte wchar_t; use of wchar_t values across objects may fail
D:/singlechip/gcc+gdb+openocd/tools/arm-gnu-toolchain-13.3.rel1-ming/bin/../lib/gcc/arm-none-eabi/13.3.1/../../../../arm-none-eabi/bin/ld.exe: warning: CMakeFiles/X_Track_App_GCC.dir/cmake/sources/HAL_FaultHandle_20e7c83ac691.cpp.obj uses 2-byte wchar_t yet the output is to use 4-byte wchar_t; use of wchar_t values across objects may fail
D:/singlechip/gcc+gdb+openocd/tools/arm-gnu-toolchain-13.3.rel1-ming/bin/../lib/gcc/arm-none-eabi/13.3.1/../../../../arm-none-eabi/bin/ld.exe: warning: CMakeFiles/X_Track_App_GCC.dir/D_/github/my/E-Track/USER/HAL/HAL_GPS.cpp.obj uses 2-byte wchar_t yet the output is to use 4-byte wchar_t; use of wchar_t values across objects may fail
D:/singlechip/gcc+gdb+openocd/tools/arm-gnu-toolchain-13.3.rel1-ming/bin/../lib/gcc/arm-none-eabi/13.3.1/../../../../arm-none-eabi/bin/ld.exe: warning: CMakeFiles/X_Track_App_GCC.dir/D_/github/my/E-Track/USER/HAL/HAL_GPS_Simulator.cpp.obj uses 2-byte wchar_t yet the output is to use 4-byte wchar_t; use of wchar_t values across objects may fail
D:/singlechip/gcc+gdb+openocd/tools/arm-gnu-toolchain-13.3.rel1-ming/bin/../lib/gcc/arm-none-eabi/13.3.1/../../../../arm-none-eabi/bin/ld.exe: warning: CMakeFiles/X_Track_App_GCC.dir/D_/github/my/E-Track/USER/HAL/HAL_I2C_Scan.cpp.obj uses 2-byte wchar_t yet the output is to use 4-byte wchar_t; use of wchar_t values across objects may fail
D:/singlechip/gcc+gdb+openocd/tools/arm-gnu-toolchain-13.3.rel1-ming/bin/../lib/gcc/arm-none-eabi/13.3.1/../../../../arm-none-eabi/bin/ld.exe: warning: CMakeFiles/X_Track_App_GCC.dir/D_/github/my/E-Track/USER/HAL/HAL_IMU.cpp.obj uses 2-byte wchar_t yet the output is to use 4-byte wchar_t; use of wchar_t values across objects may fail
D:/singlechip/gcc+gdb+openocd/tools/arm-gnu-toolchain-13.3.rel1-ming/bin/../lib/gcc/arm-none-eabi/13.3.1/../../../../arm-none-eabi/bin/ld.exe: warning: CMakeFiles/X_Track_App_GCC.dir/D_/github/my/E-Track/USER/HAL/HAL_MAG.cpp.obj uses 2-byte wchar_t yet the output is to use 4-byte wchar_t; use of wchar_t values across objects may fail
D:/singlechip/gcc+gdb+openocd/tools/arm-gnu-toolchain-13.3.rel1-ming/bin/../lib/gcc/arm-none-eabi/13.3.1/../../../../arm-none-eabi/bin/ld.exe: warning: CMakeFiles/X_Track_App_GCC.dir/D_/github/my/E-Track/USER/HAL/HAL_Memory.cpp.obj uses 2-byte wchar_t yet the output is to use 4-byte wchar_t; use of wchar_t values across objects may fail
D:/singlechip/gcc+gdb+openocd/tools/arm-gnu-toolchain-13.3.rel1-ming/bin/../lib/gcc/arm-none-eabi/13.3.1/../../../../arm-none-eabi/bin/ld.exe: warning: CMakeFiles/X_Track_App_GCC.dir/D_/github/my/E-Track/USER/HAL/HAL_OTA_Staging.cpp.obj uses 2-byte wchar_t yet the output is to use 4-byte wchar_t; use of wchar_t values across objects may fail
D:/singlechip/gcc+gdb+openocd/tools/arm-gnu-toolchain-13.3.rel1-ming/bin/../lib/gcc/arm-none-eabi/13.3.1/../../../../arm-none-eabi/bin/ld.exe: warning: CMakeFiles/X_Track_App_GCC.dir/D_/github/my/E-Track/USER/HAL/HAL_SD_CARD.cpp.obj uses 2-byte wchar_t yet the output is to use 4-byte wchar_t; use of wchar_t values across objects may fail
D:/singlechip/gcc+gdb+openocd/tools/arm-gnu-toolchain-13.3.rel1-ming/bin/../lib/gcc/arm-none-eabi/13.3.1/../../../../arm-none-eabi/bin/ld.exe: warning: CMakeFiles/X_Track_App_GCC.dir/D_/github/my/E-Track/USER/HAL/HAL_USB.cpp.obj uses 2-byte wchar_t yet the output is to use 4-byte wchar_t; use of wchar_t values across objects may fail
D:/singlechip/gcc+gdb+openocd/tools/arm-gnu-toolchain-13.3.rel1-ming/bin/../lib/gcc/arm-none-eabi/13.3.1/../../../../arm-none-eabi/bin/ld.exe: warning: CMakeFiles/X_Track_App_GCC.dir/D_/github/my/E-Track/USER/HAL/HAL_W25Q128.cpp.obj uses 2-byte wchar_t yet the output is to use 4-byte wchar_t; use of wchar_t values across objects may fail
D:/singlechip/gcc+gdb+openocd/tools/arm-gnu-toolchain-13.3.rel1-ming/bin/../lib/gcc/arm-none-eabi/13.3.1/../../../../arm-none-eabi/bin/ld.exe: warning: CMakeFiles/X_Track_App_GCC.dir/D_/github/my/E-Track/USER/lv_port/lv_port.cpp.obj uses 2-byte wchar_t yet the output is to use 4-byte wchar_t; use of wchar_t values across objects may fail
D:/singlechip/gcc+gdb+openocd/tools/arm-gnu-toolchain-13.3.rel1-ming/bin/../lib/gcc/arm-none-eabi/13.3.1/../../../../arm-none-eabi/bin/ld.exe: warning: CMakeFiles/X_Track_App_GCC.dir/D_/github/my/E-Track/USER/lv_port/lv_port_fs_sdfat.cpp.obj uses 2-byte wchar_t yet the output is to use 4-byte wchar_t; use of wchar_t values across objects may fail
D:/singlechip/gcc+gdb+openocd/tools/arm-gnu-toolchain-13.3.rel1-ming/bin/../lib/gcc/arm-none-eabi/13.3.1/../../../../arm-none-eabi/bin/ld.exe: warning: CMakeFiles/X_Track_App_GCC.dir/D_/github/my/E-Track/USER/lv_port/lv_port_indev.cpp.obj uses 2-byte wchar_t yet the output is to use 4-byte wchar_t; use of wchar_t values across objects may fail
D:/singlechip/gcc+gdb+openocd/tools/arm-gnu-toolchain-13.3.rel1-ming/bin/../lib/gcc/arm-none-eabi/13.3.1/../../../../arm-none-eabi/bin/ld.exe: warning: CMakeFiles/X_Track_App_GCC.dir/D_/github/my/E-Track/segger_rtt/SEGGER_RTT.c.obj uses 2-byte wchar_t yet the output is to use 4-byte wchar_t; use of wchar_t values across objects may fail
D:/singlechip/gcc+gdb+openocd/tools/arm-gnu-toolchain-13.3.rel1-ming/bin/../lib/gcc/arm-none-eabi/13.3.1/../../../../arm-none-eabi/bin/ld.exe: warning: CMakeFiles/X_Track_App_GCC.dir/D_/github/my/E-Track/segger_rtt/SEGGER_RTT_printf.c.obj uses 2-byte wchar_t yet the output is to use 4-byte wchar_t; use of wchar_t values across objects may fail
D:/singlechip/gcc+gdb+openocd/tools/arm-gnu-toolchain-13.3.rel1-ming/bin/../lib/gcc/arm-none-eabi/13.3.1/../../../../arm-none-eabi/bin/ld.exe: warning: CMakeFiles/X_Track_App_GCC.dir/cmake/gcc_runtime_compat.c.obj uses 2-byte wchar_t yet the output is to use 4-byte wchar_t; use of wchar_t values across objects may fail
D:/singlechip/gcc+gdb+openocd/tools/arm-gnu-toolchain-13.3.rel1-ming/bin/../lib/gcc/arm-none-eabi/13.3.1/../../../../arm-none-eabi/bin/ld.exe: warning: CMakeFiles/X_Track_App_GCC.dir/D_/github/my/E-Track/USER/main.cpp.obj uses 2-byte wchar_t yet the output is to use 4-byte wchar_t; use of wchar_t values across objects may fail
D:/singlechip/gcc+gdb+openocd/tools/arm-gnu-toolchain-13.3.rel1-ming/bin/../lib/gcc/arm-none-eabi/13.3.1/../../../../arm-none-eabi/bin/ld.exe: warning: CMakeFiles/X_Track_App_GCC.dir/D_/github/my/E-Track/USER/HAL/HAL_OTA_Package.cpp.obj uses 2-byte wchar_t yet the output is to use 4-byte wchar_t; use of wchar_t values across objects may fail
D:/singlechip/gcc+gdb+openocd/tools/arm-gnu-toolchain-13.3.rel1-ming/bin/../lib/gcc/arm-none-eabi/13.3.1/../../../../arm-none-eabi/bin/ld.exe: warning: CMakeFiles/X_Track_App_GCC.dir/D_/github/my/E-Track/USER/App/Pages/FirmwareUpdate/FirmwareUpdate.cpp.obj uses 2-byte wchar_t yet the output is to use 4-byte wchar_t; use of wchar_t values across objects may fail
D:/singlechip/gcc+gdb+openocd/tools/arm-gnu-toolchain-13.3.rel1-ming/bin/../lib/gcc/arm-none-eabi/13.3.1/../../../../arm-none-eabi/bin/ld.exe: warning: CMakeFiles/X_Track_App_GCC.dir/D_/github/my/E-Track/USER/App/Utils/OtaUpdate/OtaUpdate.cpp.obj uses 2-byte wchar_t yet the output is to use 4-byte wchar_t; use of wchar_t values across objects may fail
D:/singlechip/gcc+gdb+openocd/tools/arm-gnu-toolchain-13.3.rel1-ming/bin/../lib/gcc/arm-none-eabi/13.3.1/../../../../arm-none-eabi/bin/ld.exe: warning: CMakeFiles/X_Track_App_GCC.dir/D_/github/my/E-Track/Libraries/OTA/fw_header_placeholder.c.obj uses 2-byte wchar_t yet the output is to use 4-byte wchar_t; use of wchar_t values across objects may fail
D:/singlechip/gcc+gdb+openocd/tools/arm-gnu-toolchain-13.3.rel1-ming/bin/../lib/gcc/arm-none-eabi/13.3.1/../../../../arm-none-eabi/bin/ld.exe: warning: CMakeFiles/X_Track_App_GCC.dir/D_/github/my/E-Track/Libraries/OTA/ota_keys.c.obj uses 2-byte wchar_t yet the output is to use 4-byte wchar_t; use of wchar_t values across objects may fail
D:/singlechip/gcc+gdb+openocd/tools/arm-gnu-toolchain-13.3.rel1-ming/bin/../lib/gcc/arm-none-eabi/13.3.1/../../../../arm-none-eabi/bin/ld.exe: warning: CMakeFiles/X_Track_App_GCC.dir/D_/github/my/E-Track/Libraries/OTA/ota_backup.c.obj uses 2-byte wchar_t yet the output is to use 4-byte wchar_t; use of wchar_t values across objects may fail
D:/singlechip/gcc+gdb+openocd/tools/arm-gnu-toolchain-13.3.rel1-ming/bin/../lib/gcc/arm-none-eabi/13.3.1/../../../../arm-none-eabi/bin/ld.exe: warning: CMakeFiles/X_Track_App_GCC.dir/D_/github/my/E-Track/Libraries/OTA/ota_package.c.obj uses 2-byte wchar_t yet the output is to use 4-byte wchar_t; use of wchar_t values across objects may fail
D:/singlechip/gcc+gdb+openocd/tools/arm-gnu-toolchain-13.3.rel1-ming/bin/../lib/gcc/arm-none-eabi/13.3.1/../../../../arm-none-eabi/bin/ld.exe: warning: CMakeFiles/X_Track_App_GCC.dir/D_/github/my/E-Track/Libraries/OTA/ota_patch.c.obj uses 2-byte wchar_t yet the output is to use 4-byte wchar_t; use of wchar_t values across objects may fail
D:/singlechip/gcc+gdb+openocd/tools/arm-gnu-toolchain-13.3.rel1-ming/bin/../lib/gcc/arm-none-eabi/13.3.1/../../../../arm-none-eabi/bin/ld.exe: warning: CMakeFiles/X_Track_App_GCC.dir/D_/github/my/E-Track/Libraries/OTA/ota_sd.c.obj uses 2-byte wchar_t yet the output is to use 4-byte wchar_t; use of wchar_t values across objects may fail
D:/singlechip/gcc+gdb+openocd/tools/arm-gnu-toolchain-13.3.rel1-ming/bin/../lib/gcc/arm-none-eabi/13.3.1/../../../../arm-none-eabi/bin/ld.exe: warning: CMakeFiles/X_Track_App_GCC.dir/D_/github/my/E-Track/Libraries/OTA/ota_slot_header.c.obj uses 2-byte wchar_t yet the output is to use 4-byte wchar_t; use of wchar_t values across objects may fail
D:/singlechip/gcc+gdb+openocd/tools/arm-gnu-toolchain-13.3.rel1-ming/bin/../lib/gcc/arm-none-eabi/13.3.1/../../../../arm-none-eabi/bin/ld.exe: warning: CMakeFiles/X_Track_App_GCC.dir/D_/github/my/E-Track/Libraries/OTA/ota_staging.c.obj uses 2-byte wchar_t yet the output is to use 4-byte wchar_t; use of wchar_t values across objects may fail
D:/singlechip/gcc+gdb+openocd/tools/arm-gnu-toolchain-13.3.rel1-ming/bin/../lib/gcc/arm-none-eabi/13.3.1/../../../../arm-none-eabi/bin/ld.exe: warning: CMakeFiles/X_Track_App_GCC.dir/D_/github/my/E-Track/Libraries/OTA/ota_ble_ring.c.obj uses 2-byte wchar_t yet the output is to use 4-byte wchar_t; use of wchar_t values across objects may fail
D:/singlechip/gcc+gdb+openocd/tools/arm-gnu-toolchain-13.3.rel1-ming/bin/../lib/gcc/arm-none-eabi/13.3.1/../../../../arm-none-eabi/bin/ld.exe: warning: CMakeFiles/X_Track_App_GCC.dir/D_/github/my/E-Track/Libraries/OTA/ota_ble_frame.c.obj uses 2-byte wchar_t yet the output is to use 4-byte wchar_t; use of wchar_t values across objects may fail
D:/singlechip/gcc+gdb+openocd/tools/arm-gnu-toolchain-13.3.rel1-ming/bin/../lib/gcc/arm-none-eabi/13.3.1/../../../../arm-none-eabi/bin/ld.exe: warning: CMakeFiles/X_Track_App_GCC.dir/D_/github/my/E-Track/Libraries/OTA/ota_ble_session.c.obj uses 2-byte wchar_t yet the output is to use 4-byte wchar_t; use of wchar_t values across objects may fail
D:/singlechip/gcc+gdb+openocd/tools/arm-gnu-toolchain-13.3.rel1-ming/bin/../lib/gcc/arm-none-eabi/13.3.1/../../../../arm-none-eabi/bin/ld.exe: warning: CMakeFiles/X_Track_App_GCC.dir/D_/github/my/E-Track/Libraries/OTA/ota_confirm_health.c.obj uses 2-byte wchar_t yet the output is to use 4-byte wchar_t; use of wchar_t values across objects may fail
D:/singlechip/gcc+gdb+openocd/tools/arm-gnu-toolchain-13.3.rel1-ming/bin/../lib/gcc/arm-none-eabi/13.3.1/../../../../arm-none-eabi/bin/ld.exe: warning: CMakeFiles/X_Track_App_GCC.dir/D_/github/my/E-Track/Libraries/OTA/ota_vtor_check.c.obj uses 2-byte wchar_t yet the output is to use 4-byte wchar_t; use of wchar_t values across objects may fail
D:/singlechip/gcc+gdb+openocd/tools/arm-gnu-toolchain-13.3.rel1-ming/bin/../lib/gcc/arm-none-eabi/13.3.1/../../../../arm-none-eabi/bin/ld.exe: warning: CMakeFiles/X_Track_App_GCC.dir/D_/github/my/E-Track/boot/src/boot_crc32.c.obj uses 2-byte wchar_t yet the output is to use 4-byte wchar_t; use of wchar_t values across objects may fail
D:/singlechip/gcc+gdb+openocd/tools/arm-gnu-toolchain-13.3.rel1-ming/bin/../lib/gcc/arm-none-eabi/13.3.1/../../../../arm-none-eabi/bin/ld.exe: warning: CMakeFiles/X_Track_App_GCC.dir/D_/github/my/E-Track/boot/src/boot_sha256.c.obj uses 2-byte wchar_t yet the output is to use 4-byte wchar_t; use of wchar_t values across objects may fail
D:/singlechip/gcc+gdb+openocd/tools/arm-gnu-toolchain-13.3.rel1-ming/bin/../lib/gcc/arm-none-eabi/13.3.1/../../../../arm-none-eabi/bin/ld.exe: warning: CMakeFiles/X_Track_App_GCC.dir/D_/github/my/E-Track/boot/src/boot_fw_header.c.obj uses 2-byte wchar_t yet the output is to use 4-byte wchar_t; use of wchar_t values across objects may fail
D:/singlechip/gcc+gdb+openocd/tools/arm-gnu-toolchain-13.3.rel1-ming/bin/../lib/gcc/arm-none-eabi/13.3.1/../../../../arm-none-eabi/bin/ld.exe: warning: CMakeFiles/X_Track_App_GCC.dir/D_/github/my/E-Track/bsdiff_lzma_AES128-main/bspatch/AES128_CTR/aes_core.c.obj uses 2-byte wchar_t yet the output is to use 4-byte wchar_t; use of wchar_t values across objects may fail
D:/singlechip/gcc+gdb+openocd/tools/arm-gnu-toolchain-13.3.rel1-ming/bin/../lib/gcc/arm-none-eabi/13.3.1/../../../../arm-none-eabi/bin/ld.exe: warning: CMakeFiles/X_Track_App_GCC.dir/D_/github/my/E-Track/bsdiff_lzma_AES128-main/bspatch/lzma/LzmaDec.c.obj uses 2-byte wchar_t yet the output is to use 4-byte wchar_t; use of wchar_t values across objects may fail
D:/singlechip/gcc+gdb+openocd/tools/arm-gnu-toolchain-13.3.rel1-ming/bin/../lib/gcc/arm-none-eabi/13.3.1/../../../../arm-none-eabi/bin/ld.exe: warning: app-gcc\X-Track-App-GCC.elf has a LOAD segment with RWX permissions
Memory region         Used Size  Region Size  %age Used
           FLASH:      602864 B       960 KB     61.33%
             RAM:        352 KB       352 KB    100.00%
        RW_IRAM2:        160 KB       160 KB    100.00%
   text	   data	    bss	    dec	    hex	filename
 601432	    932	 561688	1164052	 11c314	D:/github/my/E-Track/.cache/p3-1-acceptance/build-verify/app-gcc/X-Track-App-GCC.elf
build_exit=0
